# Blender 4.5.2 LTS
# www.blender.org
mtllib texture_painting.mtl
o RetopoModel
v -0.072612 -0.723507 0.174528
v -0.070966 -0.729631 0.044285
v 0.000000 -0.730441 0.022841
v 0.000000 -0.719491 0.193732
v -0.103675 -0.728830 0.110397
v -0.019991 -1.139012 0.139753
v -0.017347 -1.136442 0.099783
v 0.000000 -1.141146 0.099874
v 0.000000 -1.143172 0.141090
v -0.025436 -1.146485 0.119082
v -0.000000 -1.156996 0.120466
v -0.061887 -1.063781 0.115321
v -0.043741 -1.064458 0.160712
v 0.000000 -1.065179 0.177914
v -0.039421 -1.061586 0.074011
v -0.000000 -1.061645 0.060207
v -0.078609 -0.870241 0.190136
v 0.000000 -0.868932 0.228813
v -0.105913 -0.872591 0.111229
v -0.074405 -0.873391 0.037937
v 0.000000 -0.874401 0.003658
v 0.072612 -0.723507 0.174528
v 0.070966 -0.729631 0.044285
v 0.103675 -0.728830 0.110397
v 0.019991 -1.139012 0.139753
v 0.017347 -1.136442 0.099783
v 0.025436 -1.146485 0.119082
v 0.061887 -1.063781 0.115321
v 0.043741 -1.064458 0.160712
v 0.039421 -1.061586 0.074011
v 0.078609 -0.870241 0.190136
v 0.105913 -0.872591 0.111229
v 0.074405 -0.873391 0.037937
v -0.037171 -0.730103 0.027820
v -0.038451 -0.720616 0.189934
v -0.095892 -0.726665 0.146178
v -0.008822 -1.140309 0.099989
v -0.010287 -1.142577 0.140528
v -0.023556 -1.144973 0.131341
v -0.041514 -1.119606 0.117426
v -0.024823 -1.115242 0.090439
v 0.000000 -1.115013 0.084674
v -0.000000 -1.154090 0.130327
v 0.000000 -1.153121 0.110868
v -0.010957 -1.155877 0.120175
v -0.028362 -1.118454 0.147211
v 0.000000 -1.118685 0.155296
v -0.020531 -1.061434 0.063648
v -0.023345 -1.064869 0.173491
v -0.058278 -1.064401 0.140332
v -0.055012 -1.062787 0.091588
v -0.021272 -1.143023 0.107710
v -0.094768 -0.729518 0.073977
v -0.083379 -0.788037 0.191282
v 0.000000 -0.783683 0.227278
v -0.086518 -0.972355 0.113037
v -0.058922 -0.972000 0.053507
v 0.000000 -0.973085 0.027780
v -0.063427 -0.972248 0.177954
v -0.000000 -0.973025 0.208251
v -0.113363 -0.792889 0.110391
v -0.079869 -0.793616 0.033024
v -0.000000 -0.793780 0.000056
v -0.040974 -0.873988 0.013603
v -0.096645 -0.873043 0.071713
v -0.043847 -0.869272 0.217594
v -0.099865 -0.871545 0.152682
v 0.037171 -0.730103 0.027820
v 0.038451 -0.720616 0.189934
v 0.095892 -0.726665 0.146178
v 0.008822 -1.140309 0.099989
v 0.010287 -1.142577 0.140528
v 0.023556 -1.144973 0.131341
v 0.041514 -1.119606 0.117426
v 0.024823 -1.115242 0.090439
v 0.010957 -1.155877 0.120175
v 0.028362 -1.118454 0.147211
v 0.020531 -1.061434 0.063648
v 0.023345 -1.064869 0.173491
v 0.058278 -1.064401 0.140332
v 0.055012 -1.062787 0.091588
v 0.021272 -1.143023 0.107710
v 0.094768 -0.729518 0.073977
v 0.083379 -0.788037 0.191282
v 0.086518 -0.972355 0.113037
v 0.058922 -0.972000 0.053507
v 0.063427 -0.972248 0.177954
v 0.113363 -0.792889 0.110391
v 0.079869 -0.793616 0.033024
v 0.040974 -0.873988 0.013603
v 0.096645 -0.873043 0.071713
v 0.043847 -0.869272 0.217594
v 0.099865 -0.871545 0.152682
v -0.038524 -1.119590 0.134351
v -0.014566 -1.118623 0.153680
v -0.035883 -1.117759 0.101371
v -0.012296 -1.114881 0.085827
v -0.009348 -1.151764 0.110431
v -0.010260 -1.153141 0.130353
v -0.081685 -0.972360 0.147597
v -0.035041 -0.972627 0.199521
v -0.078348 -0.972154 0.080235
v -0.031981 -0.972556 0.035095
v -0.043305 -0.793708 0.009014
v -0.104235 -0.793557 0.068607
v -0.045796 -0.785067 0.217577
v -0.106727 -0.790967 0.153300
v 0.038524 -1.119590 0.134351
v 0.014566 -1.118623 0.153680
v 0.035884 -1.117759 0.101371
v 0.012296 -1.114881 0.085827
v 0.009348 -1.151764 0.110431
v 0.010260 -1.153141 0.130353
v 0.081685 -0.972359 0.147597
v 0.035041 -0.972627 0.199521
v 0.078348 -0.972154 0.080235
v 0.031981 -0.972556 0.035095
v 0.043305 -0.793708 0.009014
v 0.104235 -0.793557 0.068607
v 0.045796 -0.785067 0.217577
v 0.106727 -0.790967 0.153300
vn -0.6582 0.2984 0.6912
vn -0.6497 0.2263 -0.7257
vn -0.0000 0.3184 -0.9479
vn -0.0000 0.4368 0.8995
vn -0.9865 0.1624 -0.0236
vn -0.4601 -0.5391 0.7055
vn -0.3824 -0.5355 -0.7530
vn -0.0000 -0.5938 -0.8046
vn -0.0000 -0.6035 0.7973
vn -0.7057 -0.7008 -0.1037
vn -0.0000 -0.9985 -0.0540
vn -0.9487 -0.3076 -0.0726
vn -0.6593 -0.3129 0.6837
vn -0.0000 -0.3410 0.9401
vn -0.5873 -0.3384 -0.7352
vn -0.0000 -0.3718 -0.9283
vn -0.7402 -0.1170 0.6621
vn -0.0000 -0.0918 0.9958
vn -0.9890 -0.1426 -0.0396
vn -0.7041 -0.1507 -0.6940
vn -0.0000 -0.1439 -0.9896
vn 0.6582 0.2984 0.6912
vn 0.6497 0.2263 -0.7257
vn 0.9865 0.1624 -0.0236
vn 0.4601 -0.5391 0.7055
vn 0.3824 -0.5355 -0.7530
vn 0.7057 -0.7008 -0.1037
vn 0.9487 -0.3076 -0.0726
vn 0.6593 -0.3129 0.6837
vn 0.5873 -0.3384 -0.7352
vn 0.7402 -0.1170 0.6621
vn 0.9890 -0.1426 -0.0396
vn 0.7041 -0.1507 -0.6940
vn -0.3257 0.2885 -0.9004
vn -0.3242 0.3957 0.8593
vn -0.9058 0.2058 0.3703
vn -0.1724 -0.5887 -0.7897
vn -0.2019 -0.6014 0.7731
vn -0.6239 -0.6618 0.4155
vn -0.8928 -0.4400 -0.0964
vn -0.4777 -0.4319 -0.7650
vn -0.0000 -0.4534 -0.8913
vn -0.0000 -0.8628 0.5055
vn -0.0000 -0.8260 -0.5637
vn -0.3232 -0.9433 -0.0753
vn -0.5693 -0.4139 0.7104
vn -0.0000 -0.4376 0.8992
vn -0.3119 -0.3605 -0.8791
vn -0.3530 -0.3306 0.8753
vn -0.8858 -0.3054 0.3492
vn -0.8257 -0.3207 -0.4641
vn -0.5451 -0.6338 -0.5488
vn -0.8952 0.1745 -0.4100
vn -0.7120 0.1232 0.6913
vn -0.0000 0.2257 0.9742
vn -0.9724 -0.2273 -0.0529
vn -0.6680 -0.2569 -0.6985
vn -0.0000 -0.2849 -0.9586
vn -0.7176 -0.2289 0.6578
vn -0.0000 -0.2479 0.9688
vn -0.9990 0.0326 -0.0317
vn -0.6873 0.0692 -0.7231
vn -0.0000 0.1318 -0.9913
vn -0.4028 -0.1462 -0.9035
vn -0.9056 -0.1496 -0.3968
vn -0.4254 -0.0997 0.8995
vn -0.9338 -0.1321 0.3325
vn 0.3257 0.2885 -0.9004
vn 0.3242 0.3957 0.8593
vn 0.9058 0.2058 0.3703
vn 0.1724 -0.5887 -0.7897
vn 0.2019 -0.6014 0.7731
vn 0.6239 -0.6618 0.4155
vn 0.8928 -0.4400 -0.0964
vn 0.4777 -0.4319 -0.7650
vn 0.3232 -0.9433 -0.0753
vn 0.5693 -0.4139 0.7104
vn 0.3119 -0.3605 -0.8791
vn 0.3530 -0.3306 0.8753
vn 0.8858 -0.3054 0.3492
vn 0.8257 -0.3207 -0.4641
vn 0.5451 -0.6338 -0.5488
vn 0.8952 0.1745 -0.4100
vn 0.7120 0.1232 0.6913
vn 0.9724 -0.2273 -0.0529
vn 0.6680 -0.2569 -0.6985
vn 0.7176 -0.2289 0.6578
vn 0.9990 0.0326 -0.0317
vn 0.6873 0.0692 -0.7231
vn 0.4028 -0.1462 -0.9035
vn 0.9056 -0.1496 -0.3968
vn 0.4254 -0.0997 0.8995
vn 0.9338 -0.1321 0.3325
vn -0.8257 -0.4247 0.3712
vn -0.2609 -0.4276 0.8655
vn -0.7405 -0.4357 -0.5118
vn -0.2157 -0.4443 -0.8695
vn -0.2441 -0.7913 -0.5606
vn -0.2676 -0.8398 0.4723
vn -0.9167 -0.2237 0.3311
vn -0.4114 -0.2405 0.8791
vn -0.8767 -0.2400 -0.4169
vn -0.3807 -0.2752 -0.8828
vn -0.3685 0.1113 -0.9229
vn -0.9124 0.0375 -0.4075
vn -0.3812 0.1935 0.9040
vn -0.9326 0.0615 0.3557
vn 0.8257 -0.4247 0.3712
vn 0.2609 -0.4276 0.8655
vn 0.7405 -0.4357 -0.5118
vn 0.2157 -0.4443 -0.8695
vn 0.2441 -0.7913 -0.5606
vn 0.2676 -0.8398 0.4723
vn 0.9167 -0.2237 0.3311
vn 0.4114 -0.2405 0.8791
vn 0.8767 -0.2400 -0.4169
vn 0.3807 -0.2752 -0.8828
vn 0.3685 0.1113 -0.9229
vn 0.9124 0.0375 -0.4075
vn 0.3812 0.1935 0.9040
vn 0.9326 0.0615 0.3557
vt 0.085732 0.966813
vt 0.088552 0.966795
vt 0.089379 0.984353
vt 0.087600 0.983991
vt 0.092012 0.966598
vt 0.091721 0.984358
vt 0.091492 0.992909
vt 0.089796 0.992428
vt 0.088632 0.990532
vt 0.083353 0.967042
vt 0.083965 0.966944
vt 0.086705 0.984045
vt 0.086482 0.984065
vt 0.088525 0.991666
vt 0.088447 0.991855
vt 0.095295 0.966281
vt 0.093942 0.983770
vt 0.097727 0.965899
vt 0.095454 0.982970
vt 0.094162 0.989714
vt 0.093065 0.991808
vt 0.099161 0.965851
vt 0.096092 0.982854
vt 0.099637 0.965918
vt 0.096252 0.982897
vt 0.094149 0.991211
vt 0.094133 0.990944
vt 0.092689 0.994589
vt 0.091340 0.995897
vt 0.092628 0.995020
vt 0.091300 0.996253
vt 0.089932 0.995027
vt 0.089936 0.995329
vt 0.081662 0.905024
vt 0.086843 0.905439
vt 0.087547 0.937512
vt 0.083347 0.937477
vt 0.092578 0.905772
vt 0.092328 0.937511
vt 0.076311 0.904608
vt 0.077863 0.904716
vt 0.080363 0.937598
vt 0.079156 0.937724
vt 0.098045 0.905916
vt 0.096866 0.937447
vt 0.102718 0.906026
vt 0.100564 0.937398
vt 0.106084 0.906216
vt 0.103111 0.937575
vt 0.107460 0.906348
vt 0.104123 0.937743
vt 0.101839 0.860290
vt 0.104117 0.860440
vt 0.106719 0.880676
vt 0.103397 0.880647
vt 0.104806 0.860548
vt 0.107958 0.880699
vt 0.092693 0.860036
vt 0.097732 0.860254
vt 0.098475 0.880628
vt 0.092694 0.880415
vt 0.081164 0.857064
vt 0.081690 0.857422
vt 0.077866 0.877927
vt 0.076523 0.877486
vt 0.083821 0.858342
vt 0.081503 0.878872
vt 0.087743 0.859347
vt 0.086758 0.879804
vt 0.089379 0.984353
vt 0.089796 0.992428
vt 0.095295 0.966281
vt 0.096092 0.982855
vt 0.106084 0.906216
vt 0.077865 0.877927
vt 0.081690 0.857422
s 1
usemtl Material.002
f 13/1/13 50/2/50 94/3/94 46/4/46
f 50/2/50 12/5/12 40/6/40 94/3/94
f 94/3/94 40/6/40 10/7/10 39/8/39
f 46/4/46 94/3/94 39/8/39 6/9/6
f 14/10/14 49/11/49 95/12/95 47/13/47
f 49/11/49 13/1/13 46/4/46 95/12/95
f 95/12/95 46/4/46 6/9/6 38/14/38
f 47/13/47 95/12/95 38/14/38 9/15/9
f 12/5/12 51/16/51 96/17/96 40/6/40
f 51/16/51 15/18/15 41/19/41 96/17/96
f 96/17/96 41/19/41 7/20/7 52/21/52
f 40/6/40 96/17/96 52/21/52 10/7/10
f 15/18/15 48/22/48 97/23/97 41/19/41
f 48/22/48 16/24/16 42/25/42 97/23/97
f 97/23/97 42/25/42 8/26/8 37/27/37
f 41/19/41 97/23/97 37/27/37 7/20/7
f 10/7/10 52/21/52 98/28/98 45/29/45
f 52/21/52 7/20/7 37/27/37 98/28/98
f 98/28/98 37/27/37 8/26/8 44/30/44
f 45/29/45 98/28/98 44/30/44 11/31/11
f 9/15/9 38/14/38 99/32/99 43/33/43
f 38/14/38 6/9/6 39/8/39 99/32/99
f 99/32/99 39/8/39 10/7/10 45/29/45
f 43/33/43 99/32/99 45/29/45 11/31/11
f 17/34/17 67/35/67 100/36/100 59/37/59
f 67/35/67 19/38/19 56/39/56 100/36/100
f 100/36/100 56/39/56 12/5/12 50/2/50
f 59/37/59 100/36/100 50/2/50 13/1/13
f 18/40/18 66/41/66 101/42/101 60/43/60
f 66/41/66 17/34/17 59/37/59 101/42/101
f 101/42/101 59/37/59 13/1/13 49/11/49
f 60/43/60 101/42/101 49/11/49 14/10/14
f 19/38/19 65/44/65 102/45/102 56/39/56
f 65/44/65 20/46/20 57/47/57 102/45/102
f 102/45/102 57/47/57 15/18/15 51/16/51
f 56/39/56 102/45/102 51/16/51 12/5/12
f 20/46/20 64/48/64 103/49/103 57/47/57
f 64/48/64 21/50/21 58/51/58 103/49/103
f 103/49/103 58/51/58 16/24/16 48/22/48
f 57/47/57 103/49/103 48/22/48 15/18/15
f 2/52/2 34/53/34 104/54/104 62/55/62
f 34/53/34 3/56/3 63/57/63 104/54/104
f 104/54/104 63/57/63 21/50/21 64/48/64
f 62/55/62 104/54/104 64/48/64 20/46/20
f 5/58/5 53/59/53 105/60/105 61/61/61
f 53/59/53 2/52/2 62/55/62 105/60/105
f 105/60/105 62/55/62 20/46/20 65/44/65
f 61/61/61 105/60/105 65/44/65 19/38/19
f 4/62/4 35/63/35 106/64/106 55/65/55
f 35/63/35 1/66/1 54/67/54 106/64/106
f 106/64/106 54/67/54 17/34/17 66/41/66
f 55/65/55 106/64/106 66/41/66 18/40/18
f 1/66/1 36/68/36 107/69/107 54/67/54
f 36/68/36 5/58/5 61/61/61 107/69/107
f 107/69/107 61/61/61 19/38/19 67/35/67
f 54/67/54 107/69/107 67/35/67 17/34/17
f 29/1/29 77/4/77 108/70/108 80/2/80
f 77/4/77 25/9/25 73/71/73 108/70/108
f 108/70/108 73/71/73 27/7/27 74/6/74
f 80/2/80 108/70/108 74/6/74 28/5/28
f 14/10/14 47/13/47 109/12/109 79/11/79
f 47/13/47 9/15/9 72/14/72 109/12/109
f 109/12/109 72/14/72 25/9/25 77/4/77
f 79/11/79 109/12/109 77/4/77 29/1/29
f 28/5/28 74/6/74 110/17/110 81/72/81
f 74/6/74 27/7/27 82/21/82 110/17/110
f 110/17/110 82/21/82 26/20/26 75/19/75
f 81/72/81 110/17/110 75/19/75 30/18/30
f 30/18/30 75/19/75 111/73/111 78/22/78
f 75/19/75 26/20/26 71/27/71 111/73/111
f 111/73/111 71/27/71 8/26/8 42/25/42
f 78/22/78 111/73/111 42/25/42 16/24/16
f 27/7/27 76/29/76 112/28/112 82/21/82
f 76/29/76 11/31/11 44/30/44 112/28/112
f 112/28/112 44/30/44 8/26/8 71/27/71
f 82/21/82 112/28/112 71/27/71 26/20/26
f 9/15/9 43/33/43 113/32/113 72/14/72
f 43/33/43 11/31/11 76/29/76 113/32/113
f 113/32/113 76/29/76 27/7/27 73/71/73
f 72/14/72 113/32/113 73/71/73 25/9/25
f 31/34/31 87/37/87 114/36/114 93/35/93
f 87/37/87 29/1/29 80/2/80 114/36/114
f 114/36/114 80/2/80 28/5/28 85/39/85
f 93/35/93 114/36/114 85/39/85 32/38/32
f 18/40/18 60/43/60 115/42/115 92/41/92
f 60/43/60 14/10/14 79/11/79 115/42/115
f 115/42/115 79/11/79 29/1/29 87/37/87
f 92/41/92 115/42/115 87/37/87 31/34/31
f 32/38/32 85/39/85 116/45/116 91/44/91
f 85/39/85 28/5/28 81/72/81 116/45/116
f 116/45/116 81/72/81 30/18/30 86/47/86
f 91/44/91 116/45/116 86/47/86 33/46/33
f 33/46/33 86/47/86 117/49/117 90/74/90
f 86/47/86 30/18/30 78/22/78 117/49/117
f 117/49/117 78/22/78 16/24/16 58/51/58
f 90/74/90 117/49/117 58/51/58 21/50/21
f 23/52/23 89/55/89 118/54/118 68/53/68
f 89/55/89 33/46/33 90/74/90 118/54/118
f 118/54/118 90/74/90 21/50/21 63/57/63
f 68/53/68 118/54/118 63/57/63 3/56/3
f 24/58/24 88/61/88 119/60/119 83/59/83
f 88/61/88 32/38/32 91/44/91 119/60/119
f 119/60/119 91/44/91 33/46/33 89/55/89
f 83/59/83 119/60/119 89/55/89 23/52/23
f 4/62/4 55/65/55 120/75/120 69/76/69
f 55/65/55 18/40/18 92/41/92 120/75/120
f 120/75/120 92/41/92 31/34/31 84/67/84
f 69/76/69 120/75/120 84/67/84 22/66/22
f 22/66/22 84/67/84 121/69/121 70/68/70
f 84/67/84 31/34/31 93/35/93 121/69/121
f 121/69/121 93/35/93 32/38/32 88/61/88
f 70/68/70 121/69/121 88/61/88 24/58/24
o RetopoModel.001
v 0.000000 0.695105 0.773789
v 0.077049 0.690951 0.775584
v 0.000000 0.544932 0.552506
v 0.000000 0.733812 0.867929
v -0.077049 0.690951 0.775584
v -0.131966 0.657787 0.785781
v -0.067138 0.725856 0.864579
v -0.110275 0.542972 0.572989
v -0.198040 0.507670 0.616068
v -0.152637 0.272621 0.349797
v 0.000000 0.269115 0.300218
v -0.299891 0.264429 0.414174
v -0.182993 -0.028596 0.127817
v 0.000000 -0.033202 0.086473
v -0.353785 -0.045036 0.203942
v -0.197561 -0.300988 -0.006341
v 0.000000 -0.293859 -0.041463
v -0.383474 -0.322210 0.066245
v -0.198360 -0.504103 -0.053603
v 0.000000 -0.497926 -0.096864
v -0.391212 -0.512157 0.009672
v -0.198206 -0.707226 -0.044871
v 0.000000 -0.712561 -0.084334
v -0.391273 -0.696626 0.014094
v -0.184978 -0.802532 0.010237
v 0.000000 -0.804626 -0.036739
v -0.369956 -0.800438 0.057213
v -0.176867 -0.867776 0.077900
v -0.353735 -0.855640 0.109894
v 0.000000 -0.879913 0.045907
v -0.270541 -0.918419 0.279077
v -0.541082 -0.871883 0.293898
v 0.000000 -0.964954 0.264257
v -0.303360 -0.972004 0.581274
v -0.606720 -0.937954 0.599533
v 0.000000 -1.006054 0.563016
v -0.279286 -0.997757 0.909332
v 0.000000 -1.000896 0.921263
v -0.558572 -0.994617 0.897401
v -0.279599 -0.980395 0.961018
v -0.559198 -0.985489 0.957557
v 0.000000 -0.975300 0.964480
v -0.285456 -0.936015 0.983014
v -0.570912 -0.948326 0.978282
v 0.000000 -0.923704 0.987745
v -0.261640 -0.745569 0.994244
v 0.000000 -0.740050 0.996872
v -0.523280 -0.751089 0.991615
v -0.228647 -0.490160 0.993580
v 0.000000 -0.490792 0.995577
v -0.457295 -0.489529 0.991583
v -0.189832 -0.210787 0.992760
v 0.000000 -0.223819 0.993902
v -0.379664 -0.197755 0.991618
v -0.153730 0.054216 0.990861
v 0.000000 0.040180 0.991642
v -0.307461 0.068251 0.990079
v -0.129837 0.301803 0.982805
v 0.000000 0.291703 0.985878
v -0.259673 0.311903 0.979732
v -0.113171 0.502593 0.964476
v 0.000000 0.491091 0.969266
v -0.171071 0.493053 0.954511
v -0.076653 0.620181 0.927630
v 0.000000 0.626844 0.938509
v -0.153306 0.613518 0.916750
v -0.066566 0.658617 0.919396
v 0.000000 0.668523 0.927948
v -0.133133 0.648712 0.910844
v -0.059545 0.708474 0.896836
v 0.000000 0.714562 0.901473
v -0.119091 0.683348 0.892200
v -0.178044 0.634064 0.883732
v -0.119301 0.694759 0.857527
v -0.159089 0.655953 0.862735
v -0.163665 0.592186 0.821295
v -0.195209 0.519270 0.857405
v -0.275157 0.421074 0.725774
v -0.290837 0.373689 0.817497
v -0.437322 0.199828 0.566049
v -0.563634 -0.085512 0.413296
v -0.446246 0.134356 0.778197
v -0.361932 0.099386 0.951690
v -0.578192 -0.130355 0.728116
v -0.442406 -0.183301 0.948077
v -0.669730 -0.404855 0.676353
v -0.528813 -0.464485 0.933580
v -0.630553 -0.339713 0.309502
v -0.721049 -0.643302 0.618695
v -0.700111 -0.838328 0.604782
v -0.653109 -0.545691 0.248451
v -0.603554 -0.727665 0.920455
v -0.643704 -0.924369 0.902123
v -0.564257 -0.738102 0.966995
v -0.493638 -0.469223 0.969699
v -0.612681 -0.918279 0.952940
v -0.609462 -0.973854 0.937974
v -0.624700 -0.972211 0.874698
v -0.658271 -0.901492 0.596596
v -0.586287 -0.812588 0.251438
v -0.627780 -0.726348 0.231607
v -0.410464 -0.186766 0.977438
v -0.335192 0.083984 0.978764
v -0.280268 0.322208 0.966852
v -0.300215 0.334716 0.944306
v -0.186083 0.503847 0.946059
v -0.196615 0.518014 0.932210
v -0.165525 0.618344 0.912604
v -0.170083 0.621723 0.907802
v 0.059545 0.708474 0.896836
v 0.119091 0.683348 0.892200
v 0.067138 0.725856 0.864579
v 0.066566 0.658617 0.919396
v 0.133133 0.648712 0.910844
v 0.076653 0.620181 0.927630
v 0.153306 0.613518 0.916750
v 0.113171 0.502593 0.964476
v 0.171071 0.493053 0.954511
v 0.129837 0.301803 0.982805
v 0.259673 0.311903 0.979732
v 0.153730 0.054216 0.990861
v 0.307461 0.068251 0.990079
v 0.189832 -0.210787 0.992760
v 0.379664 -0.197755 0.991618
v 0.228647 -0.490160 0.993580
v 0.457295 -0.489529 0.991583
v 0.261640 -0.745569 0.994244
v 0.523280 -0.751089 0.991615
v 0.285456 -0.936015 0.983014
v 0.570912 -0.948326 0.978282
v 0.279599 -0.980395 0.961018
v 0.559198 -0.985489 0.957557
v 0.279286 -0.997757 0.909332
v 0.558572 -0.994617 0.897401
v 0.303360 -0.972004 0.581274
v 0.606720 -0.937954 0.599533
v 0.270541 -0.918419 0.279077
v 0.541082 -0.871883 0.293898
v 0.176867 -0.867776 0.077900
v 0.353735 -0.855640 0.109894
v 0.184978 -0.802532 0.010237
v 0.369956 -0.800438 0.057213
v 0.198206 -0.707226 -0.044871
v 0.391273 -0.696626 0.014094
v 0.198360 -0.504103 -0.053603
v 0.391212 -0.512157 0.009672
v 0.197561 -0.300988 -0.006341
v 0.383474 -0.322210 0.066245
v 0.182993 -0.028596 0.127817
v 0.353785 -0.045036 0.203942
v 0.152637 0.272621 0.349797
v 0.299891 0.264429 0.414174
v 0.110275 0.542972 0.572989
v 0.198040 0.507670 0.616068
v 0.275157 0.421074 0.725774
v 0.131966 0.657787 0.785781
v 0.163665 0.592186 0.821295
v 0.119301 0.694759 0.857527
v 0.159089 0.655953 0.862735
v 0.178044 0.634064 0.883732
v 0.170083 0.621723 0.907802
v 0.195209 0.519270 0.857405
v 0.290837 0.373689 0.817497
v 0.196615 0.518014 0.932210
v 0.300215 0.334716 0.944306
v 0.186083 0.503847 0.946059
v 0.280268 0.322208 0.966852
v 0.165525 0.618344 0.912604
v 0.335192 0.083984 0.978764
v 0.410464 -0.186766 0.977438
v 0.361932 0.099386 0.951690
v 0.442406 -0.183301 0.948077
v 0.446246 0.134356 0.778197
v 0.437322 0.199828 0.566049
v 0.578192 -0.130355 0.728116
v 0.563634 -0.085512 0.413296
v 0.669730 -0.404855 0.676353
v 0.528813 -0.464485 0.933580
v 0.630553 -0.339713 0.309502
v 0.721049 -0.643302 0.618695
v 0.700111 -0.838328 0.604782
v 0.653109 -0.545691 0.248451
v 0.603554 -0.727665 0.920455
v 0.643704 -0.924369 0.902123
v 0.564257 -0.738102 0.966995
v 0.493638 -0.469223 0.969699
v 0.612681 -0.918279 0.952940
v 0.609462 -0.973854 0.937974
v 0.624700 -0.972211 0.874698
v 0.658271 -0.901492 0.596596
v 0.586287 -0.812588 0.251438
v 0.627780 -0.726348 0.231607
vn -0.0000 0.8813 -0.4726
vn 0.2977 0.8508 -0.4331
vn -0.0000 0.7426 -0.6697
vn -0.0000 0.9967 0.0817
vn -0.2977 0.8508 -0.4331
vn -0.6842 0.6611 -0.3079
vn -0.3017 0.9515 0.0603
vn -0.3078 0.7293 -0.6111
vn -0.6481 0.6583 -0.3829
vn -0.2949 0.6166 -0.7299
vn -0.0000 0.6244 -0.7811
vn -0.5750 0.6066 -0.5490
vn -0.2856 0.5098 -0.8115
vn -0.0000 0.5141 -0.8577
vn -0.5360 0.4897 -0.6877
vn -0.2786 0.3431 -0.8970
vn -0.0000 0.3454 -0.9385
vn -0.5285 0.3383 -0.7786
vn -0.2636 0.1023 -0.9592
vn -0.0000 0.0990 -0.9951
vn -0.5086 0.1160 -0.8531
vn -0.2465 -0.2634 -0.9327
vn -0.0000 -0.2751 -0.9614
vn -0.4776 -0.2292 -0.8482
vn -0.2038 -0.6030 -0.7713
vn -0.0000 -0.6101 -0.7923
vn -0.3806 -0.5782 -0.7217
vn -0.1692 -0.8457 -0.5061
vn -0.2651 -0.8320 -0.4873
vn -0.0000 -0.8471 -0.5314
vn -0.1512 -0.9583 -0.2424
vn -0.3923 -0.8519 -0.3470
vn -0.0000 -0.9674 -0.2531
vn -0.1061 -0.9853 -0.1336
vn -0.3322 -0.9220 -0.1988
vn -0.0000 -0.9952 -0.0978
vn -0.0357 -0.9913 0.1268
vn -0.0000 -0.9792 0.2029
vn -0.1866 -0.9821 0.0270
vn -0.0026 -0.7512 0.6601
vn -0.2111 -0.7784 0.5912
vn -0.0000 -0.7092 0.7050
vn -0.0055 -0.2572 0.9663
vn -0.3092 -0.2495 0.9177
vn -0.0000 -0.2392 0.9710
vn -0.0105 -0.0266 0.9996
vn -0.0000 -0.0242 0.9997
vn -0.2548 0.0282 0.9666
vn -0.0084 0.0039 1.0000
vn -0.0000 0.0048 1.0000
vn -0.2398 0.0603 0.9689
vn -0.0062 0.0059 1.0000
vn -0.0000 0.0066 1.0000
vn -0.2062 0.0557 0.9769
vn -0.0079 0.0207 0.9998
vn -0.0000 0.0176 0.9998
vn -0.1886 0.0660 0.9798
vn -0.0286 0.0717 0.9970
vn -0.0000 0.0566 0.9984
vn -0.2214 0.1465 0.9641
vn -0.0951 0.2153 0.9719
vn -0.0000 0.1723 0.9850
vn -0.2052 0.2527 0.9455
vn -0.1376 0.2702 0.9529
vn -0.0000 0.2573 0.9663
vn -0.2265 0.3235 0.9187
vn -0.1753 0.3587 0.9169
vn -0.0000 0.3644 0.9313
vn -0.3439 0.4530 0.8225
vn -0.2395 0.6955 0.6774
vn -0.0000 0.6960 0.7180
vn -0.4617 0.6799 0.5697
vn -0.8935 0.4428 0.0751
vn -0.6279 0.7782 -0.0072
vn -0.8215 0.5616 -0.0985
vn -0.8830 0.4318 -0.1842
vn -0.9069 0.4178 0.0545
vn -0.8312 0.5557 -0.0180
vn -0.8601 0.4856 0.1559
vn -0.8288 0.5340 -0.1672
vn -0.8532 0.4253 -0.3018
vn -0.8796 0.3984 0.2600
vn -0.7651 0.2573 0.5903
vn -0.9125 0.3043 0.2734
vn -0.7487 0.2061 0.6301
vn -0.9501 0.2192 0.2220
vn -0.7831 0.1791 0.5955
vn -0.8709 0.3037 -0.3863
vn -0.9934 0.0655 0.0939
vn -0.9636 -0.2637 -0.0441
vn -0.8789 0.0921 -0.4680
vn -0.8551 0.1234 0.5036
vn -0.9254 -0.1937 0.3258
vn -0.6295 0.1255 0.7668
vn -0.5808 0.1461 0.8008
vn -0.7137 -0.0830 0.6955
vn -0.6246 -0.6535 0.4276
vn -0.6792 -0.7325 0.0462
vn -0.7244 -0.6628 -0.1895
vn -0.6515 -0.5823 -0.4863
vn -0.8170 -0.2487 -0.5202
vn -0.5352 0.1417 0.8328
vn -0.5207 0.1503 0.8404
vn -0.5084 0.2488 0.8244
vn -0.7807 0.3833 0.4935
vn -0.4158 0.3341 0.8459
vn -0.7890 0.3867 0.4775
vn -0.3801 0.3441 0.8585
vn -0.7199 0.4004 0.5670
vn 0.2395 0.6955 0.6774
vn 0.4617 0.6799 0.5697
vn 0.3017 0.9515 0.0603
vn 0.1753 0.3587 0.9169
vn 0.3439 0.4530 0.8225
vn 0.1376 0.2702 0.9529
vn 0.2265 0.3235 0.9187
vn 0.0951 0.2153 0.9719
vn 0.2052 0.2527 0.9455
vn 0.0286 0.0717 0.9970
vn 0.2214 0.1465 0.9641
vn 0.0079 0.0207 0.9998
vn 0.1886 0.0660 0.9798
vn 0.0062 0.0059 1.0000
vn 0.2062 0.0557 0.9769
vn 0.0084 0.0039 1.0000
vn 0.2398 0.0603 0.9689
vn 0.0105 -0.0266 0.9996
vn 0.2548 0.0282 0.9666
vn 0.0055 -0.2572 0.9663
vn 0.3092 -0.2495 0.9177
vn 0.0026 -0.7512 0.6601
vn 0.2111 -0.7784 0.5912
vn 0.0357 -0.9913 0.1268
vn 0.1866 -0.9821 0.0270
vn 0.1061 -0.9853 -0.1336
vn 0.3322 -0.9220 -0.1988
vn 0.1512 -0.9583 -0.2424
vn 0.3923 -0.8519 -0.3470
vn 0.1692 -0.8457 -0.5061
vn 0.2651 -0.8320 -0.4873
vn 0.2038 -0.6030 -0.7713
vn 0.3806 -0.5782 -0.7217
vn 0.2465 -0.2634 -0.9327
vn 0.4776 -0.2292 -0.8482
vn 0.2636 0.1023 -0.9592
vn 0.5086 0.1160 -0.8531
vn 0.2786 0.3431 -0.8970
vn 0.5285 0.3383 -0.7786
vn 0.2856 0.5098 -0.8115
vn 0.5360 0.4897 -0.6877
vn 0.2949 0.6166 -0.7299
vn 0.5750 0.6066 -0.5490
vn 0.3078 0.7293 -0.6111
vn 0.6481 0.6583 -0.3829
vn 0.8312 0.5557 -0.0180
vn 0.6842 0.6611 -0.3079
vn 0.8830 0.4318 -0.1842
vn 0.6279 0.7782 -0.0072
vn 0.8215 0.5616 -0.0985
vn 0.8935 0.4428 0.0751
vn 0.7199 0.4004 0.5670
vn 0.9069 0.4178 0.0545
vn 0.8601 0.4856 0.1559
vn 0.7890 0.3867 0.4775
vn 0.7807 0.3833 0.4935
vn 0.4158 0.3341 0.8459
vn 0.5084 0.2488 0.8244
vn 0.3801 0.3441 0.8585
vn 0.5207 0.1503 0.8404
vn 0.5352 0.1417 0.8328
vn 0.7651 0.2573 0.5903
vn 0.7487 0.2061 0.6301
vn 0.8796 0.3984 0.2600
vn 0.8288 0.5340 -0.1672
vn 0.9125 0.3043 0.2734
vn 0.8532 0.4253 -0.3018
vn 0.9501 0.2192 0.2220
vn 0.7831 0.1791 0.5955
vn 0.8709 0.3037 -0.3863
vn 0.9934 0.0655 0.0939
vn 0.9636 -0.2637 -0.0441
vn 0.8789 0.0921 -0.4680
vn 0.8551 0.1234 0.5036
vn 0.9254 -0.1937 0.3258
vn 0.6295 0.1255 0.7668
vn 0.5808 0.1461 0.8008
vn 0.7137 -0.0830 0.6955
vn 0.6246 -0.6535 0.4276
vn 0.6792 -0.7325 0.0462
vn 0.7244 -0.6628 -0.1895
vn 0.6515 -0.5823 -0.4863
vn 0.8170 -0.2487 -0.5202
vt 0.061159 0.307356
vt 0.067346 0.288494
vt 0.128938 0.300438
vt 0.124171 0.325995
vt 0.035060 0.299638
vt 0.042307 0.282252
vt 0.114267 0.350031
vt 0.056091 0.326547
vt 0.031687 0.318168
vt 0.053908 0.343321
vt 0.032992 0.335384
vt 0.106398 0.373083
vt 0.203933 0.349595
vt 0.187590 0.380320
vt 0.171979 0.411743
vt 0.278231 0.371582
vt 0.262360 0.406867
vt 0.246497 0.442483
vt 0.335442 0.388514
vt 0.321561 0.428013
vt 0.306624 0.467357
vt 0.378227 0.401179
vt 0.364131 0.444028
vt 0.345631 0.485013
vt 0.427540 0.415776
vt 0.409461 0.464414
vt 0.382362 0.507894
vt 0.455541 0.424066
vt 0.436912 0.477061
vt 0.408551 0.525219
vt 0.937064 0.295286
vt 0.934326 0.269373
vt 0.948333 0.267618
vt 0.953416 0.295811
vt 0.930737 0.243514
vt 0.941579 0.239948
vt 0.904563 0.255076
vt 0.905350 0.215595
vt 0.903884 0.294220
vt 0.860425 0.248673
vt 0.860678 0.204165
vt 0.860840 0.292838
vt 0.812001 0.250039
vt 0.816218 0.209183
vt 0.808709 0.291164
vt 0.801290 0.290925
vt 0.803949 0.249565
vt 0.807310 0.208323
vt 0.579238 0.055265
vt 0.512950 0.053746
vt 0.514637 0.043702
vt 0.580472 0.043537
vt 0.647062 0.058191
vt 0.647062 0.044729
vt 0.584918 0.100748
vt 0.522985 0.099575
vt 0.647062 0.102025
vt 0.647062 0.161361
vt 0.592617 0.161510
vt 0.538062 0.161582
vt 0.647062 0.224923
vt 0.601850 0.228048
vt 0.556545 0.231224
vt 0.647061 0.287665
vt 0.610589 0.291053
vt 0.574003 0.294564
vt 0.647061 0.347176
vt 0.616401 0.349609
vt 0.585889 0.351933
vt 0.647061 0.394521
vt 0.620321 0.397222
vt 0.606369 0.395350
vt 0.647061 0.427669
vt 0.628474 0.426650
vt 0.609809 0.425553
vt 0.032709 0.868751
vt 0.049124 0.364582
vt 0.032965 0.351043
vt 0.045712 0.388433
vt 0.028469 0.359936
vt 0.090058 0.408514
vt 0.072785 0.428517
vt 0.150835 0.454103
vt 0.113065 0.490031
vt 0.213845 0.496672
vt 0.160734 0.544994
vt 0.067988 0.513397
vt 0.106090 0.583650
vt 0.046544 0.451065
vt 0.265214 0.528142
vt 0.211509 0.592895
vt 0.156501 0.645819
vt 0.260231 0.627681
vt 0.210198 0.698150
vt 0.305800 0.551642
vt 0.341368 0.574689
vt 0.295613 0.661975
vt 0.253187 0.733196
vt 0.198213 0.710547
vt 0.144922 0.653657
vt 0.240206 0.743277
vt 0.528096 0.166701
vt 0.511698 0.102657
vt 0.501028 0.059578
vt 0.501372 0.045517
vt 0.267500 0.739847
vt 0.253932 0.752330
vt 0.810698 0.200792
vt 0.820299 0.199200
vt 0.311909 0.674152
vt 0.862681 0.195075
vt 0.360958 0.589936
vt 0.914557 0.206934
vt 0.095257 0.588660
vt 0.548517 0.234056
vt 0.058750 0.519866
vt 0.566982 0.298540
vt 0.580368 0.354848
vt 0.038718 0.455382
vt 0.021226 0.400696
vt 0.025871 0.396299
vt 0.602542 0.398292
vt 0.020881 0.366256
vt 0.022653 0.365192
vt 0.606798 0.426878
vt 0.673802 0.397222
vt 0.665649 0.426650
vt 0.687753 0.395350
vt 0.684314 0.425553
vt 0.677722 0.349609
vt 0.708234 0.351933
vt 0.683533 0.291053
vt 0.720120 0.294564
vt 0.692273 0.228048
vt 0.737578 0.231224
vt 0.701506 0.161510
vt 0.756061 0.161582
vt 0.709205 0.100748
vt 0.771138 0.099575
vt 0.714885 0.055265
vt 0.781173 0.053746
vt 0.713651 0.043537
vt 0.779486 0.043702
vt 0.801290 0.332372
vt 0.809355 0.332415
vt 0.810943 0.373458
vt 0.801998 0.373744
vt 0.857592 0.336885
vt 0.854989 0.381318
vt 0.900302 0.372777
vt 0.902050 0.333327
vt 0.932669 0.320970
vt 0.927428 0.346545
vt 0.946534 0.323619
vt 0.938018 0.350800
vt 0.438852 0.365134
vt 0.468764 0.369468
vt 0.439788 0.313904
vt 0.471192 0.313627
vt 0.389727 0.357559
vt 0.396516 0.313104
vt 0.345296 0.347823
vt 0.354180 0.306685
vt 0.284120 0.333342
vt 0.290195 0.294827
vt 0.206941 0.314923
vt 0.210942 0.280063
vt 0.134878 0.276814
vt 0.074639 0.273229
vt 0.140447 0.238191
vt 0.216255 0.233012
vt 0.082192 0.252784
vt 0.052767 0.268512
vt 0.061264 0.255355
vt 0.092306 0.230912
vt 0.062329 0.245445
vt 0.079936 0.213513
vt 0.060309 0.237869
vt 0.136838 0.212006
vt 0.127088 0.178804
vt 0.122870 0.170923
vt 0.078430 0.207295
vt 0.059401 0.236012
vt 0.713755 0.354848
vt 0.691581 0.398292
vt 0.687325 0.426878
vt 0.727141 0.298540
vt 0.174776 0.127711
vt 0.179007 0.138168
vt 0.745606 0.234056
vt 0.242855 0.089852
vt 0.249218 0.099954
vt 0.204116 0.182309
vt 0.274031 0.162134
vt 0.292294 0.231589
vt 0.342711 0.149578
vt 0.352525 0.233145
vt 0.325362 0.075224
vt 0.398909 0.060543
vt 0.402530 0.146913
vt 0.399370 0.235521
vt 0.450888 0.137400
vt 0.441759 0.235548
vt 0.454064 0.054538
vt 0.319912 0.062344
vt 0.395601 0.043615
vt 0.448660 0.039010
vt 0.766027 0.166701
vt 0.782425 0.102657
vt 0.793095 0.059578
vt 0.792751 0.045517
vt 0.465108 0.038886
vt 0.469697 0.056750
vt 0.814374 0.383681
vt 0.804895 0.381477
vt 0.471192 0.136054
vt 0.856404 0.390517
vt 0.466496 0.233421
vt 0.908934 0.382011
s 1
usemtl Material.002
f 122/77/122 123/78/123 274/79/274 124/80/124
f 123/78/123 122/77/122 125/81/125 233/82/233
f 122/77/122 124/80/124 129/83/129 126/84/126
f 126/84/126 128/85/128 125/81/125 122/77/122
f 127/86/127 195/87/195 128/85/128 126/84/126
f 126/84/126 129/83/129 130/88/130 127/86/127
f 124/80/124 132/89/132 131/90/131 129/83/129
f 129/83/129 131/90/131 133/91/133 130/88/130
f 132/89/132 135/92/135 134/93/134 131/90/131
f 131/90/131 134/93/134 136/94/136 133/91/133
f 138/95/138 137/96/137 134/93/134 135/92/135
f 137/96/137 139/97/139 136/94/136 134/93/134
f 141/98/141 140/99/140 137/96/137 138/95/138
f 140/99/140 142/100/142 139/97/139 137/96/137
f 144/101/144 143/102/143 140/99/140 141/98/141
f 143/102/143 145/103/145 142/100/142 140/99/140
f 147/104/147 146/105/146 143/102/143 144/101/144
f 146/105/146 148/106/148 145/103/145 143/102/143
f 151/107/151 149/108/149 146/109/146 147/110/147
f 149/108/149 150/111/150 148/112/148 146/109/146
f 149/108/149 152/113/152 153/114/153 150/111/150
f 151/107/151 154/115/154 152/113/152 149/108/149
f 153/114/153 152/113/152 155/116/155 156/117/156
f 152/113/152 154/115/154 157/118/157 155/116/155
f 155/116/155 158/119/158 160/120/160 156/117/156
f 157/118/157 159/121/159 158/119/158 155/116/155
f 163/122/163 161/123/161 158/119/158 159/121/159
f 161/123/161 162/124/162 160/120/160 158/119/158
f 164/125/164 165/126/165 162/127/162 161/128/161
f 166/129/166 164/125/164 161/128/161 163/130/163
f 164/125/164 167/131/167 169/132/169 165/126/165
f 166/129/166 168/133/168 167/131/167 164/125/164
f 168/133/168 171/134/171 170/135/170 167/131/167
f 167/131/167 170/135/170 172/136/172 169/132/169
f 174/137/174 173/138/173 170/135/170 171/134/171
f 173/138/173 175/139/175 172/136/172 170/135/170
f 177/140/177 176/141/176 173/138/173 174/137/174
f 176/141/176 178/142/178 175/139/175 173/138/173
f 180/143/180 179/144/179 176/141/176 177/140/177
f 179/144/179 181/145/181 178/142/178 176/141/176
f 183/146/183 182/147/182 179/144/179 180/143/180
f 182/147/182 184/148/184 181/145/181 179/144/179
f 186/149/186 185/150/185 182/147/182 183/146/183
f 185/150/185 187/151/187 184/148/184 182/147/182
f 186/152/186 189/152/189 188/152/188 185/152/185
f 185/152/185 188/152/188 190/152/190 187/152/187
f 188/152/188 189/152/189 192/152/192 191/152/191
f 190/152/190 188/152/188 191/152/191 193/152/193
f 128/152/128 191/152/191 192/152/192 125/152/125
f 195/152/195 193/152/193 191/152/191 128/152/128
f 230/152/230 190/152/190 193/152/193 194/152/194
f 194/152/194 193/152/193 195/152/195 196/152/196
f 197/153/197 196/154/196 195/87/195 127/86/127
f 198/155/198 194/156/194 196/154/196 197/153/197
f 198/155/198 197/153/197 199/157/199 200/158/200
f 127/86/127 130/88/130 199/157/199 197/153/197
f 200/158/200 199/157/199 201/159/201 203/160/203
f 130/88/130 133/91/133 201/159/201 199/157/199
f 203/160/203 201/159/201 202/161/202 205/162/205
f 133/91/133 136/94/136 202/161/202 201/159/201
f 204/163/204 203/160/203 205/162/205 206/164/206
f 226/165/226 200/158/200 203/160/203 204/163/204
f 202/161/202 209/166/209 207/167/207 205/162/205
f 205/162/205 207/167/207 208/168/208 206/164/206
f 207/167/207 210/169/210 213/170/213 208/168/208
f 209/166/209 212/171/212 210/169/210 207/167/207
f 212/171/212 222/172/222 211/173/211 210/169/210
f 210/169/210 211/173/211 214/174/214 213/170/213
f 208/168/208 213/170/213 215/175/215 216/176/216
f 213/170/213 214/174/214 217/177/217 215/175/215
f 216/178/216 215/179/215 169/132/169 172/136/172
f 215/179/215 217/180/217 165/126/165 169/132/169
f 165/126/165 217/180/217 218/181/218 162/127/162
f 214/174/214 219/182/219 218/183/218 217/177/217
f 162/124/162 218/184/218 219/185/219 160/120/160
f 211/173/211 220/186/220 219/182/219 214/174/214
f 156/117/156 160/120/160 219/185/219 220/187/220
f 222/172/222 221/188/221 220/186/220 211/173/211
f 153/114/153 156/117/156 220/187/220 221/189/221
f 148/106/148 221/188/221 222/172/222 145/103/145
f 150/111/150 153/114/153 221/189/221 148/112/148
f 145/103/145 222/172/222 212/171/212 142/100/142
f 206/164/206 208/168/208 216/176/216 223/190/223
f 223/191/223 216/178/216 172/136/172 175/139/175
f 224/192/224 204/163/204 206/164/206 223/190/223
f 178/142/178 224/193/224 223/191/223 175/139/175
f 181/145/181 225/194/225 224/193/224 178/142/178
f 225/195/225 226/165/226 204/163/204 224/192/224
f 225/195/225 227/196/227 228/197/228 226/165/226
f 181/145/181 184/148/184 227/198/227 225/194/225
f 227/196/227 229/199/229 230/200/230 228/197/228
f 184/148/184 187/151/187 229/201/229 227/198/227
f 229/152/229 187/152/187 190/152/190 230/152/230
f 228/197/228 230/200/230 194/156/194 198/155/198
f 226/165/226 228/197/228 198/155/198 200/158/200
f 142/100/142 212/171/212 209/166/209 139/97/139
f 139/97/139 209/166/209 202/161/202 136/94/136
f 233/152/233 125/152/125 192/152/192 231/152/231
f 234/152/234 231/152/231 192/152/192 189/152/189
f 235/152/235 232/152/232 231/152/231 234/152/234
f 279/152/279 233/152/233 231/152/231 232/152/232
f 186/152/186 236/152/236 234/152/234 189/152/189
f 236/152/236 237/152/237 235/152/235 234/152/234
f 186/149/186 183/146/183 238/202/238 236/203/236
f 236/203/236 238/202/238 239/204/239 237/205/237
f 183/146/183 180/143/180 240/206/240 238/202/238
f 238/202/238 240/206/240 241/207/241 239/204/239
f 180/143/180 177/140/177 242/208/242 240/206/240
f 240/206/240 242/208/242 243/209/243 241/207/241
f 177/140/177 174/137/174 244/210/244 242/208/242
f 242/208/242 244/210/244 245/211/245 243/209/243
f 174/137/174 171/134/171 246/212/246 244/210/244
f 244/210/244 246/212/246 247/213/247 245/211/245
f 168/133/168 248/214/248 246/212/246 171/134/171
f 248/214/248 249/215/249 247/213/247 246/212/246
f 166/129/166 250/216/250 248/214/248 168/133/168
f 250/216/250 251/217/251 249/215/249 248/214/248
f 250/216/250 252/218/252 253/219/253 251/217/251
f 166/129/166 163/130/163 252/218/252 250/216/250
f 252/220/252 254/221/254 255/222/255 253/223/253
f 163/122/163 159/121/159 254/221/254 252/220/252
f 157/118/157 256/224/256 254/221/254 159/121/159
f 256/224/256 257/225/257 255/222/255 254/221/254
f 259/226/259 257/225/257 256/224/256 258/227/258
f 258/227/258 256/224/256 157/118/157 154/115/154
f 260/228/260 261/229/261 259/226/259 258/227/258
f 151/107/151 260/228/260 258/227/258 154/115/154
f 260/228/260 262/230/262 263/231/263 261/229/261
f 151/107/151 147/110/147 262/230/262 260/228/260
f 147/104/147 144/101/144 264/232/264 262/233/262
f 262/233/262 264/232/264 265/234/265 263/235/263
f 144/101/144 141/98/141 266/236/266 264/232/264
f 264/232/264 266/236/266 267/237/267 265/234/265
f 141/98/141 138/95/138 268/238/268 266/236/266
f 266/236/266 268/238/268 269/239/269 267/237/267
f 138/95/138 135/92/135 270/240/270 268/238/268
f 268/238/268 270/240/270 271/241/271 269/239/269
f 132/89/132 272/242/272 270/240/270 135/92/135
f 272/242/272 273/243/273 271/241/271 270/240/270
f 124/80/124 274/79/274 272/242/272 132/89/132
f 274/79/274 275/244/275 273/243/273 272/242/272
f 123/78/123 277/245/277 275/244/275 274/79/274
f 275/244/275 276/246/276 295/247/295 273/243/273
f 277/245/277 278/248/278 276/246/276 275/244/275
f 278/248/278 277/245/277 279/249/279 280/250/280
f 277/245/277 123/78/123 233/82/233 279/249/279
f 281/152/281 280/152/280 279/152/279 232/152/232
f 283/251/283 278/248/278 280/250/280 281/252/281
f 282/152/282 281/152/281 232/152/232 235/152/235
f 285/253/285 283/251/283 281/252/281 282/254/282
f 283/251/283 284/255/284 276/246/276 278/248/278
f 286/256/286 284/255/284 283/251/283 285/253/285
f 288/257/288 286/256/286 285/253/285 287/258/287
f 287/258/287 285/253/285 282/254/282 289/259/289
f 241/207/241 288/260/288 287/261/287 239/204/239
f 239/204/239 287/261/287 289/262/289 237/205/237
f 289/152/289 282/152/282 235/152/235 237/152/237
f 241/207/241 243/209/243 290/263/290 288/260/288
f 288/257/288 290/264/290 292/265/292 286/256/286
f 243/209/243 245/211/245 291/266/291 290/263/290
f 290/264/290 291/267/291 293/268/293 292/265/292
f 286/256/286 292/265/292 294/269/294 284/255/284
f 292/265/292 293/268/293 296/270/296 294/269/294
f 284/255/284 294/269/294 295/247/295 276/246/276
f 294/269/294 296/270/296 297/271/297 295/247/295
f 297/271/297 296/270/296 298/272/298 300/273/300
f 296/270/296 293/268/293 299/274/299 298/272/298
f 298/272/298 299/274/299 304/275/304 301/276/301
f 300/273/300 298/272/298 301/276/301 303/277/303
f 303/277/303 301/276/301 302/278/302 313/279/313
f 301/276/301 304/275/304 305/280/305 302/278/302
f 299/274/299 307/281/307 306/282/306 304/275/304
f 304/275/304 306/282/306 308/283/308 305/280/305
f 307/284/307 247/213/247 249/215/249 306/285/306
f 306/285/306 249/215/249 251/217/251 308/286/308
f 251/217/251 253/219/253 309/287/309 308/286/308
f 305/280/305 308/283/308 309/288/309 310/289/310
f 253/223/253 255/222/255 310/290/310 309/291/309
f 302/278/302 305/280/305 310/289/310 311/292/311
f 257/225/257 311/293/311 310/290/310 255/222/255
f 313/279/313 302/278/302 311/292/311 312/294/312
f 259/226/259 312/295/312 311/293/311 257/225/257
f 263/235/263 265/234/265 313/279/313 312/294/312
f 261/229/261 263/231/263 312/295/312 259/226/259
f 265/234/265 267/237/267 303/277/303 313/279/313
f 293/268/293 291/267/291 307/281/307 299/274/299
f 291/266/291 245/211/245 247/213/247 307/284/307
f 267/237/267 269/239/269 300/273/300 303/277/303
f 269/239/269 271/241/271 297/271/297 300/273/300
f 273/243/273 295/247/295 297/271/297 271/241/271
o RetopoModel.002
v 0.090615 0.505946 1.747832
v 0.092389 0.487268 1.748433
v 0.073739 0.513418 1.758218
v 0.106118 0.517213 1.728125
v 0.126181 0.531470 1.693727
v 0.115260 0.492606 1.722322
v 0.087628 0.535900 1.734558
v 0.105057 0.555624 1.698830
v 0.062009 0.549327 1.739511
v 0.075872 0.573073 1.702536
v 0.050193 0.521492 1.765577
v 0.031679 0.556476 1.741642
v 0.039612 0.584032 1.704681
v 0.000000 0.558486 1.742025
v 0.024960 0.525531 1.768389
v -0.000000 0.526510 1.768946
v 0.022278 0.495029 1.780786
v -0.000000 0.495669 1.781652
v 0.021925 0.464068 1.779929
v 0.045777 0.492598 1.776688
v 0.044913 0.463254 1.774257
v 0.069680 0.488572 1.766419
v 0.068289 0.462777 1.762460
v 0.091491 0.463219 1.743640
v 0.064214 0.438355 1.751876
v 0.042952 0.435151 1.760881
v 0.062226 0.417695 1.734697
v 0.084595 0.440187 1.736499
v 0.077670 0.423850 1.728687
v 0.104611 0.437448 1.712288
v 0.114913 0.464840 1.716692
v 0.087989 0.415282 1.709441
v 0.125100 0.432699 1.678929
v 0.137816 0.467077 1.681999
v 0.103609 0.404446 1.677111
v 0.146982 0.427493 1.636352
v 0.121857 0.393378 1.634568
v 0.173673 0.421289 1.574551
v 0.160948 0.468943 1.638919
v 0.188529 0.470485 1.577097
v 0.160006 0.509532 1.644106
v 0.137707 0.501081 1.687399
v 0.186252 0.519474 1.581954
v 0.146007 0.545561 1.650322
v 0.168459 0.562996 1.587553
v 0.121149 0.573975 1.655108
v 0.138008 0.596418 1.591893
v 0.087813 0.594728 1.658695
v 0.099288 0.620345 1.595364
v 0.046116 0.608393 1.660947
v 0.052199 0.636888 1.597804
v 0.000000 0.613094 1.661576
v -0.000000 0.643004 1.598650
v 0.000000 0.587446 1.705112
v -0.046116 0.608393 1.660947
v -0.052199 0.636887 1.597804
v -0.087813 0.594728 1.658695
v -0.039612 0.584032 1.704681
v -0.075872 0.573073 1.702536
v -0.031679 0.556476 1.741642
v -0.062009 0.549327 1.739511
v -0.024960 0.525531 1.768389
v -0.050193 0.521492 1.765577
v -0.022278 0.495029 1.780786
v -0.045777 0.492598 1.776688
v -0.021925 0.464068 1.779929
v -0.000000 0.464453 1.781425
v -0.044913 0.463254 1.774258
v -0.021348 0.433393 1.765491
v -0.042952 0.435150 1.760881
v -0.021510 0.406878 1.741910
v -0.000000 0.432939 1.766853
v -0.000000 0.405458 1.742805
v 0.021348 0.433393 1.765491
v 0.021510 0.406878 1.741910
v 0.042504 0.411121 1.739261
v 0.024145 0.384312 1.713334
v 0.047212 0.390673 1.711873
v -0.000000 0.382037 1.713902
v 0.028748 0.363330 1.679064
v 0.055766 0.372038 1.678026
v 0.000000 0.360028 1.679522
v 0.034406 0.342059 1.635513
v 0.000000 0.337633 1.635848
v 0.041733 0.316589 1.572395
v 0.066208 0.353594 1.634700
v 0.079783 0.331535 1.571914
v 0.094723 0.370118 1.634019
v 0.080235 0.385338 1.676869
v 0.113572 0.352273 1.571694
v 0.145264 0.380451 1.572673
v 0.136554 0.331857 1.481939
v 0.173674 0.366223 1.483229
v 0.096081 0.306046 1.481628
v 0.157716 0.313279 1.377639
v 0.110949 0.283239 1.376966
v 0.199510 0.353428 1.378933
v 0.171967 0.299880 1.274530
v 0.179122 0.292361 1.176182
v 0.216905 0.343661 1.275416
v 0.121348 0.267250 1.274085
v 0.126385 0.258770 1.176509
v 0.063476 0.244492 1.273657
v 0.065950 0.236072 1.176505
v 0.058090 0.261750 1.376508
v -0.000000 0.235274 1.273475
v 0.000000 0.252972 1.376348
v 0.000000 0.226916 1.176433
v -0.063476 0.244492 1.273657
v -0.058090 0.261750 1.376508
v -0.121348 0.267250 1.274085
v -0.065950 0.236072 1.176505
v -0.126385 0.258770 1.176509
v -0.065120 0.236802 1.085828
v 0.000000 0.228092 1.085891
v -0.125377 0.258892 1.085085
v -0.061490 0.247219 1.005151
v -0.000000 0.239449 1.005404
v -0.118782 0.268734 1.003702
v -0.055591 0.267982 0.936996
v -0.107434 0.288345 0.935517
v -0.047087 0.299208 0.878772
v 0.000000 0.260764 0.937357
v -0.000000 0.292665 0.878960
v 0.055591 0.267982 0.936996
v 0.061490 0.247219 1.005151
v 0.047087 0.299208 0.878772
v 0.107434 0.288345 0.935517
v 0.091202 0.316773 0.877584
v 0.118782 0.268734 1.003702
v 0.153399 0.320811 0.932917
v 0.170124 0.302438 1.000493
v 0.129898 0.345418 0.876639
v 0.191274 0.365399 0.930228
v 0.161704 0.383842 0.875356
v 0.213077 0.350379 0.996964
v 0.217435 0.421566 0.928570
v 0.243776 0.412841 0.994981
v 0.184049 0.431400 0.873822
v 0.228511 0.485533 0.926644
v 0.256721 0.485214 0.993732
v 0.193271 0.485317 0.871578
v 0.220398 0.553138 0.923979
v 0.246159 0.561272 0.992517
v 0.187380 0.542168 0.867694
v 0.195151 0.614056 0.920035
v 0.215483 0.628264 0.989880
v 0.167012 0.594154 0.863247
v 0.158470 0.658930 0.913629
v 0.173310 0.676331 0.983999
v 0.137261 0.634044 0.856892
v 0.114142 0.691481 0.905277
v 0.099423 0.663160 0.849586
v 0.123833 0.710789 0.976075
v 0.060753 0.714238 0.898234
v 0.065567 0.734834 0.969478
v 0.053089 0.683299 0.843473
v 0.000001 0.723130 0.895275
v 0.000002 0.691615 0.840500
v 0.000000 0.743862 0.966738
v -0.060753 0.714238 0.898234
v -0.053089 0.683299 0.843473
v -0.114142 0.691481 0.905277
v -0.065567 0.734834 0.969478
v -0.123833 0.710789 0.976075
v -0.067518 0.743793 1.064532
v -0.000000 0.753141 1.062875
v -0.128405 0.719456 1.068540
v -0.067064 0.739899 1.172348
v 0.000000 0.749034 1.171938
v -0.128414 0.716223 1.173379
v -0.065418 0.725610 1.281101
v -0.125462 0.702748 1.280537
v -0.062590 0.702369 1.391673
v 0.000000 0.734319 1.281299
v -0.000000 0.710668 1.392166
v 0.065418 0.725610 1.281101
v 0.067064 0.739899 1.172348
v 0.062590 0.702369 1.391673
v 0.125462 0.702748 1.280537
v 0.128414 0.716223 1.173379
v 0.119861 0.681050 1.390403
v 0.178330 0.669189 1.279754
v 0.182209 0.681222 1.174691
v 0.169539 0.649654 1.388489
v 0.224354 0.622228 1.279081
v 0.212040 0.606202 1.386649
v 0.229679 0.632514 1.175896
v 0.259730 0.556525 1.278488
v 0.243035 0.545681 1.384934
v 0.271576 0.478240 1.277686
v 0.266833 0.563484 1.176045
v 0.280387 0.481379 1.175728
v 0.262940 0.565189 1.078411
v 0.275614 0.483852 1.078564
v 0.227511 0.635310 1.077286
v 0.181192 0.684304 1.073522
v 0.128405 0.719456 1.068540
v 0.067518 0.743793 1.064532
v 0.261239 0.405595 1.079237
v 0.263886 0.402336 1.175881
v 0.225562 0.339787 1.080909
v 0.225918 0.338084 1.176023
v 0.178839 0.292559 1.083254
v 0.125377 0.258892 1.085085
v 0.065120 0.236802 1.085828
v 0.253937 0.403728 1.276610
v 0.234142 0.408102 1.380804
v 0.251280 0.475095 1.382860
v 0.205335 0.414229 1.485269
v 0.221334 0.472429 1.487744
v 0.216737 0.532395 1.491504
v 0.192297 0.585130 1.495133
v 0.155416 0.623804 1.498312
v 0.110728 0.651588 1.501168
v 0.058081 0.670889 1.503190
v -0.000000 0.678343 1.503960
v -0.058081 0.670889 1.503190
v -0.110729 0.651588 1.501168
v -0.119861 0.681050 1.390402
v -0.099288 0.620345 1.595364
v -0.155416 0.623804 1.498312
v -0.192297 0.585129 1.495133
v -0.138008 0.596418 1.591893
v -0.169539 0.649654 1.388489
v -0.212040 0.606202 1.386649
v -0.178330 0.669189 1.279754
v -0.224354 0.622228 1.279080
v -0.182209 0.681222 1.174691
v -0.229679 0.632514 1.175896
v -0.181192 0.684304 1.073522
v -0.173310 0.676331 0.983999
v -0.227511 0.635310 1.077286
v -0.215483 0.628264 0.989880
v -0.262940 0.565189 1.078411
v -0.246159 0.561272 0.992517
v -0.275614 0.483852 1.078564
v -0.266833 0.563484 1.176046
v -0.280387 0.481379 1.175728
v -0.259730 0.556526 1.278488
v -0.271576 0.478240 1.277686
v -0.243036 0.545681 1.384934
v -0.251280 0.475095 1.382860
v -0.216737 0.532395 1.491504
v -0.221334 0.472429 1.487744
v -0.186252 0.519473 1.581954
v -0.188530 0.470485 1.577097
v -0.168459 0.562996 1.587553
v -0.160006 0.509532 1.644107
v -0.146007 0.545561 1.650322
v -0.160948 0.468943 1.638919
v -0.137707 0.501081 1.687398
v -0.126181 0.531470 1.693727
v -0.137816 0.467077 1.681998
v -0.115261 0.492606 1.722322
v -0.114913 0.464840 1.716692
v -0.092389 0.487268 1.748433
v -0.106118 0.517213 1.728125
v -0.090615 0.505947 1.747832
v -0.087628 0.535900 1.734558
v -0.073739 0.513419 1.758219
v -0.105057 0.555624 1.698831
v -0.121149 0.573975 1.655108
v -0.069680 0.488572 1.766419
v -0.068289 0.462777 1.762460
v -0.091491 0.463219 1.743640
v -0.064214 0.438355 1.751876
v -0.084595 0.440187 1.736499
v -0.062226 0.417695 1.734697
v -0.077670 0.423850 1.728686
v -0.042504 0.411121 1.739261
v -0.068463 0.400692 1.709992
v -0.080235 0.385338 1.676869
v -0.047212 0.390673 1.711873
v -0.087989 0.415282 1.709441
v -0.103609 0.404446 1.677111
v -0.104611 0.437448 1.712288
v -0.125100 0.432699 1.678930
v -0.146982 0.427493 1.636352
v -0.173673 0.421289 1.574551
v -0.121857 0.393378 1.634568
v -0.145264 0.380451 1.572673
v -0.094723 0.370118 1.634019
v -0.113572 0.352272 1.571694
v -0.066208 0.353594 1.634700
v -0.079783 0.331535 1.571914
v -0.055766 0.372038 1.678026
v -0.034406 0.342059 1.635513
v -0.041733 0.316589 1.572395
v -0.028748 0.363330 1.679064
v -0.024145 0.384312 1.713334
v -0.000000 0.310516 1.572675
v -0.050363 0.287410 1.481580
v 0.000000 0.279703 1.481648
v -0.096081 0.306046 1.481628
v -0.110949 0.283239 1.376966
v -0.136554 0.331857 1.481939
v -0.157716 0.313278 1.377639
v -0.173674 0.366223 1.483229
v -0.199511 0.353428 1.378933
v -0.205335 0.414229 1.485269
v -0.234142 0.408102 1.380804
v -0.253937 0.403728 1.276610
v -0.263886 0.402336 1.175881
v -0.216905 0.343661 1.275416
v -0.225918 0.338084 1.176023
v -0.171967 0.299880 1.274530
v -0.179122 0.292361 1.176182
v -0.178839 0.292559 1.083254
v -0.225562 0.339787 1.080909
v -0.170124 0.302438 1.000493
v -0.213077 0.350379 0.996964
v -0.153399 0.320811 0.932917
v -0.191274 0.365399 0.930228
v -0.129898 0.345418 0.876639
v -0.091202 0.316773 0.877584
v -0.161704 0.383842 0.875356
v -0.099366 0.374966 0.830440
v -0.124216 0.405224 0.828983
v -0.066326 0.398156 0.800732
v -0.070082 0.352616 0.831992
v -0.054245 0.378476 0.808148
v -0.036360 0.339524 0.831641
v -0.029795 0.377956 0.802486
v 0.000000 0.334576 0.831279
v 0.000000 0.375992 0.800749
v 0.036360 0.339524 0.831641
v 0.029795 0.377956 0.802486
v 0.070082 0.352616 0.831992
v 0.054245 0.378476 0.808148
v 0.099366 0.374966 0.830440
v 0.066326 0.398156 0.800732
v 0.124216 0.405224 0.828983
v 0.082454 0.422818 0.796599
v 0.141945 0.442718 0.827199
v 0.095011 0.452094 0.792914
v 0.149503 0.485171 0.824594
v 0.100523 0.485168 0.789573
v 0.145273 0.529588 0.820672
v 0.097950 0.519539 0.786245
v 0.130093 0.570489 0.816453
v 0.087627 0.551557 0.784095
v 0.107182 0.602691 0.811777
v 0.072942 0.578519 0.783088
v 0.078429 0.626537 0.806898
v 0.061268 0.599859 0.785976
v 0.042061 0.641582 0.801180
v 0.034385 0.601273 0.778452
v -0.000001 0.647702 0.798313
v -0.000000 0.603850 0.775285
v -0.042061 0.641582 0.801180
v -0.034385 0.601273 0.778452
v -0.078429 0.626537 0.806898
v -0.061268 0.599859 0.785976
v -0.099423 0.663160 0.849586
v -0.107182 0.602691 0.811777
v -0.072942 0.578519 0.783088
v -0.130093 0.570489 0.816453
v -0.137261 0.634044 0.856892
v -0.167012 0.594154 0.863247
v -0.158470 0.658930 0.913629
v -0.195151 0.614056 0.920035
v -0.220398 0.553138 0.923979
v -0.187380 0.542168 0.867694
v -0.228511 0.485533 0.926644
v -0.256721 0.485214 0.993732
v -0.193271 0.485317 0.871578
v -0.217435 0.421566 0.928570
v -0.184049 0.431400 0.873822
v -0.243776 0.412841 0.994981
v -0.261239 0.405595 1.079237
v -0.141945 0.442718 0.827199
v -0.149503 0.485171 0.824595
v -0.095011 0.452094 0.792914
v -0.100523 0.485168 0.789573
v -0.082454 0.422818 0.796599
v -0.047766 0.456081 0.773227
v -0.041199 0.429986 0.779616
v -0.050712 0.484999 0.768807
v -0.000000 0.456603 0.766702
v -0.000000 0.430757 0.774336
v -0.000000 0.484804 0.761641
v 0.047766 0.456081 0.773227
v 0.050712 0.484999 0.768807
v 0.041199 0.429986 0.779616
v 0.033134 0.406279 0.787992
v 0.000000 0.406339 0.784484
v -0.033134 0.406279 0.787992
v 0.049458 0.515135 0.766394
v -0.000000 0.514335 0.759532
v 0.044194 0.544102 0.766761
v 0.000000 0.543297 0.760772
v 0.037010 0.570850 0.769714
v 0.000000 0.571096 0.765220
v -0.037010 0.570850 0.769713
v -0.044194 0.544102 0.766761
v -0.087627 0.551557 0.784095
v -0.049458 0.515135 0.766394
v -0.097950 0.519540 0.786245
v -0.145273 0.529588 0.820672
v 0.050363 0.287410 1.481580
v 0.068463 0.400692 1.709992
vn 0.6539 0.2136 0.7258
vn 0.6861 -0.0272 0.7270
vn 0.4984 0.3352 0.7996
vn 0.7205 0.2908 0.6295
vn 0.7691 0.3584 0.5292
vn 0.7996 0.0118 0.6005
vn 0.5432 0.5183 0.6606
vn 0.5905 0.5990 0.5408
vn 0.3316 0.6531 0.6808
vn 0.3781 0.7472 0.5466
vn 0.2911 0.4515 0.8435
vn 0.1382 0.7126 0.6878
vn 0.1737 0.8147 0.5533
vn -0.0000 0.7239 0.6899
vn 0.1133 0.5076 0.8541
vn -0.0000 0.5199 0.8542
vn 0.1179 0.1691 0.9785
vn -0.0000 0.1862 0.9825
vn 0.1334 -0.2327 0.9634
vn 0.2949 0.1126 0.9489
vn 0.3110 -0.2591 0.9144
vn 0.5049 0.0242 0.8629
vn 0.5093 -0.2793 0.8140
vn 0.6728 -0.2739 0.6873
vn 0.4694 -0.5008 0.7272
vn 0.3024 -0.5340 0.7896
vn 0.4362 -0.6424 0.6301
vn 0.6101 -0.4661 0.6408
vn 0.5443 -0.5880 0.5983
vn 0.7010 -0.4558 0.5484
vn 0.7814 -0.2443 0.5742
vn 0.5846 -0.6110 0.5339
vn 0.7553 -0.4492 0.4773
vn 0.8461 -0.2071 0.4911
vn 0.6260 -0.6237 0.4682
vn 0.7964 -0.4354 0.4197
vn 0.6609 -0.6281 0.4106
vn 0.8326 -0.4192 0.3620
vn 0.8874 -0.1718 0.4277
vn 0.9198 -0.1382 0.3673
vn 0.8918 0.1186 0.4366
vn 0.8578 0.0705 0.5091
vn 0.9140 0.1692 0.3688
vn 0.7944 0.4126 0.4458
vn 0.8032 0.4680 0.3685
vn 0.6126 0.6512 0.4480
vn 0.6179 0.6954 0.3669
vn 0.4063 0.7950 0.4505
vn 0.4214 0.8278 0.3704
vn 0.2006 0.8659 0.4583
vn 0.2195 0.8986 0.3799
vn -0.0000 0.8864 0.4629
vn -0.0000 0.9227 0.3855
vn -0.0000 0.8305 0.5570
vn -0.2006 0.8659 0.4583
vn -0.2195 0.8986 0.3799
vn -0.4063 0.7950 0.4505
vn -0.1737 0.8147 0.5533
vn -0.3781 0.7472 0.5466
vn -0.1382 0.7126 0.6878
vn -0.3316 0.6531 0.6808
vn -0.1133 0.5076 0.8541
vn -0.2911 0.4515 0.8435
vn -0.1179 0.1691 0.9785
vn -0.2949 0.1126 0.9489
vn -0.1334 -0.2327 0.9634
vn -0.0000 -0.2212 0.9752
vn -0.3110 -0.2591 0.9144
vn -0.1393 -0.5457 0.8263
vn -0.3024 -0.5340 0.7896
vn -0.1501 -0.7159 0.6819
vn -0.0000 -0.5466 0.8374
vn -0.0000 -0.7234 0.6905
vn 0.1393 -0.5457 0.8263
vn 0.1501 -0.7159 0.6819
vn 0.2997 -0.6895 0.6594
vn 0.1719 -0.8000 0.5749
vn 0.3257 -0.7618 0.5601
vn -0.0000 -0.8138 0.5812
vn 0.1973 -0.8499 0.4887
vn 0.3623 -0.8001 0.4781
vn -0.0000 -0.8695 0.4940
vn 0.2216 -0.8815 0.4169
vn -0.0000 -0.9068 0.4216
vn 0.2415 -0.9046 0.3513
vn 0.3943 -0.8226 0.4096
vn 0.4198 -0.8384 0.3476
vn 0.5297 -0.7443 0.4066
vn 0.4976 -0.7298 0.4689
vn 0.5571 -0.7542 0.3476
vn 0.6933 -0.6281 0.3532
vn 0.5816 -0.7618 0.2853
vn 0.7245 -0.6250 0.2906
vn 0.4377 -0.8536 0.2825
vn 0.6013 -0.7686 0.2184
vn 0.4471 -0.8684 0.2144
vn 0.7513 -0.6217 0.2216
vn 0.6146 -0.7757 0.1431
vn 0.6223 -0.7813 0.0478
vn 0.7717 -0.6196 0.1434
vn 0.4499 -0.8822 0.1388
vn 0.4475 -0.8931 0.0460
vn 0.2531 -0.9584 0.1322
vn 0.2471 -0.9681 0.0408
vn 0.2563 -0.9435 0.2099
vn -0.0000 -0.9916 0.1291
vn -0.0000 -0.9781 0.2083
vn -0.0000 -0.9993 0.0382
vn -0.2531 -0.9584 0.1322
vn -0.2563 -0.9435 0.2099
vn -0.4499 -0.8822 0.1388
vn -0.2471 -0.9681 0.0408
vn -0.4475 -0.8931 0.0460
vn -0.2403 -0.9679 -0.0731
vn -0.0000 -0.9973 -0.0737
vn -0.4425 -0.8936 -0.0750
vn -0.2331 -0.9473 -0.2196
vn -0.0000 -0.9761 -0.2175
vn -0.4352 -0.8703 -0.2305
vn -0.2220 -0.8923 -0.3931
vn -0.4183 -0.8123 -0.4064
vn -0.2016 -0.7940 -0.5736
vn -0.0000 -0.9209 -0.3899
vn -0.0000 -0.8210 -0.5710
vn 0.2220 -0.8923 -0.3931
vn 0.2331 -0.9473 -0.2196
vn 0.2016 -0.7940 -0.5736
vn 0.4183 -0.8123 -0.4064
vn 0.3803 -0.7178 -0.5832
vn 0.4352 -0.8703 -0.2305
vn 0.5933 -0.6813 -0.4288
vn 0.6203 -0.7425 -0.2527
vn 0.5368 -0.5982 -0.5950
vn 0.7413 -0.4990 -0.4488
vn 0.6619 -0.4434 -0.6044
vn 0.7869 -0.5505 -0.2788
vn 0.8436 -0.2810 -0.4575
vn 0.9049 -0.3062 -0.2957
vn 0.7512 -0.2592 -0.6071
vn 0.8893 -0.0377 -0.4557
vn 0.9550 -0.0231 -0.2958
vn 0.7943 -0.0574 -0.6048
vn 0.8720 0.2111 -0.4417
vn 0.9242 0.2643 -0.2756
vn 0.7857 0.1496 -0.6003
vn 0.7934 0.4394 -0.4212
vn 0.8200 0.5175 -0.2445
vn 0.7274 0.3426 -0.5946
vn 0.6646 0.6289 -0.4034
vn 0.6666 0.7131 -0.2171
vn 0.6237 0.5090 -0.5932
vn 0.4975 0.7721 -0.3955
vn 0.4729 0.6458 -0.5994
vn 0.4898 0.8484 -0.2007
vn 0.2787 0.8757 -0.3943
vn 0.2704 0.9432 -0.1930
vn 0.2696 0.7464 -0.6085
vn -0.0000 0.9186 -0.3951
vn -0.0000 0.7886 -0.6149
vn -0.0000 0.9815 -0.1913
vn -0.2787 0.8757 -0.3943
vn -0.2696 0.7464 -0.6085
vn -0.4975 0.7721 -0.3955
vn -0.2704 0.9432 -0.1930
vn -0.4898 0.8484 -0.2007
vn -0.2575 0.9657 -0.0325
vn -0.0000 0.9995 -0.0305
vn -0.4693 0.8821 -0.0401
vn -0.2482 0.9652 0.0820
vn -0.0000 0.9964 0.0845
vn -0.4535 0.8881 0.0750
vn -0.2427 0.9556 0.1672
vn -0.4443 0.8816 0.1594
vn -0.2381 0.9415 0.2386
vn -0.0000 0.9854 0.1704
vn -0.0000 0.9701 0.2426
vn 0.2427 0.9556 0.1672
vn 0.2482 0.9652 0.0820
vn 0.2381 0.9415 0.2387
vn 0.4443 0.8816 0.1594
vn 0.4535 0.8881 0.0750
vn 0.4376 0.8692 0.2303
vn 0.6246 0.7665 0.1496
vn 0.6336 0.7710 0.0642
vn 0.6196 0.7529 0.2218
vn 0.8000 0.5835 0.1398
vn 0.7980 0.5621 0.2173
vn 0.8077 0.5876 0.0482
vn 0.9419 0.3079 0.1342
vn 0.9359 0.2752 0.2200
vn 0.9898 -0.0434 0.1356
vn 0.9478 0.3174 0.0302
vn 0.9995 -0.0238 0.0223
vn 0.9470 0.3020 -0.1095
vn 0.9917 -0.0170 -0.1272
vn 0.8189 0.5684 -0.0799
vn 0.6498 0.7581 -0.0550
vn 0.4693 0.8821 -0.0401
vn 0.2575 0.9657 -0.0325
vn 0.9345 -0.3340 -0.1232
vn 0.9327 -0.3596 0.0296
vn 0.7989 -0.5924 -0.1040
vn 0.7884 -0.6137 0.0419
vn 0.6263 -0.7750 -0.0848
vn 0.4425 -0.8936 -0.0750
vn 0.2403 -0.9679 -0.0731
vn 0.9151 -0.3782 0.1401
vn 0.8923 -0.3913 0.2252
vn 0.9717 -0.0715 0.2252
vn 0.8647 -0.4042 0.2982
vn 0.9477 -0.1042 0.3016
vn 0.9277 0.2253 0.2977
vn 0.8010 0.5226 0.2921
vn 0.6178 0.7301 0.2920
vn 0.4306 0.8518 0.2984
vn 0.2317 0.9230 0.3072
vn -0.0000 0.9501 0.3118
vn -0.2317 0.9230 0.3072
vn -0.4305 0.8518 0.2984
vn -0.4376 0.8692 0.2303
vn -0.4214 0.8278 0.3704
vn -0.6178 0.7301 0.2920
vn -0.8010 0.5226 0.2921
vn -0.6179 0.6954 0.3669
vn -0.6196 0.7529 0.2218
vn -0.7980 0.5621 0.2173
vn -0.6246 0.7665 0.1496
vn -0.8000 0.5835 0.1398
vn -0.6336 0.7710 0.0642
vn -0.8077 0.5876 0.0482
vn -0.6498 0.7581 -0.0550
vn -0.6666 0.7131 -0.2171
vn -0.8189 0.5684 -0.0799
vn -0.8200 0.5175 -0.2445
vn -0.9470 0.3020 -0.1095
vn -0.9242 0.2643 -0.2756
vn -0.9917 -0.0170 -0.1272
vn -0.9478 0.3174 0.0302
vn -0.9995 -0.0238 0.0223
vn -0.9419 0.3079 0.1342
vn -0.9898 -0.0434 0.1356
vn -0.9359 0.2752 0.2200
vn -0.9717 -0.0715 0.2252
vn -0.9277 0.2253 0.2977
vn -0.9477 -0.1042 0.3016
vn -0.9140 0.1692 0.3688
vn -0.9198 -0.1382 0.3673
vn -0.8032 0.4680 0.3685
vn -0.8918 0.1186 0.4366
vn -0.7944 0.4126 0.4458
vn -0.8874 -0.1718 0.4277
vn -0.8578 0.0705 0.5091
vn -0.7691 0.3584 0.5292
vn -0.8461 -0.2071 0.4911
vn -0.7996 0.0118 0.6005
vn -0.7814 -0.2443 0.5742
vn -0.6861 -0.0272 0.7270
vn -0.7205 0.2908 0.6295
vn -0.6539 0.2136 0.7258
vn -0.5432 0.5183 0.6606
vn -0.4984 0.3352 0.7996
vn -0.5905 0.5990 0.5408
vn -0.6126 0.6512 0.4480
vn -0.5049 0.0242 0.8629
vn -0.5093 -0.2793 0.8140
vn -0.6728 -0.2739 0.6873
vn -0.4694 -0.5008 0.7272
vn -0.6101 -0.4661 0.6407
vn -0.4362 -0.6424 0.6301
vn -0.5443 -0.5880 0.5983
vn -0.2997 -0.6895 0.6594
vn -0.4575 -0.7051 0.5418
vn -0.4976 -0.7298 0.4689
vn -0.3257 -0.7618 0.5601
vn -0.5846 -0.6110 0.5339
vn -0.6259 -0.6237 0.4682
vn -0.7010 -0.4558 0.5484
vn -0.7553 -0.4492 0.4773
vn -0.7964 -0.4354 0.4197
vn -0.8326 -0.4192 0.3620
vn -0.6609 -0.6281 0.4106
vn -0.6933 -0.6281 0.3532
vn -0.5297 -0.7443 0.4066
vn -0.5571 -0.7542 0.3476
vn -0.3943 -0.8226 0.4096
vn -0.4198 -0.8384 0.3476
vn -0.3623 -0.8001 0.4781
vn -0.2216 -0.8815 0.4169
vn -0.2415 -0.9046 0.3513
vn -0.1973 -0.8499 0.4887
vn -0.1719 -0.8000 0.5749
vn -0.0000 -0.9351 0.3544
vn -0.2533 -0.9255 0.2816
vn -0.0000 -0.9593 0.2823
vn -0.4377 -0.8536 0.2825
vn -0.4471 -0.8684 0.2144
vn -0.5816 -0.7618 0.2853
vn -0.6013 -0.7686 0.2184
vn -0.7245 -0.6250 0.2906
vn -0.7513 -0.6217 0.2216
vn -0.8647 -0.4042 0.2982
vn -0.8923 -0.3913 0.2252
vn -0.9151 -0.3782 0.1401
vn -0.9327 -0.3596 0.0296
vn -0.7717 -0.6196 0.1434
vn -0.7884 -0.6137 0.0419
vn -0.6146 -0.7757 0.1431
vn -0.6223 -0.7813 0.0478
vn -0.6263 -0.7750 -0.0848
vn -0.7989 -0.5924 -0.1040
vn -0.6203 -0.7425 -0.2527
vn -0.7869 -0.5505 -0.2788
vn -0.5933 -0.6813 -0.4288
vn -0.7413 -0.4990 -0.4488
vn -0.5368 -0.5982 -0.5950
vn -0.3803 -0.7178 -0.5832
vn -0.6619 -0.4434 -0.6044
vn -0.4510 -0.5061 -0.7352
vn -0.5502 -0.3848 -0.7411
vn -0.3242 -0.4335 -0.8408
vn -0.3205 -0.6053 -0.7286
vn -0.2613 -0.5186 -0.8141
vn -0.1694 -0.6616 -0.7304
vn -0.1465 -0.5243 -0.8388
vn -0.0000 -0.6801 -0.7331
vn -0.0000 -0.5336 -0.8457
vn 0.1694 -0.6616 -0.7304
vn 0.1465 -0.5243 -0.8388
vn 0.3205 -0.6053 -0.7286
vn 0.2613 -0.5186 -0.8141
vn 0.4510 -0.5061 -0.7352
vn 0.3242 -0.4335 -0.8408
vn 0.5502 -0.3848 -0.7411
vn 0.4008 -0.3387 -0.8513
vn 0.6241 -0.2397 -0.7437
vn 0.4582 -0.2260 -0.8596
vn 0.6631 -0.0802 -0.7443
vn 0.4885 -0.1022 -0.8665
vn 0.6598 0.0848 -0.7466
vn 0.4864 0.0275 -0.8733
vn 0.6166 0.2395 -0.7500
vn 0.4534 0.1515 -0.8783
vn 0.5382 0.3719 -0.7563
vn 0.3947 0.2584 -0.8817
vn 0.4120 0.4898 -0.7684
vn 0.3380 0.3646 -0.8676
vn 0.2324 0.5649 -0.7918
vn 0.1951 0.3712 -0.9078
vn -0.0000 0.5917 -0.8062
vn -0.0000 0.3830 -0.9238
vn -0.2324 0.5649 -0.7918
vn -0.1951 0.3712 -0.9078
vn -0.4120 0.4898 -0.7684
vn -0.3380 0.3646 -0.8676
vn -0.4729 0.6458 -0.5994
vn -0.5382 0.3719 -0.7563
vn -0.3947 0.2584 -0.8817
vn -0.6166 0.2395 -0.7500
vn -0.6237 0.5090 -0.5932
vn -0.7274 0.3426 -0.5946
vn -0.6646 0.6289 -0.4034
vn -0.7934 0.4394 -0.4212
vn -0.8720 0.2111 -0.4417
vn -0.7857 0.1496 -0.6003
vn -0.8893 -0.0377 -0.4557
vn -0.9550 -0.0231 -0.2958
vn -0.7943 -0.0574 -0.6048
vn -0.8436 -0.2810 -0.4575
vn -0.7512 -0.2592 -0.6071
vn -0.9049 -0.3062 -0.2957
vn -0.9345 -0.3340 -0.1232
vn -0.6241 -0.2397 -0.7437
vn -0.6631 -0.0802 -0.7443
vn -0.4582 -0.2261 -0.8596
vn -0.4885 -0.1022 -0.8665
vn -0.4008 -0.3387 -0.8513
vn -0.2486 -0.2217 -0.9429
vn -0.2142 -0.3221 -0.9221
vn -0.2649 -0.1168 -0.9572
vn -0.0000 -0.2219 -0.9751
vn -0.0000 -0.3235 -0.9462
vn -0.0000 -0.1213 -0.9926
vn 0.2486 -0.2217 -0.9429
vn 0.2649 -0.1168 -0.9572
vn 0.2142 -0.3221 -0.9221
vn 0.1685 -0.4147 -0.8942
vn -0.0000 -0.4206 -0.9072
vn -0.1685 -0.4147 -0.8942
vn 0.2627 -0.0071 -0.9648
vn -0.0000 -0.0168 -0.9999
vn 0.2428 0.1038 -0.9645
vn -0.0000 0.0945 -0.9955
vn 0.2074 0.2179 -0.9537
vn -0.0000 0.2199 -0.9755
vn -0.2074 0.2179 -0.9537
vn -0.2428 0.1038 -0.9645
vn -0.4534 0.1515 -0.8783
vn -0.2627 -0.0071 -0.9648
vn -0.4864 0.0275 -0.8733
vn -0.6598 0.0848 -0.7466
vn 0.2533 -0.9255 0.2816
vn 0.4575 -0.7051 0.5418
vt 0.071373 0.925607
vt 0.070661 0.927987
vt 0.070639 0.931931
vt 0.071583 0.930804
vt 0.070285 0.926408
vt 0.069988 0.931656
vt 0.071141 0.921660
vt 0.072618 0.922596
vt 0.072433 0.917494
vt 0.072846 0.929014
vt 0.072299 0.913809
vt 0.070961 0.918824
vt 0.070019 0.924703
vt 0.072221 0.911495
vt 0.070884 0.917315
vt 0.069917 0.923850
vt 0.072206 0.910773
vt 0.070871 0.916890
vt 0.069897 0.923644
vt 0.069469 0.930292
vt 0.069617 0.930806
vt 0.069437 0.930157
vt 0.069445 0.936750
vt 0.069500 0.936831
vt 0.069705 0.937003
vt 0.070131 0.937104
vt 0.070812 0.937010
vt 0.070189 0.942939
vt 0.070514 0.942262
vt 0.071070 0.941875
vt 0.070971 0.948014
vt 0.071136 0.946625
vt 0.071353 0.945325
vt 0.071946 0.942453
vt 0.072049 0.947135
vt 0.071787 0.936668
vt 0.073042 0.936196
vt 0.073153 0.943456
vt 0.073219 0.949423
vt 0.074693 0.944556
vt 0.074600 0.935802
vt 0.074757 0.951761
vt 0.076996 0.954491
vt 0.076928 0.945866
vt 0.076836 0.935476
vt 0.074412 0.927229
vt 0.076660 0.925129
vt 0.074187 0.919620
vt 0.076458 0.915938
vt 0.074014 0.913619
vt 0.076301 0.908879
vt 0.073885 0.909236
vt 0.076175 0.903825
vt 0.073803 0.906349
vt 0.076087 0.900331
vt 0.073780 0.905357
vt 0.076056 0.899040
vt 0.070022 0.943310
vt 0.069973 0.943406
vt 0.070875 0.948910
vt 0.070842 0.949210
vt 0.071961 0.952332
vt 0.071908 0.953676
vt 0.071888 0.954156
vt 0.073185 0.956268
vt 0.073148 0.958107
vt 0.073131 0.958804
vt 0.074723 0.962600
vt 0.074753 0.960163
vt 0.074711 0.963534
vt 0.076996 0.969262
vt 0.077006 0.967979
vt 0.077024 0.964823
vt 0.074777 0.956674
vt 0.077031 0.960443
vt 0.073227 0.953459
vt 0.080278 0.964754
vt 0.080289 0.970206
vt 0.080231 0.957496
vt 0.084004 0.960199
vt 0.084050 0.968678
vt 0.084075 0.975023
vt 0.087796 0.978400
vt 0.087780 0.971508
vt 0.087748 0.962261
vt 0.091337 0.973096
vt 0.091343 0.963439
vt 0.091325 0.980190
vt 0.091325 0.984985
vt 0.087811 0.983206
vt 0.084091 0.979561
vt 0.091328 0.986918
vt 0.087818 0.985153
vt 0.084097 0.981415
vt 0.084075 0.975023
vt 0.094605 0.984830
vt 0.094632 0.980165
vt 0.094603 0.986670
vt 0.097514 0.984271
vt 0.097523 0.982630
vt 0.097576 0.978086
vt 0.099989 0.978245
vt 0.099976 0.979769
vt 0.100042 0.973944
vt 0.102137 0.967940
vt 0.102095 0.971650
vt 0.102088 0.973032
vt 0.100136 0.967088
vt 0.102172 0.961890
vt 0.097692 0.970968
vt 0.097820 0.960842
vt 0.100233 0.957670
vt 0.102218 0.953775
vt 0.100293 0.945808
vt 0.102274 0.943730
vt 0.097891 0.947651
vt 0.097936 0.932365
vt 0.100363 0.932297
vt 0.102355 0.932343
vt 0.097980 0.916302
vt 0.100459 0.918019
vt 0.102495 0.920336
vt 0.098076 0.902152
vt 0.100602 0.905153
vt 0.102656 0.909357
vt 0.098288 0.892001
vt 0.100834 0.895676
vt 0.102886 0.900932
vt 0.098575 0.884723
vt 0.101136 0.888801
vt 0.103150 0.894783
vt 0.101391 0.883995
vt 0.103371 0.890529
vt 0.098814 0.879645
vt 0.098913 0.877738
vt 0.101498 0.882116
vt 0.103479 0.888773
vt 0.101391 0.883995
vt 0.095435 0.875779
vt 0.095376 0.877753
vt 0.095231 0.882893
vt 0.091491 0.876646
vt 0.091476 0.878575
vt 0.091439 0.883575
vt 0.087542 0.881593
vt 0.087535 0.879754
vt 0.087563 0.886421
vt 0.083589 0.891004
vt 0.083543 0.886502
vt 0.083525 0.884748
vt 0.083543 0.886502
vt 0.091391 0.890968
vt 0.087591 0.893509
vt 0.083658 0.897635
vt 0.091348 0.901255
vt 0.087615 0.903427
vt 0.083725 0.906812
vt 0.083787 0.919594
vt 0.087637 0.917304
vt 0.091342 0.915834
vt 0.083862 0.934502
vt 0.087666 0.933838
vt 0.091354 0.933175
vt 0.094874 0.915474
vt 0.094914 0.900664
vt 0.094868 0.932653
vt 0.095050 0.890317
vt 0.094844 0.949181
vt 0.091348 0.949869
vt 0.094783 0.963080
vt 0.094698 0.973054
vt 0.087705 0.949575
vt 0.083936 0.948651
vt 0.080157 0.947358
vt 0.080068 0.935065
vt 0.079932 0.922400
vt 0.079801 0.911263
vt 0.079686 0.903095
vt 0.079582 0.897227
vt 0.079509 0.893150
vt 0.079481 0.891576
vt 0.079582 0.897226
vt 0.076458 0.915937
vt 0.079932 0.922400
vt 0.074600 0.935802
vt 0.072618 0.922596
vt 0.072029 0.950217
vt 0.080291 0.974142
vt 0.080288 0.975769
vt 0.080231 0.957496
vt 0.102172 0.961890
vt 0.103843 0.955650
vt 0.103787 0.960370
vt 0.103895 0.949259
vt 0.105067 0.945543
vt 0.104917 0.950752
vt 0.104649 0.954908
vt 0.104854 0.955018
vt 0.103799 0.963135
vt 0.104917 0.955433
vt 0.103812 0.964180
vt 0.103960 0.941341
vt 0.105200 0.939360
vt 0.104054 0.932374
vt 0.105321 0.932375
vt 0.104196 0.922993
vt 0.105441 0.925115
vt 0.104349 0.914355
vt 0.105519 0.918354
vt 0.104518 0.907554
vt 0.105555 0.912659
vt 0.104694 0.902518
vt 0.105451 0.908152
vt 0.104901 0.899340
vt 0.105723 0.907853
vt 0.105005 0.898047
vt 0.105838 0.907309
vt 0.104054 0.932374
vt 0.105912 0.938518
vt 0.106072 0.932411
vt 0.105681 0.944030
vt 0.105872 0.943867
vt 0.106148 0.938408
vt 0.106331 0.932452
vt 0.105378 0.949036
vt 0.105505 0.949024
vt 0.106159 0.926046
vt 0.106407 0.926215
vt 0.106363 0.920098
vt 0.106146 0.919928
vt 0.106039 0.914279
vt 0.106202 0.914227
s 1
usemtl Material.002
f 317/296/317 314/297/314 315/298/315 319/299/319
f 314/297/314 316/300/316 335/301/335 315/298/315
f 317/296/317 320/302/320 316/300/316 314/297/314
f 318/303/318 321/304/321 320/302/320 317/296/317
f 318/303/318 317/296/317 319/299/319 355/305/355
f 321/304/321 323/306/323 322/307/322 320/302/320
f 320/302/320 322/307/322 324/308/324 316/300/316
f 323/306/323 326/309/326 325/310/325 322/307/322
f 322/307/322 325/310/325 328/311/328 324/308/324
f 326/309/326 367/312/367 327/313/327 325/310/325
f 325/310/325 327/313/327 329/314/329 328/311/328
f 324/308/324 328/311/328 330/315/330 333/316/333
f 328/311/328 329/314/329 331/317/331 330/315/330
f 330/315/330 331/317/331 380/318/380 332/319/332
f 333/316/333 330/315/330 332/319/332 334/320/334
f 316/300/316 324/308/324 333/316/333 335/301/335
f 335/301/335 333/316/333 334/320/334 336/321/336
f 315/298/315 335/301/335 336/321/336 337/322/337
f 336/321/336 334/320/334 339/323/339 338/324/338
f 337/322/337 336/321/336 338/324/338 341/325/341
f 338/324/338 339/323/339 389/326/389 340/327/340
f 341/325/341 338/324/338 340/327/340 342/328/342
f 343/329/343 341/325/341 342/328/342 345/330/345
f 344/331/344 337/322/337 341/325/341 343/329/343
f 347/332/347 344/331/344 343/329/343 346/333/346
f 346/333/346 343/329/343 345/330/345 348/334/348
f 347/332/347 346/333/346 349/335/349 352/336/352
f 346/333/346 348/334/348 350/337/350 349/335/349
f 349/335/349 350/337/350 404/338/404 351/339/351
f 352/336/352 349/335/349 351/339/351 353/340/353
f 355/305/355 347/332/347 352/336/352 354/341/354
f 354/341/354 352/336/352 353/340/353 356/342/356
f 318/303/318 355/305/355 354/341/354 357/343/357
f 357/343/357 354/341/354 356/342/356 358/344/358
f 359/345/359 357/343/357 358/344/358 360/346/360
f 321/304/321 318/303/318 357/343/357 359/345/359
f 323/306/323 321/304/321 359/345/359 361/347/361
f 361/347/361 359/345/359 360/346/360 362/348/362
f 363/349/363 361/347/361 362/348/362 364/350/364
f 326/309/326 323/306/323 361/347/361 363/349/363
f 367/312/367 326/309/326 363/349/363 365/351/365
f 365/351/365 363/349/363 364/350/364 366/352/366
f 365/351/365 366/352/366 369/350/369 368/349/368
f 367/312/367 365/351/365 368/349/368 371/309/371
f 368/349/368 369/350/369 534/348/534 370/347/370
f 371/309/371 368/349/368 370/347/370 372/306/372
f 371/309/371 373/310/373 327/313/327 367/312/367
f 372/306/372 374/307/374 373/310/373 371/309/371
f 374/307/374 376/308/376 375/311/375 373/310/373
f 373/310/373 375/311/375 329/314/329 327/313/327
f 376/308/376 378/316/378 377/315/377 375/311/375
f 375/311/375 377/315/377 331/317/331 329/314/329
f 378/316/378 381/320/381 379/319/379 377/315/377
f 377/315/377 379/319/379 380/318/380 331/317/331
f 379/319/379 382/353/382 385/354/385 380/318/380
f 381/320/381 383/323/383 382/353/382 379/319/379
f 383/323/383 584/326/584 384/355/384 382/353/382
f 382/353/382 384/355/384 386/356/386 385/354/385
f 332/319/332 380/318/380 385/354/385 387/353/387
f 387/353/387 385/354/385 386/356/386 388/355/388
f 334/320/334 332/319/332 387/353/387 339/323/339
f 339/323/339 387/353/387 388/355/388 389/326/389
f 391/357/391 389/326/389 388/355/388 390/358/390
f 390/358/390 388/355/388 386/356/386 392/359/392
f 394/360/394 391/357/391 390/358/390 393/361/393
f 393/361/393 390/358/390 392/359/392 395/362/395
f 394/360/394 393/361/393 396/363/396 399/364/399
f 393/361/393 395/362/395 397/365/397 396/363/396
f 396/363/396 397/365/397 605/366/605 398/367/398
f 399/364/399 396/363/396 398/367/398 400/368/400
f 401/369/401 399/364/399 400/368/400 403/370/403
f 402/371/402 394/360/394 399/364/399 401/369/401
f 348/334/348 402/371/402 401/369/401 350/337/350
f 350/337/350 401/369/401 403/370/403 404/338/404
f 405/372/405 403/370/403 400/368/400 407/373/407
f 406/374/406 404/338/404 403/370/403 405/372/405
f 410/375/410 406/374/406 405/372/405 408/376/408
f 408/376/408 405/372/405 407/373/407 409/377/409
f 414/378/414 411/379/411 408/376/408 409/377/409
f 411/379/411 413/380/413 410/375/410 408/376/408
f 412/381/412 516/382/516 413/380/413 411/379/411
f 415/383/415 412/381/412 411/379/411 414/378/414
f 417/384/417 415/383/415 414/378/414 416/385/416
f 416/385/416 414/378/414 409/377/409 418/386/418
f 421/387/421 417/384/417 416/385/416 419/388/419
f 419/388/419 416/385/416 418/386/418 420/389/420
f 419/388/419 420/389/420 423/386/423 422/385/422
f 421/387/421 419/388/419 422/385/422 425/384/425
f 422/385/422 423/386/423 609/390/609 424/378/424
f 425/384/425 422/385/422 424/378/424 426/383/426
f 427/391/427 425/384/425 426/383/426 429/392/429
f 428/393/428 421/387/421 425/384/425 427/391/427
f 431/394/431 428/393/428 427/391/427 430/395/430
f 430/395/430 427/391/427 429/392/429 432/396/432
f 430/395/430 433/397/433 436/398/436 431/394/431
f 432/396/432 434/399/434 433/397/433 430/395/430
f 434/399/434 629/400/629 435/401/435 433/397/433
f 433/397/433 435/401/435 437/402/437 436/398/436
f 439/395/439 431/394/431 436/398/436 438/397/438
f 438/397/438 436/398/436 437/402/437 440/401/440
f 443/396/443 439/395/439 438/397/438 441/399/441
f 441/399/441 438/397/438 440/401/440 442/400/442
f 444/403/444 441/399/441 442/400/442 446/404/446
f 445/405/445 443/396/443 441/399/441 444/403/444
f 449/406/449 445/405/445 444/403/444 447/407/447
f 447/407/447 444/403/444 446/404/446 448/408/448
f 450/409/450 447/407/447 448/408/448 452/410/452
f 451/411/451 449/406/449 447/407/447 450/409/450
f 454/412/454 451/411/451 450/409/450 453/413/453
f 453/413/453 450/409/450 452/410/452 455/414/455
f 457/415/457 454/412/454 453/413/453 456/416/456
f 456/416/456 453/413/453 455/414/455 458/417/458
f 460/418/460 457/415/457 456/416/456 459/419/459
f 459/419/459 456/416/456 458/417/458 461/420/461
f 463/421/463 460/418/460 459/419/459 462/422/462
f 462/422/462 459/419/459 461/420/461 464/423/464
f 467/424/467 463/421/463 462/422/462 465/425/465
f 465/425/465 462/422/462 464/423/464 466/426/466
f 468/427/468 465/425/465 466/426/466 470/428/470
f 469/429/469 467/424/467 465/425/465 468/427/468
f 473/430/473 469/429/469 468/427/468 471/431/471
f 471/431/471 468/427/468 470/428/470 472/432/472
f 471/431/471 472/432/472 475/428/475 474/433/474
f 473/430/473 471/431/471 474/433/474 477/429/477
f 474/433/474 475/428/475 668/426/668 476/425/476
f 477/429/477 474/433/474 476/425/476 478/424/478
f 480/434/480 473/430/473 477/429/477 479/435/479
f 479/435/479 477/429/477 478/424/478 481/436/481
f 483/437/483 480/434/480 479/435/479 482/438/482
f 482/438/482 479/435/479 481/436/481 484/439/484
f 482/438/482 485/440/485 488/441/488 483/437/483
f 484/439/484 486/442/486 485/440/485 482/438/482
f 486/442/486 533/443/533 487/444/487 485/440/485
f 485/440/485 487/444/487 489/445/489 488/441/488
f 491/438/491 483/437/483 488/441/488 490/440/490
f 490/440/490 488/441/488 489/445/489 492/446/492
f 494/439/494 491/438/491 490/440/490 493/442/493
f 493/442/493 490/440/490 492/446/492 495/443/495
f 497/447/497 494/439/494 493/442/493 496/448/496
f 496/448/496 493/442/493 495/443/495 498/449/498
f 501/450/501 497/447/497 496/448/496 499/451/499
f 499/451/499 496/448/496 498/449/498 500/452/500
f 499/451/499 500/452/500 503/453/503 502/454/502
f 501/450/501 499/451/499 502/454/502 505/455/505
f 502/454/502 503/453/503 522/456/522 504/457/504
f 505/455/505 502/454/502 504/457/504 506/458/506
f 501/450/501 505/455/505 507/459/507 509/460/509
f 505/455/505 506/458/506 508/461/508 507/459/507
f 507/459/507 508/461/508 454/412/454 457/415/457
f 509/460/509 507/459/507 457/415/457 460/418/460
f 497/447/497 501/450/501 509/460/509 510/462/510
f 510/462/510 509/460/509 460/418/460 463/421/463
f 494/439/494 497/447/497 510/462/510 511/436/511
f 511/436/511 510/462/510 463/421/463 467/424/467
f 512/435/512 511/436/511 467/424/467 469/429/469
f 491/438/491 494/439/494 511/436/511 512/435/512
f 483/437/483 491/438/491 512/435/512 480/434/480
f 480/434/480 512/435/512 469/429/469 473/430/473
f 508/461/508 513/463/513 451/411/451 454/412/454
f 506/458/506 514/464/514 513/463/513 508/461/508
f 514/464/514 516/382/516 515/465/515 513/463/513
f 513/463/513 515/465/515 449/406/449 451/411/451
f 517/466/517 515/465/515 516/382/516 412/381/412
f 445/405/445 449/406/449 515/465/515 517/466/517
f 443/396/443 445/405/445 517/466/517 518/392/518
f 518/392/518 517/466/517 412/381/412 415/383/415
f 519/391/519 518/392/518 415/383/415 417/384/417
f 439/395/439 443/396/443 518/392/518 519/391/519
f 431/394/431 439/395/439 519/391/519 428/393/428
f 428/393/428 519/391/519 417/384/417 421/387/421
f 514/464/514 520/467/520 413/380/413 516/382/516
f 506/458/506 504/457/504 520/467/520 514/464/514
f 504/457/504 522/456/522 521/468/521 520/467/520
f 520/467/520 521/468/521 410/375/410 413/380/413
f 521/468/521 523/469/523 406/374/406 410/375/410
f 522/456/522 524/470/524 523/469/523 521/468/521
f 524/470/524 353/340/353 351/339/351 523/469/523
f 523/469/523 351/339/351 404/338/404 406/374/406
f 525/471/525 356/342/356 353/340/353 524/470/524
f 503/453/503 525/471/525 524/470/524 522/456/522
f 526/472/526 358/344/358 356/342/356 525/471/525
f 500/452/500 526/472/526 525/471/525 503/453/503
f 526/472/526 527/473/527 360/346/360 358/344/358
f 500/452/500 498/449/498 527/473/527 526/472/526
f 498/449/498 495/443/495 528/474/528 527/473/527
f 527/473/527 528/474/528 362/348/362 360/346/360
f 495/443/495 492/446/492 529/475/529 528/474/528
f 528/474/528 529/475/529 364/350/364 362/348/362
f 492/446/492 489/445/489 530/476/530 529/475/529
f 529/475/529 530/476/530 366/352/366 364/350/364
f 487/444/487 531/475/531 530/476/530 489/445/489
f 531/475/531 369/350/369 366/352/366 530/476/530
f 532/477/532 534/348/534 369/350/369 531/475/531
f 533/443/533 532/477/532 531/475/531 487/444/487
f 538/449/538 535/473/535 532/477/532 533/443/533
f 535/473/535 537/346/537 534/348/534 532/477/532
f 536/472/536 561/478/561 537/346/537 535/473/535
f 539/452/539 536/472/536 535/473/535 538/449/538
f 540/448/540 538/449/538 533/443/533 486/442/486
f 541/451/541 539/452/539 538/449/538 540/448/540
f 543/450/543 541/451/541 540/448/540 542/447/542
f 542/447/542 540/448/540 486/442/486 484/439/484
f 484/439/484 481/436/481 544/462/544 542/447/542
f 542/447/542 544/462/544 546/460/546 543/450/543
f 481/436/481 478/424/478 545/421/545 544/462/544
f 544/462/544 545/421/545 547/418/547 546/460/546
f 543/450/543 546/460/546 548/459/548 551/455/551
f 546/460/546 547/418/547 549/415/549 548/459/548
f 548/459/548 549/415/549 679/412/679 550/461/550
f 551/455/551 548/459/548 550/461/550 552/458/552
f 543/450/543 551/455/551 553/454/553 541/451/541
f 551/455/551 552/458/552 554/457/554 553/454/553
f 553/454/553 554/457/554 556/456/556 555/453/555
f 541/451/541 553/454/553 555/453/555 539/452/539
f 555/453/555 556/456/556 558/470/558 557/479/557
f 539/452/539 555/453/555 557/479/557 536/472/536
f 557/479/557 558/470/558 560/340/560 559/342/559
f 536/472/536 557/479/557 559/342/559 561/478/561
f 562/341/562 559/342/559 560/340/560 564/480/564
f 563/343/563 561/478/561 559/342/559 562/341/562
f 566/481/566 563/343/563 562/341/562 565/305/565
f 565/305/565 562/341/562 564/480/564 567/332/567
f 566/481/566 565/305/565 568/299/568 571/296/571
f 565/305/565 567/332/567 569/331/569 568/299/568
f 568/299/568 569/331/569 579/322/579 570/298/570
f 571/296/571 568/299/568 570/298/570 572/297/572
f 566/481/566 571/296/571 573/302/573 575/304/575
f 571/296/571 572/297/572 574/300/574 573/302/573
f 573/302/573 574/300/574 376/308/376 374/307/374
f 575/304/575 573/302/573 374/307/374 372/306/372
f 372/306/372 370/347/370 576/345/576 575/304/575
f 575/304/575 576/345/576 563/343/563 566/481/566
f 370/347/370 534/348/534 537/346/537 576/345/576
f 576/345/576 537/346/537 561/478/561 563/343/563
f 572/297/572 570/298/570 577/301/577 574/300/574
f 574/300/574 577/301/577 378/316/378 376/308/376
f 570/298/570 579/322/579 578/321/578 577/301/577
f 577/301/577 578/321/578 381/320/381 378/316/378
f 578/321/578 580/324/580 383/323/383 381/320/381
f 579/322/579 581/325/581 580/324/580 578/321/578
f 581/325/581 583/328/583 582/327/582 580/324/580
f 580/324/580 582/327/582 584/326/584 383/323/383
f 588/330/588 585/482/585 582/327/582 583/328/583
f 585/482/585 587/357/587 584/326/584 582/327/582
f 586/371/586 600/360/600 587/357/587 585/482/585
f 589/334/589 586/371/586 585/482/585 588/330/588
f 591/333/591 589/334/589 588/330/588 590/329/590
f 590/329/590 588/330/588 583/328/583 581/325/581
f 567/332/567 591/333/591 590/329/590 569/331/569
f 569/331/569 590/329/590 581/325/581 579/322/579
f 567/332/567 564/480/564 592/335/592 591/333/591
f 591/333/591 592/335/592 594/337/594 589/334/589
f 564/480/564 560/340/560 593/339/593 592/335/592
f 592/335/592 593/339/593 595/338/595 594/337/594
f 589/334/589 594/337/594 596/369/596 586/371/586
f 594/337/594 595/338/595 597/370/597 596/369/596
f 596/369/596 597/370/597 599/368/599 598/364/598
f 586/371/586 596/369/596 598/364/598 600/360/600
f 598/364/598 599/368/599 602/367/602 601/363/601
f 600/360/600 598/364/598 601/363/601 603/361/603
f 601/363/601 602/367/602 605/366/605 397/365/397
f 603/361/603 601/363/601 397/365/397 395/362/395
f 600/360/600 603/361/603 604/358/604 587/357/587
f 603/361/603 395/362/395 392/359/392 604/358/604
f 604/358/604 392/359/392 386/356/386 384/355/384
f 587/357/587 604/358/604 384/355/384 584/326/584
f 606/483/606 607/484/607 605/366/605 602/367/602
f 608/373/608 606/483/606 602/367/602 599/368/599
f 423/386/423 420/389/420 607/484/607 606/483/606
f 609/390/609 423/386/423 606/483/606 608/373/608
f 610/372/610 608/373/608 599/368/599 597/370/597
f 611/376/611 609/390/609 608/373/608 610/372/610
f 613/375/613 611/376/611 610/372/610 612/485/612
f 612/485/612 610/372/610 597/370/597 595/338/595
f 615/468/615 613/375/613 612/485/612 614/469/614
f 614/469/614 612/485/612 595/338/595 593/339/593
f 556/456/556 615/468/615 614/469/614 558/470/558
f 558/470/558 614/469/614 593/339/593 560/340/560
f 616/467/616 618/380/618 613/375/613 615/468/615
f 554/457/554 616/467/616 615/468/615 556/456/556
f 617/464/617 619/382/619 618/380/618 616/467/616
f 552/458/552 617/464/617 616/467/616 554/457/554
f 620/379/620 611/376/611 613/375/613 618/380/618
f 621/381/621 620/379/620 618/380/618 619/382/619
f 424/378/424 609/390/609 611/376/611 620/379/620
f 426/383/426 424/378/424 620/379/620 621/381/621
f 622/466/622 621/381/621 619/382/619 623/465/623
f 429/392/429 426/383/426 621/381/621 622/466/622
f 432/396/432 429/392/429 622/466/622 624/405/624
f 624/405/624 622/466/622 623/465/623 625/406/625
f 624/405/624 626/403/626 434/399/434 432/396/432
f 625/406/625 627/407/627 626/403/626 624/405/624
f 627/407/627 630/408/630 628/486/628 626/403/626
f 626/403/626 628/486/628 629/400/629 434/399/434
f 628/486/628 631/487/631 634/488/634 629/400/629
f 630/408/630 632/489/632 631/487/631 628/486/628
f 632/489/632 689/490/689 633/491/633 631/487/631
f 631/487/631 633/491/633 635/492/635 634/488/634
f 634/488/634 635/492/635 637/493/637 636/494/636
f 629/400/629 634/488/634 636/494/636 435/401/435
f 636/494/636 637/493/637 639/495/639 638/496/638
f 435/401/435 636/494/636 638/496/638 437/402/437
f 440/401/440 437/402/437 638/496/638 640/494/640
f 640/494/640 638/496/638 639/495/639 641/493/641
f 442/400/442 440/401/440 640/494/640 642/488/642
f 642/488/642 640/494/640 641/493/641 643/492/643
f 644/487/644 642/488/642 643/492/643 645/491/645
f 446/404/446 442/400/442 642/488/642 644/487/644
f 448/408/448 446/404/446 644/487/644 646/489/646
f 646/489/646 644/487/644 645/491/645 647/490/647
f 648/497/648 646/489/646 647/490/647 649/498/649
f 452/410/452 448/408/448 646/489/646 648/497/648
f 455/414/455 452/410/452 648/497/648 650/499/650
f 650/499/650 648/497/648 649/498/649 651/500/651
f 458/417/458 455/414/455 650/499/650 652/501/652
f 652/501/652 650/499/650 651/500/651 653/502/653
f 461/420/461 458/417/458 652/501/652 654/503/654
f 654/503/654 652/501/652 653/502/653 655/504/655
f 464/423/464 461/420/461 654/503/654 656/505/656
f 656/505/656 654/503/654 655/504/655 657/506/657
f 466/426/466 464/423/464 656/505/656 658/507/658
f 658/507/658 656/505/656 657/506/657 659/508/659
f 660/509/660 658/507/658 659/508/659 661/510/661
f 470/428/470 466/426/466 658/507/658 660/509/660
f 472/432/472 470/428/470 660/509/660 662/511/662
f 662/511/662 660/509/660 661/510/661 663/512/663
f 662/511/662 663/512/663 665/510/665 664/509/664
f 472/432/472 662/511/662 664/509/664 475/428/475
f 664/509/664 665/510/665 667/508/667 666/507/666
f 475/428/475 664/509/664 666/507/666 668/426/668
f 666/507/666 667/508/667 670/506/670 669/505/669
f 668/426/668 666/507/666 669/505/669 672/423/672
f 669/505/669 670/506/670 710/504/710 671/503/671
f 672/423/672 669/505/669 671/503/671 673/420/673
f 674/422/674 672/423/672 673/420/673 675/419/675
f 476/425/476 668/426/668 672/423/672 674/422/674
f 478/424/478 476/425/476 674/422/674 545/421/545
f 545/421/545 674/422/674 675/419/675 547/418/547
f 547/418/547 675/419/675 676/416/676 549/415/549
f 675/419/675 673/420/673 677/417/677 676/416/676
f 676/416/676 677/417/677 680/414/680 678/413/678
f 549/415/549 676/416/676 678/413/678 679/412/679
f 679/412/679 678/413/678 681/409/681 683/411/683
f 678/413/678 680/414/680 682/410/682 681/409/681
f 681/409/681 682/410/682 630/408/630 627/407/627
f 683/411/683 681/409/681 627/407/627 625/406/625
f 550/461/550 679/412/679 683/411/683 684/463/684
f 684/463/684 683/411/683 625/406/625 623/465/623
f 552/458/552 550/461/550 684/463/684 617/464/617
f 617/464/617 684/463/684 623/465/623 619/382/619
f 682/410/682 685/497/685 632/489/632 630/408/630
f 680/414/680 686/513/686 685/497/685 682/410/682
f 686/513/686 688/500/688 687/498/687 685/497/685
f 685/497/685 687/498/687 689/490/689 632/489/632
f 690/514/690 687/498/687 688/500/688 692/515/692
f 691/516/691 689/490/689 687/498/687 690/514/690
f 694/517/694 691/516/691 690/514/690 693/518/693
f 693/518/693 690/514/690 692/515/692 695/519/695
f 694/517/694 693/518/693 696/514/696 698/516/698
f 693/518/693 695/519/695 697/515/697 696/514/696
f 696/514/696 697/515/697 651/500/651 649/498/649
f 698/516/698 696/514/696 649/498/649 647/490/647
f 698/516/698 647/490/647 645/491/645 699/520/699
f 694/517/694 698/516/698 699/520/699 700/521/700
f 699/520/699 645/491/645 643/492/643 641/493/641
f 700/521/700 699/520/699 641/493/641 639/495/639
f 700/521/700 639/495/639 637/493/637 701/520/701
f 694/517/694 700/521/700 701/520/701 691/516/691
f 701/520/701 637/493/637 635/492/635 633/491/633
f 691/516/691 701/520/701 633/491/633 689/490/689
f 697/515/697 702/522/702 653/502/653 651/500/651
f 695/519/695 703/523/703 702/522/702 697/515/697
f 703/523/703 705/524/705 704/525/704 702/522/702
f 702/522/702 704/525/704 655/504/655 653/502/653
f 704/525/704 706/526/706 657/506/657 655/504/655
f 705/524/705 707/527/707 706/526/706 704/525/704
f 707/527/707 663/512/663 661/510/661 706/526/706
f 706/526/706 661/510/661 659/508/659 657/506/657
f 705/524/705 709/525/709 708/526/708 707/527/707
f 707/527/707 708/526/708 665/510/665 663/512/663
f 709/525/709 710/504/710 670/506/670 708/526/708
f 708/526/708 670/506/670 667/508/667 665/510/665
f 711/522/711 712/502/712 710/504/710 709/525/709
f 703/523/703 711/522/711 709/525/709 705/524/705
f 692/515/692 688/500/688 712/502/712 711/522/711
f 695/519/695 692/515/692 711/522/711 703/523/703
f 671/503/671 710/504/710 712/502/712 713/501/713
f 713/501/713 712/502/712 688/500/688 686/513/686
f 673/420/673 671/503/671 713/501/713 677/417/677
f 677/417/677 713/501/713 686/513/686 680/414/680
f 714/483/714 398/367/398 605/366/605 607/484/607
f 418/386/418 714/483/714 607/484/607 420/389/420
f 407/373/407 400/368/400 398/367/398 714/483/714
f 409/377/409 407/373/407 714/483/714 418/386/418
f 348/334/348 345/330/345 715/482/715 402/371/402
f 402/371/402 715/482/715 391/357/391 394/360/394
f 345/330/345 342/328/342 340/327/340 715/482/715
f 715/482/715 340/327/340 389/326/389 391/357/391
f 355/305/355 319/299/319 344/331/344 347/332/347
f 319/299/319 315/298/315 337/322/337 344/331/344
o RetopoModel.003
v 0.000000 0.761181 1.654573
v -0.022265 0.759582 1.651011
v 0.000000 0.693519 1.831428
v 0.000000 0.797156 1.541914
v 0.022265 0.759582 1.651011
v 0.133217 0.713975 1.582682
v 0.020057 0.691935 1.824481
v 0.022796 0.795430 1.540191
v 0.021925 0.825328 1.427664
v 0.126209 0.754441 1.490578
v 0.114183 0.787985 1.396397
v 0.194713 0.714523 1.419975
v 0.172593 0.752852 1.345199
v 0.210114 0.669836 1.493194
v 0.242786 0.674787 1.310221
v 0.213326 0.717381 1.256047
v 0.266202 0.627718 1.363940
v 0.260752 0.653652 1.247049
v 0.238610 0.685024 1.193253
v 0.283065 0.610932 1.303265
v 0.280956 0.623151 1.179708
v 0.261219 0.650593 1.130503
v 0.292280 0.602348 1.236312
v 0.318744 0.555039 1.143994
v 0.325086 0.536743 1.226565
v 0.300227 0.582034 1.064893
v 0.316487 0.536125 1.139772
v 0.302896 0.565223 1.058360
v 0.326489 0.519987 1.225118
v 0.292323 0.535376 1.148053
v 0.298774 0.521405 1.227258
v 0.277998 0.559153 1.074213
v 0.161869 0.528533 1.182884
v 0.165226 0.525694 1.235588
v 0.158419 0.534951 1.130507
v 0.094975 0.526984 1.189741
v 0.094674 0.530700 1.138560
v 0.095256 0.526210 1.241059
v 0.015024 0.526898 1.192897
v 0.015921 0.531247 1.137606
v 0.014142 0.526285 1.248354
v 0.000000 0.526902 1.193614
v 0.000000 0.531303 1.137752
v 0.000000 0.526289 1.249640
v -0.015024 0.526898 1.192897
v -0.015921 0.531247 1.137606
v -0.014142 0.526285 1.248354
v -0.094975 0.526984 1.189741
v -0.094674 0.530700 1.138560
v -0.095256 0.526210 1.241059
v -0.161869 0.528533 1.182884
v -0.165226 0.525694 1.235588
v -0.158419 0.534951 1.130507
v -0.292323 0.535376 1.148053
v -0.298774 0.521405 1.227258
v -0.277998 0.559153 1.074213
v -0.316487 0.536125 1.139772
v -0.302896 0.565223 1.058360
v -0.326489 0.519987 1.225118
v -0.318744 0.555039 1.143994
v -0.325086 0.536743 1.226565
v -0.300227 0.582034 1.064893
v -0.280956 0.623151 1.179708
v -0.261219 0.650593 1.130503
v -0.292280 0.602348 1.236312
v -0.260752 0.653652 1.247049
v -0.238610 0.685024 1.193253
v -0.283065 0.610932 1.303265
v -0.242786 0.674787 1.310221
v -0.213326 0.717381 1.256047
v -0.266202 0.627718 1.363940
v -0.194713 0.714523 1.419975
v -0.172593 0.752852 1.345199
v -0.210114 0.669836 1.493194
v -0.126209 0.754441 1.490578
v -0.114183 0.787985 1.396397
v -0.133217 0.713975 1.582682
v -0.022796 0.795430 1.540191
v -0.021925 0.825328 1.427664
v -0.020689 0.848670 1.277212
v 0.000000 0.827157 1.427566
v 0.000000 0.850717 1.275529
v 0.000000 0.852512 1.126182
v 0.020689 0.848670 1.277212
v 0.020108 0.850303 1.128849
v 0.101676 0.812165 1.271231
v 0.146311 0.782417 1.265960
v 0.105190 0.809170 1.146855
v 0.116916 0.791041 1.060319
v 0.163766 0.767379 1.182448
v 0.184015 0.741708 1.109436
v 0.201327 0.713021 1.036735
v 0.125422 0.768322 0.974417
v 0.231285 0.653859 0.941419
v 0.141508 0.718971 0.855672
v 0.234087 0.636382 0.930885
v 0.216843 0.618525 0.957679
v 0.143808 0.701248 0.841333
v 0.135274 0.672797 0.877096
v 0.020808 0.765069 0.765951
v 0.020028 0.782500 0.784171
v 0.000000 0.769628 0.762342
v 0.021175 0.726266 0.810331
v 0.000000 0.729897 0.805910
v 0.018134 0.566031 1.025585
v 0.000000 0.566757 1.024329
v 0.098337 0.556828 1.043913
v 0.145825 0.554045 1.059049
v -0.018134 0.566031 1.025585
v -0.098337 0.556828 1.043913
v -0.021175 0.726266 0.810331
v -0.020808 0.765069 0.765951
v -0.135274 0.672797 0.877096
v -0.216843 0.618525 0.957679
v -0.143808 0.701248 0.841333
v -0.141508 0.718971 0.855672
v -0.234087 0.636382 0.930885
v -0.231285 0.653859 0.941419
v -0.201327 0.713021 1.036735
v -0.125422 0.768322 0.974417
v -0.184015 0.741708 1.109436
v -0.163766 0.767379 1.182448
v -0.116916 0.791041 1.060319
v -0.105190 0.809170 1.146855
v -0.021166 0.839331 1.027066
v -0.020108 0.850303 1.128849
v -0.020284 0.821801 0.926119
v 0.000000 0.842130 1.023822
v 0.000000 0.824555 0.922360
v 0.021166 0.839331 1.027066
v 0.020284 0.821801 0.926119
v 0.000000 0.785397 0.779862
v -0.020028 0.782500 0.784171
v -0.101676 0.812165 1.271231
v -0.146311 0.782417 1.265960
v -0.145825 0.554045 1.059049
v -0.133827 0.637265 1.722736
v -0.220205 0.587464 1.596869
v -0.131353 0.616517 1.743228
v -0.020057 0.691935 1.824481
v -0.019657 0.671454 1.852376
v -0.019169 0.647480 1.798300
v 0.000000 0.674797 1.857719
v 0.000000 0.650456 1.805842
v 0.019657 0.671454 1.852376
v 0.019169 0.647480 1.798300
v 0.131353 0.616517 1.743228
v 0.133827 0.637265 1.722736
v 0.217324 0.567577 1.610223
v 0.123473 0.601571 1.699646
v 0.202133 0.560772 1.579148
v 0.092968 0.541904 1.478417
v 0.140727 0.537010 1.452047
v 0.092243 0.528207 1.355940
v 0.014281 0.550533 1.511388
v 0.000000 0.551367 1.515146
v 0.013414 0.529324 1.370122
v 0.013779 0.526751 1.309266
v 0.000000 0.529493 1.372486
v -0.013414 0.529324 1.370122
v 0.000000 0.526796 1.311095
v -0.013779 0.526751 1.309266
v -0.093744 0.526428 1.298513
v -0.092243 0.528207 1.355940
v -0.160657 0.525371 1.295722
v -0.156133 0.527522 1.355822
v -0.287117 0.519418 1.319116
v -0.268205 0.526765 1.408856
v -0.310773 0.517440 1.324832
v -0.291478 0.526605 1.423485
v -0.314362 0.535547 1.323943
v -0.292536 0.544751 1.417943
v -0.217324 0.567577 1.610223
v -0.202133 0.560772 1.579148
v -0.123473 0.601571 1.699646
v -0.140727 0.537010 1.452047
v -0.092968 0.541904 1.478417
v -0.014281 0.550533 1.511388
v 0.093744 0.526428 1.298513
v 0.160657 0.525371 1.295722
v 0.156133 0.527522 1.355822
v 0.287117 0.519418 1.319116
v 0.268205 0.526765 1.408856
v 0.310773 0.517440 1.324832
v 0.291478 0.526605 1.423485
v 0.314362 0.535547 1.323943
v 0.292536 0.544751 1.417943
v 0.220205 0.587464 1.596869
vn -0.0000 0.9419 0.3359
vn -0.3487 0.8754 0.3348
vn -0.0000 0.8686 0.4956
vn -0.0000 0.9596 0.2815
vn 0.3487 0.8754 0.3348
vn 0.6393 0.7022 0.3135
vn 0.4451 0.7690 0.4589
vn 0.2898 0.9152 0.2801
vn 0.2608 0.9440 0.2023
vn 0.5690 0.7832 0.2509
vn 0.5189 0.8371 0.1735
vn 0.7280 0.6612 0.1815
vn 0.6724 0.7319 0.1106
vn 0.7887 0.5589 0.2560
vn 0.8080 0.5823 0.0901
vn 0.7530 0.6574 0.0266
vn 0.8608 0.4816 0.1648
vn 0.8317 0.5543 0.0308
vn 0.7863 0.6173 -0.0246
vn 0.8801 0.4649 0.0968
vn 0.8552 0.5183 -0.0049
vn 0.8141 0.5773 -0.0629
vn 0.8801 0.4724 0.0473
vn 0.9630 0.2574 -0.0803
vn 0.9811 0.1905 0.0335
vn 0.9130 0.3668 -0.1787
vn 0.6730 -0.6837 -0.2822
vn 0.7039 -0.5227 -0.4809
vn 0.6853 -0.7255 -0.0635
vn -0.0130 -0.9768 -0.2137
vn -0.0412 -0.9952 -0.0887
vn 0.0236 -0.9314 -0.3632
vn 0.0139 -0.9925 -0.1212
vn -0.0147 -0.9988 -0.0459
vn 0.0427 -0.9680 -0.2473
vn 0.0077 -0.9985 -0.0549
vn 0.0083 -0.9841 -0.1773
vn -0.0027 -0.9999 -0.0108
vn -0.0025 -0.9990 -0.0447
vn -0.0113 -0.9826 -0.1856
vn -0.0011 -1.0000 -0.0026
vn -0.0000 -0.9990 -0.0438
vn -0.0000 -0.9820 -0.1886
vn -0.0000 -1.0000 -0.0010
vn 0.0025 -0.9990 -0.0447
vn 0.0113 -0.9826 -0.1856
vn 0.0011 -1.0000 -0.0026
vn -0.0077 -0.9985 -0.0549
vn -0.0083 -0.9841 -0.1773
vn 0.0027 -0.9999 -0.0108
vn -0.0139 -0.9925 -0.1212
vn 0.0147 -0.9988 -0.0459
vn -0.0427 -0.9680 -0.2473
vn 0.0130 -0.9768 -0.2137
vn 0.0412 -0.9952 -0.0887
vn -0.0236 -0.9314 -0.3632
vn -0.6730 -0.6837 -0.2822
vn -0.7039 -0.5227 -0.4809
vn -0.6853 -0.7255 -0.0635
vn -0.9630 0.2574 -0.0803
vn -0.9811 0.1905 0.0335
vn -0.9130 0.3668 -0.1787
vn -0.8552 0.5183 -0.0049
vn -0.8141 0.5773 -0.0629
vn -0.8801 0.4724 0.0473
vn -0.8317 0.5543 0.0308
vn -0.7863 0.6173 -0.0246
vn -0.8801 0.4649 0.0968
vn -0.8080 0.5823 0.0901
vn -0.7530 0.6574 0.0266
vn -0.8608 0.4816 0.1648
vn -0.7280 0.6612 0.1815
vn -0.6724 0.7319 0.1106
vn -0.7887 0.5589 0.2560
vn -0.5690 0.7832 0.2509
vn -0.5189 0.8371 0.1735
vn -0.6393 0.7022 0.3135
vn -0.2897 0.9152 0.2801
vn -0.2608 0.9440 0.2023
vn -0.2574 0.9631 0.0787
vn -0.0000 0.9791 0.2035
vn -0.0000 0.9969 0.0784
vn -0.0000 0.9987 -0.0506
vn 0.2574 0.9631 0.0787
vn 0.2839 0.9575 -0.0502
vn 0.4925 0.8683 0.0583
vn 0.6229 0.7814 0.0384
vn 0.5216 0.8514 -0.0547
vn 0.5631 0.8168 -0.1250
vn 0.6616 0.7491 -0.0327
vn 0.7006 0.7086 -0.0842
vn 0.7304 0.6694 -0.1357
vn 0.5970 0.7796 -0.1893
vn 0.8045 0.5158 -0.2946
vn 0.6654 0.6423 -0.3804
vn 0.6449 -0.3245 -0.6920
vn 0.0336 -0.8589 -0.5111
vn 0.5314 -0.1841 -0.8269
vn 0.0129 -0.8058 -0.5921
vn 0.3396 -0.0313 -0.9400
vn 0.4074 0.7936 -0.4520
vn -0.0000 0.0825 -0.9966
vn -0.0030 -0.7795 -0.6264
vn -0.0000 -0.7698 -0.6382
vn -0.0105 -0.8900 -0.4558
vn -0.0000 -0.8870 -0.4618
vn 0.0080 -0.9034 -0.4287
vn 0.0521 -0.9126 -0.4056
vn 0.0105 -0.8900 -0.4558
vn -0.0080 -0.9034 -0.4287
vn 0.0030 -0.7795 -0.6264
vn -0.3396 -0.0313 -0.9400
vn -0.0129 -0.8058 -0.5921
vn -0.0336 -0.8589 -0.5111
vn -0.5314 -0.1841 -0.8269
vn -0.6654 0.6423 -0.3804
vn -0.6449 -0.3245 -0.6920
vn -0.8045 0.5158 -0.2946
vn -0.7304 0.6694 -0.1357
vn -0.5970 0.7796 -0.1893
vn -0.7006 0.7086 -0.0842
vn -0.6616 0.7491 -0.0327
vn -0.5631 0.8168 -0.1250
vn -0.5216 0.8514 -0.0547
vn -0.3198 0.9374 -0.1380
vn -0.2839 0.9575 -0.0502
vn -0.3522 0.9111 -0.2142
vn -0.0000 0.9901 -0.1403
vn -0.0000 0.9747 -0.2234
vn 0.3198 0.9374 -0.1380
vn 0.3522 0.9111 -0.2142
vn -0.0000 0.8664 -0.4993
vn -0.4074 0.7936 -0.4520
vn -0.4925 0.8683 0.0583
vn -0.6229 0.7814 0.0384
vn -0.0521 -0.9126 -0.4056
vn -0.7389 0.5291 0.4172
vn -0.8703 0.3349 0.3611
vn -0.5880 -0.4099 0.6973
vn -0.4451 0.7690 0.4589
vn -0.4270 -0.1510 0.8916
vn 0.0373 -0.9335 0.3566
vn -0.0000 -0.0125 0.9999
vn -0.0000 -0.9248 0.3805
vn 0.4270 -0.1510 0.8916
vn -0.0373 -0.9335 0.3566
vn 0.5880 -0.4099 0.6973
vn 0.7389 0.5291 0.4172
vn 0.6310 -0.5734 0.5225
vn -0.0661 -0.9505 0.3038
vn -0.0536 -0.9739 0.2207
vn -0.0447 -0.9792 0.1978
vn -0.0349 -0.9868 0.1583
vn -0.0152 -0.9972 0.0736
vn -0.0264 -0.9729 0.2299
vn -0.0000 -0.9680 0.2510
vn -0.0078 -0.9959 0.0901
vn -0.0018 -0.9997 0.0233
vn -0.0000 -0.9947 0.1026
vn 0.0078 -0.9959 0.0901
vn -0.0000 -0.9996 0.0270
vn 0.0018 -0.9997 0.0233
vn 0.0073 -0.9998 0.0180
vn 0.0152 -0.9972 0.0736
vn 0.0270 -0.9995 0.0151
vn 0.0288 -0.9963 0.0806
vn 0.0564 -0.9982 0.0180
vn 0.0518 -0.9920 0.1148
vn -0.6338 -0.7612 0.1373
vn -0.6467 -0.6963 0.3113
vn -0.9742 0.1635 0.1559
vn -0.9468 0.1982 0.2537
vn -0.6310 -0.5734 0.5225
vn 0.0536 -0.9739 0.2207
vn 0.0661 -0.9505 0.3038
vn 0.0349 -0.9868 0.1583
vn 0.0447 -0.9792 0.1978
vn 0.0264 -0.9729 0.2299
vn -0.0073 -0.9998 0.0180
vn -0.0270 -0.9995 0.0151
vn -0.0288 -0.9963 0.0806
vn -0.0564 -0.9982 0.0180
vn -0.0518 -0.9920 0.1148
vn 0.6338 -0.7612 0.1373
vn 0.6467 -0.6963 0.3113
vn 0.9742 0.1635 0.1559
vn 0.9468 0.1982 0.2537
vn 0.8703 0.3349 0.3611
vt 0.841536 0.597373
vt 0.831990 0.590729
vt 0.894470 0.522546
vt 0.904361 0.527344
vt 0.803067 0.640254
vt 0.794111 0.633066
vt 0.910200 0.536658
vt 0.849173 0.606145
vt 0.811181 0.648380
vt 0.879542 0.670084
vt 0.840851 0.701649
vt 0.940028 0.617051
vt 0.765080 0.682597
vt 0.773197 0.689645
vt 0.801911 0.731920
vt 0.851706 0.753952
vt 0.812843 0.772460
vt 0.890438 0.733989
vt 0.806557 0.824098
vt 0.843798 0.817716
vt 0.881149 0.810102
vt 0.801795 0.861402
vt 0.834569 0.851892
vt 0.871663 0.842871
vt 0.796064 0.898830
vt 0.826243 0.890247
vt 0.854776 0.874701
vt 0.844233 0.929480
vt 0.802656 0.950156
vt 0.880628 0.901230
vt 0.887004 0.906914
vt 0.849822 0.937598
vt 0.806225 0.958682
vt 0.039754 0.916366
vt 0.040142 0.917091
vt 0.035122 0.911290
vt 0.033956 0.910082
vt 0.044523 0.923510
vt 0.044477 0.923759
vt 0.042112 0.919996
vt 0.044409 0.924683
vt 0.039502 0.915478
vt 0.044574 0.925201
vt 0.042518 0.920561
vt 0.040200 0.916046
vt 0.042648 0.920844
vt 0.040114 0.915980
vt 0.044849 0.925868
vt 0.042676 0.920910
vt 0.040114 0.915996
vt 0.044898 0.925985
vt 0.511085 0.630605
vt 0.495026 0.674175
vt 0.486165 0.671548
vt 0.502410 0.625927
vt 0.535234 0.591369
vt 0.528893 0.585645
vt 0.564402 0.614200
vt 0.552034 0.644247
vt 0.546764 0.675178
vt 0.589264 0.631822
vt 0.583353 0.665433
vt 0.594220 0.593971
vt 0.622240 0.618952
vt 0.619923 0.656665
vt 0.625771 0.580997
vt 0.684776 0.604195
vt 0.670578 0.644831
vt 0.700434 0.563531
vt 0.712063 0.651315
vt 0.737946 0.609330
vt 0.765141 0.567453
vt 0.757196 0.675289
vt 0.709153 0.729843
vt 0.676152 0.702157
vt 0.716066 0.737231
vt 0.724159 0.743305
vt 0.668652 0.790083
vt 0.676886 0.795773
vt 0.662105 0.782512
vt 0.755251 0.773119
vt 0.717362 0.820284
vt 0.773750 0.791575
vt 0.755801 0.830243
vt 0.695280 0.857991
vt 0.644772 0.832788
vt 0.743233 0.867868
vt 0.729536 0.905501
vt 0.671862 0.895499
vt 0.717531 0.962762
vt 0.641633 0.953127
vt 0.718864 0.973100
vt 0.639763 0.964569
vt 0.025211 0.902980
vt 0.022549 0.901232
vt 0.017155 0.897745
vt 0.013182 0.895591
vt 0.557486 0.935602
vt 0.562971 0.924062
vt 0.009706 0.893737
vt 0.004458 0.891198
vt 0.546082 0.926709
vt 0.553702 0.918215
vt 0.009205 0.893475
vt 0.003903 0.891046
vt 0.032615 0.907130
vt 0.032501 0.907044
vt 0.034162 0.908442
vt 0.035000 0.909712
vt 0.509486 0.834575
vt 0.546886 0.909632
vt 0.536008 0.916333
vt 0.498313 0.837672
vt 0.491700 0.760163
vt 0.481278 0.759957
vt 0.547327 0.742037
vt 0.563507 0.798291
vt 0.583258 0.724351
vt 0.598262 0.770954
vt 0.619303 0.707787
vt 0.633360 0.744925
vt 0.628779 0.818440
vt 0.595728 0.855528
vt 0.635825 0.826674
vt 0.602561 0.863753
vt 0.611476 0.869656
vt 0.655803 0.685762
vt 0.724738 0.500405
vt 0.811323 0.501587
vt 0.727122 0.488311
vt 0.818100 0.488311
vt 0.904879 0.508385
vt 0.915049 0.515431
vt 0.054999 0.986457
vt 0.055777 0.974398
vt 0.055452 0.969854
vt 0.055089 0.980608
vt 0.054901 0.987073
vt 0.055110 0.981410
vt 0.923153 0.524779
vt 0.952493 0.608878
vt 0.962332 0.699322
vt 0.950566 0.703000
vt 0.054504 0.957309
vt 0.055087 0.960400
vt 0.052326 0.947411
vt 0.051751 0.944822
vt 0.052816 0.950746
vt 0.048835 0.935734
vt 0.048893 0.935697
vt 0.049282 0.937068
vt 0.052885 0.951120
vt 0.049358 0.937290
vt 0.047229 0.931598
vt 0.047162 0.931430
vt 0.046776 0.930439
vt 0.046764 0.930144
vt 0.051013 0.940494
vt 0.048211 0.932043
vt 0.051593 0.941820
vt 0.048612 0.932486
vt 0.621059 0.529099
vt 0.575141 0.555857
vt 0.570060 0.547995
vt 0.618957 0.519690
vt 0.933252 0.809175
vt 0.942833 0.810247
vt 0.919982 0.861917
vt 0.911617 0.857717
s 1
usemtl Material.002
f 716/528/716 717/529/717 855/530/855 718/531/718
f 719/532/719 793/533/793 717/529/717 716/528/716
f 716/528/716 718/531/718 722/534/722 720/535/720
f 719/532/719 716/528/716 720/535/720 723/536/723
f 723/536/723 720/535/720 721/537/721 725/538/725
f 720/535/720 722/534/722 863/539/863 721/537/721
f 796/540/796 719/532/719 723/536/723 724/541/724
f 724/541/724 723/536/723 725/538/725 726/542/726
f 726/542/726 725/538/725 727/543/727 728/544/728
f 725/538/725 721/537/721 729/545/729 727/543/727
f 731/546/731 728/544/728 727/543/727 730/547/730
f 730/547/730 727/543/727 729/545/729 732/548/732
f 734/549/734 731/546/731 730/547/730 733/550/733
f 733/550/733 730/547/730 732/548/732 735/551/735
f 737/552/737 734/549/734 733/550/733 736/553/736
f 736/553/736 733/550/733 735/551/735 738/554/738
f 736/553/736 739/555/739 741/556/741 737/552/737
f 738/554/738 740/557/740 739/555/739 736/553/736
f 740/557/740 744/558/744 742/559/742 739/555/739
f 739/555/739 742/559/742 743/560/743 741/556/741
f 742/561/742 745/562/745 747/563/747 743/564/743
f 744/565/744 746/566/746 745/562/745 742/561/742
f 748/567/748 745/562/745 746/566/746 749/568/749
f 750/569/750 747/563/747 745/562/745 748/567/748
f 749/568/749 753/570/753 751/571/751 748/567/748
f 748/567/748 751/571/751 752/572/752 750/569/750
f 751/571/751 754/573/754 755/574/755 752/572/752
f 753/570/753 756/575/756 754/573/754 751/571/751
f 754/573/754 757/576/757 758/577/758 755/574/755
f 756/575/756 759/578/759 757/576/757 754/573/754
f 760/573/760 761/574/761 758/577/758 757/576/757
f 762/575/762 760/573/760 757/576/757 759/578/759
f 763/571/763 764/572/764 761/574/761 760/573/760
f 765/570/765 763/571/763 760/573/760 762/575/762
f 766/567/766 768/569/768 764/572/764 763/571/763
f 767/568/767 766/567/766 763/571/763 765/570/765
f 766/567/766 767/568/767 770/566/770 769/562/769
f 768/569/768 766/567/766 769/562/769 771/563/771
f 774/565/774 772/561/772 769/562/769 770/566/770
f 772/561/772 773/564/773 771/563/771 769/562/769
f 775/579/775 777/580/777 773/581/773 772/582/772
f 776/583/776 775/579/775 772/582/772 774/584/774
f 780/585/780 778/586/778 775/579/775 776/583/776
f 778/586/778 779/587/779 777/580/777 775/579/775
f 779/587/779 778/586/778 781/588/781 782/589/782
f 778/586/778 780/585/780 783/590/783 781/588/781
f 782/589/782 781/588/781 784/591/784 785/592/785
f 781/588/781 783/590/783 786/593/786 784/591/784
f 785/592/785 784/591/784 787/594/787 788/595/788
f 784/591/784 786/593/786 789/596/789 787/594/787
f 791/597/791 788/595/788 787/594/787 790/598/790
f 790/598/790 787/594/787 789/596/789 792/599/792
f 794/600/794 791/597/791 790/598/790 793/533/793
f 793/533/793 790/598/790 792/599/792 717/529/717
f 796/540/796 794/600/794 793/533/793 719/532/719
f 795/601/795 849/602/849 791/597/791 794/600/794
f 797/603/797 795/601/795 794/600/794 796/540/796
f 797/603/797 796/540/796 724/541/724 799/604/799
f 798/605/798 797/603/797 799/604/799 800/606/800
f 798/605/798 841/607/841 795/601/795 797/603/797
f 801/608/801 803/609/803 800/606/800 799/604/799
f 799/604/799 724/541/724 726/542/726 801/608/801
f 801/608/801 726/542/726 728/544/728 802/610/802
f 802/610/802 805/611/805 803/609/803 801/608/801
f 803/609/803 804/612/804 845/613/845 800/606/800
f 805/611/805 806/614/806 804/612/804 803/609/803
f 806/614/806 805/611/805 731/546/731 734/549/734
f 805/611/805 802/610/802 728/544/728 731/546/731
f 807/615/807 806/614/806 734/549/734 737/552/737
f 806/614/806 807/615/807 808/616/808 804/612/804
f 807/615/807 809/617/809 810/618/810 808/616/808
f 737/552/737 741/556/741 809/617/809 807/615/807
f 741/556/741 743/560/743 811/619/811 809/617/809
f 809/617/809 811/619/811 813/620/813 810/618/810
f 743/564/743 747/563/747 812/621/812 811/622/811
f 811/622/811 812/621/812 814/623/814 813/624/813
f 810/618/810 813/620/813 815/625/815 816/626/816
f 813/624/813 814/623/814 818/627/818 815/628/815
f 816/626/816 815/625/815 817/629/817 847/630/847
f 815/628/815 818/627/818 819/631/819 817/632/817
f 820/633/820 821/634/821 819/631/819 818/627/818
f 822/635/822 820/633/820 818/627/818 814/623/814
f 755/574/755 758/577/758 821/634/821 820/633/820
f 752/572/752 755/574/755 820/633/820 822/635/822
f 750/569/750 752/572/752 822/635/822 823/636/823
f 823/636/823 822/635/822 814/623/814 812/621/812
f 823/636/823 812/621/812 747/563/747 750/569/750
f 761/574/761 824/633/824 821/634/821 758/577/758
f 824/633/824 826/627/826 819/631/819 821/634/821
f 764/572/764 825/635/825 824/633/824 761/574/761
f 825/635/825 828/623/828 826/627/826 824/633/824
f 827/628/827 817/632/817 819/631/819 826/627/826
f 830/624/830 827/628/827 826/627/826 828/623/828
f 851/636/851 829/621/829 828/623/828 825/635/825
f 832/622/832 830/624/830 828/623/828 829/621/829
f 831/637/831 848/638/848 827/639/827 830/640/830
f 833/641/833 831/637/831 830/640/830 832/642/832
f 773/564/773 832/622/832 829/621/829 771/563/771
f 777/580/777 833/641/833 832/642/832 773/581/773
f 779/587/779 834/643/834 833/641/833 777/580/777
f 834/643/834 835/644/835 831/637/831 833/641/833
f 836/645/836 838/646/838 835/644/835 834/643/834
f 834/643/834 779/587/779 782/589/782 836/645/836
f 837/647/837 839/648/839 838/646/838 836/645/836
f 836/645/836 782/589/782 785/592/785 837/647/837
f 839/648/839 841/607/841 840/649/840 838/646/838
f 838/646/838 840/649/840 842/650/842 835/644/835
f 843/651/843 840/649/840 841/607/841 798/605/798
f 844/652/844 842/650/842 840/649/840 843/651/843
f 844/652/844 843/651/843 845/613/845 846/653/846
f 843/651/843 798/605/798 800/606/800 845/613/845
f 804/612/804 808/616/808 846/653/846 845/613/845
f 847/630/847 844/652/844 846/653/846 816/626/816
f 808/616/808 810/618/810 816/626/816 846/653/846
f 847/630/847 848/638/848 842/650/842 844/652/844
f 848/638/848 847/630/847 817/629/817 827/639/827
f 835/644/835 842/650/842 848/638/848 831/637/831
f 849/602/849 795/601/795 841/607/841 839/648/839
f 850/654/850 849/602/849 839/648/839 837/647/837
f 849/602/849 850/654/850 788/595/788 791/597/791
f 837/647/837 785/592/785 788/595/788 850/654/850
f 851/636/851 768/569/768 771/563/771 829/621/829
f 768/569/768 851/636/851 825/635/825 764/572/764
f 792/599/792 789/596/789 853/655/853 852/656/852
f 717/529/717 792/599/792 852/656/852 855/530/855
f 852/656/852 853/655/853 888/657/888 854/658/854
f 855/530/855 852/656/852 854/658/854 856/659/856
f 718/531/718 855/530/855 856/659/856 858/660/858
f 856/661/856 854/662/854 890/663/890 857/664/857
f 858/665/858 856/661/856 857/664/857 859/666/859
f 858/665/858 859/666/859 861/664/861 860/661/860
f 718/531/718 858/660/858 860/667/860 722/534/722
f 722/534/722 860/667/860 862/668/862 863/539/863
f 860/661/860 861/664/861 865/663/865 862/662/862
f 863/539/863 862/668/862 864/669/864 903/670/903
f 862/662/862 865/663/865 866/671/866 864/672/864
f 866/671/866 865/663/865 867/673/867 868/674/868
f 865/663/865 861/664/861 870/675/870 867/673/867
f 868/674/868 867/673/867 869/676/869 896/677/896
f 867/673/867 870/675/870 872/678/872 869/676/869
f 870/675/870 871/679/871 874/680/874 872/678/872
f 861/664/861 859/666/859 871/679/871 870/675/870
f 872/678/872 874/680/874 876/681/876 873/682/873
f 869/676/869 872/678/872 873/682/873 894/683/894
f 893/675/893 875/678/875 874/680/874 871/679/871
f 875/678/875 877/682/877 876/681/876 874/680/874
f 873/682/873 876/681/876 759/578/759 756/575/756
f 877/682/877 762/575/762 759/578/759 876/681/876
f 879/676/879 878/683/878 877/682/877 875/678/875
f 878/683/878 765/570/765 762/575/762 877/682/877
f 881/677/881 880/684/880 878/683/878 879/676/879
f 880/684/880 767/568/767 765/570/765 878/683/878
f 883/685/883 882/686/882 880/684/880 881/677/881
f 882/686/882 770/566/770 767/568/767 880/684/880
f 885/687/885 884/688/884 882/686/882 883/685/883
f 884/688/884 774/565/774 770/566/770 882/686/882
f 887/689/887 886/690/886 884/691/884 885/692/885
f 886/690/886 776/583/776 774/584/774 884/691/884
f 786/593/786 783/590/783 886/690/886 887/689/887
f 783/590/783 780/585/780 776/583/776 886/690/886
f 853/655/853 887/689/887 885/692/885 888/657/888
f 789/596/789 786/593/786 887/689/887 853/655/853
f 888/672/888 885/687/885 883/685/883 889/671/889
f 854/662/854 888/672/888 889/671/889 890/663/890
f 889/671/889 891/674/891 892/673/892 890/663/890
f 889/671/889 883/685/883 881/677/881 891/674/891
f 891/674/891 881/677/881 879/676/879 892/673/892
f 892/673/892 879/676/879 875/678/875 893/675/893
f 890/663/890 892/673/892 893/675/893 857/664/857
f 857/664/857 893/675/893 871/679/871 859/666/859
f 894/683/894 873/682/873 756/575/756 753/570/753
f 896/677/896 869/676/869 894/683/894 895/684/895
f 895/684/895 894/683/894 753/570/753 749/568/749
f 898/685/898 896/677/896 895/684/895 897/686/897
f 897/686/897 895/684/895 749/568/749 746/566/746
f 900/687/900 898/685/898 897/686/897 899/688/899
f 899/688/899 897/686/897 746/566/746 744/565/744
f 902/693/902 900/694/900 899/695/899 901/696/901
f 901/696/901 899/695/899 744/558/744 740/557/740
f 732/548/732 902/693/902 901/696/901 735/551/735
f 735/551/735 901/696/901 740/557/740 738/554/738
f 903/670/903 864/669/864 900/694/900 902/693/902
f 729/545/729 903/670/903 902/693/902 732/548/732
f 721/537/721 863/539/863 903/670/903 729/545/729
f 864/672/864 866/671/866 898/685/898 900/687/900
f 866/671/866 868/674/868 896/677/896 898/685/898
o RetopoModel.004
v -0.628074 -0.042952 1.179256
v -0.617555 -0.025141 1.164657
v -0.628799 -0.072223 1.190950
v -0.642995 -0.056608 1.180974
v -0.645606 -0.039468 1.157137
v -0.630241 -0.050065 1.198146
v -0.616004 -0.024282 1.196992
v -0.602338 -0.014137 1.216631
v -0.604857 -0.014559 1.184305
v -0.624481 -0.032516 1.209745
v -0.637583 -0.046224 1.229761
v -0.612839 -0.021747 1.228196
v -0.628757 -0.034939 1.246950
v -0.595072 -0.018919 1.249003
v -0.612699 -0.032205 1.266013
v -0.574996 -0.028067 1.265065
v -0.583920 -0.011487 1.238051
v -0.563606 -0.020543 1.255148
v -0.571948 -0.003853 1.226414
v -0.551860 -0.012631 1.244416
v -0.560337 0.003338 1.215224
v -0.590312 -0.005948 1.204717
v -0.578500 0.001714 1.193512
v -0.593650 -0.005673 1.172946
v -0.566021 0.009553 1.182225
v -0.531681 0.030489 1.152978
v -0.547576 0.010791 1.203797
v -0.581871 0.002856 1.161564
v -0.549447 0.025056 1.131476
v -0.596496 -0.005527 1.141542
v -0.565847 0.017246 1.110101
v -0.607335 -0.014873 1.153154
v -0.611704 -0.012450 1.121397
v -0.581429 0.008649 1.088417
v -0.626482 -0.021465 1.100823
v -0.622944 -0.020702 1.133506
v -0.638113 -0.028869 1.113252
v -0.633844 -0.029430 1.145279
v -0.649498 -0.036312 1.125032
v -0.661402 -0.044439 1.137109
v -0.662768 -0.050446 1.104139
v -0.651309 -0.043333 1.092743
v -0.668573 -0.072507 1.087279
v -0.674596 -0.058005 1.115969
v -0.679437 -0.079967 1.099198
v -0.685605 -0.065364 1.127113
v -0.672662 -0.052437 1.147653
v -0.689593 -0.086858 1.110777
v -0.702230 -0.078137 1.145472
v -0.705430 -0.097884 1.130442
v -0.690246 -0.066485 1.164163
v -0.724571 -0.103118 1.177363
v -0.715870 -0.094175 1.191589
v -0.727171 -0.117771 1.165807
v -0.743340 -0.129680 1.209317
v -0.744799 -0.138451 1.202198
v -0.738299 -0.124254 1.218145
v -0.750093 -0.146093 1.227126
v -0.747352 -0.143426 1.231921
v -0.750749 -0.150589 1.223051
v -0.749862 -0.153759 1.233326
v -0.750596 -0.154825 1.230095
v -0.748236 -0.152396 1.236352
v -0.748967 -0.157801 1.234893
v -0.748086 -0.160690 1.235107
v -0.747434 -0.156882 1.237639
v -0.750019 -0.158020 1.230330
v -0.748970 -0.161253 1.230156
v -0.749840 -0.155883 1.220880
v -0.747905 -0.161039 1.220262
v -0.742902 -0.148256 1.198366
v -0.739342 -0.157658 1.197341
v -0.724199 -0.133781 1.159959
v -0.718502 -0.148949 1.158488
v -0.701316 -0.118807 1.123283
v -0.693734 -0.138375 1.121470
v -0.685412 -0.109705 1.103112
v -0.676930 -0.131107 1.100934
v -0.675526 -0.103956 1.091282
v -0.666745 -0.126611 1.089110
v -0.665172 -0.097685 1.079126
v -0.655039 -0.091574 1.067387
v -0.656693 -0.121961 1.077558
v -0.646570 -0.117315 1.066085
v -0.644304 -0.144113 1.081457
v -0.627987 -0.162488 1.091527
v -0.653599 -0.147259 1.091346
v -0.634273 -0.140731 1.070881
v -0.617933 -0.159638 1.082061
v -0.619581 -0.135688 1.055575
v -0.600983 -0.154187 1.065880
v -0.633990 -0.111853 1.052121
v -0.585144 -0.122257 1.019275
v -0.565400 -0.141259 1.030032
v -0.600872 -0.097418 1.015855
v -0.521733 -0.096018 0.952578
v -0.504659 -0.117495 0.967749
v -0.535192 -0.068471 0.945365
v -0.455606 -0.067923 0.884659
v -0.440426 -0.091402 0.902666
v -0.467313 -0.038438 0.874864
v -0.414046 -0.050002 0.843764
v -0.395337 -0.072615 0.858486
v -0.428844 -0.021356 0.836883
v -0.389525 -0.039057 0.821131
v -0.366392 -0.059718 0.831538
v -0.408443 -0.012201 0.818064
v -0.367962 -0.028611 0.802947
v -0.344947 -0.048527 0.813070
v -0.387037 -0.002496 0.800121
v -0.346613 -0.017102 0.788436
v -0.363136 0.008267 0.784427
v -0.326635 -0.037064 0.799427
v -0.325858 -0.004723 0.779980
v -0.339606 0.018687 0.775565
v -0.305551 0.005964 0.781198
v -0.309440 -0.023459 0.790319
v -0.297942 -0.010837 0.788229
v -0.290567 -0.034839 0.806225
v -0.282164 -0.013994 0.798804
v -0.270224 -0.040173 0.826807
v -0.305529 -0.049836 0.816630
v -0.283628 -0.055882 0.838449
v -0.321592 -0.061047 0.829629
v -0.342646 -0.072551 0.848376
v -0.298227 -0.067042 0.851298
v -0.318944 -0.078720 0.870323
v -0.274474 -0.066604 0.877460
v -0.295074 -0.078408 0.896871
v -0.260802 -0.055317 0.864194
v -0.251844 -0.059207 0.906008
v -0.238784 -0.047997 0.892037
v -0.272360 -0.070999 0.925740
v -0.232300 -0.044967 0.934241
v -0.219670 -0.034215 0.919573
v -0.217559 -0.025657 0.959906
v -0.252561 -0.056598 0.954109
v -0.237565 -0.036971 0.979888
v -0.288149 -0.070897 0.985026
v -0.307840 -0.084863 0.957375
v -0.272329 -0.051657 1.009906
v -0.342142 -0.089160 1.029462
v -0.325730 -0.071502 1.052947
v -0.361086 -0.101967 1.003440
v -0.411835 -0.111027 1.085393
v -0.429306 -0.122007 1.061746
v -0.395886 -0.096214 1.107537
v -0.476250 -0.129375 1.136094
v -0.461043 -0.117859 1.157214
v -0.492245 -0.138344 1.114719
v -0.515338 -0.139148 1.166524
v -0.530745 -0.146267 1.146333
v -0.500299 -0.130132 1.187181
v -0.534818 -0.143011 1.181508
v -0.519542 -0.135674 1.202080
v -0.550267 -0.148376 1.161637
v -0.545840 -0.144956 1.190086
v -0.561450 -0.149028 1.170192
v -0.530308 -0.138467 1.210496
v -0.554856 -0.146071 1.198022
v -0.575824 -0.146938 1.180072
v -0.538919 -0.140750 1.217877
v -0.566405 -0.147051 1.210207
v -0.584474 -0.142220 1.197993
v -0.551112 -0.143467 1.228888
v -0.588017 -0.147871 1.231597
v -0.574024 -0.147197 1.249138
v -0.602311 -0.139403 1.220330
v -0.622756 -0.148228 1.265654
v -0.634063 -0.141410 1.256045
v -0.611672 -0.147427 1.279287
v -0.655855 -0.144803 1.298396
v -0.648579 -0.143767 1.306862
v -0.663387 -0.140822 1.291752
v -0.673172 -0.138524 1.315619
v -0.677121 -0.136443 1.311656
v -0.669234 -0.137851 1.320202
v -0.679182 -0.133279 1.320829
v -0.677136 -0.132806 1.323793
v -0.680419 -0.133283 1.317830
v -0.681814 -0.130039 1.321891
v -0.680278 -0.129377 1.324648
v -0.683497 -0.127558 1.321922
v -0.682471 -0.130838 1.317752
v -0.684277 -0.128061 1.317388
v -0.680557 -0.132472 1.309489
v -0.683305 -0.127855 1.308689
v -0.669714 -0.133205 1.288538
v -0.674820 -0.124458 1.287550
v -0.644727 -0.129802 1.252120
v -0.653646 -0.115514 1.251165
v -0.617297 -0.124893 1.216724
v -0.630378 -0.105578 1.216334
v -0.603733 -0.124860 1.196177
v -0.618895 -0.100806 1.197877
v -0.601770 -0.128306 1.192243
v -0.618548 -0.100974 1.194290
v -0.607050 -0.126562 1.191712
v -0.596112 -0.148191 1.182324
v -0.621865 -0.102330 1.193878
v -0.629771 -0.131292 1.199930
v -0.622846 -0.149938 1.192683
v -0.640448 -0.110743 1.202777
v -0.668715 -0.142107 1.219825
v -0.664548 -0.157049 1.215001
v -0.675764 -0.126862 1.221386
v -0.708201 -0.152950 1.236722
v -0.706260 -0.162817 1.234030
v -0.712040 -0.143553 1.237439
v -0.730579 -0.158135 1.242142
v -0.729949 -0.163545 1.240530
v -0.732380 -0.153031 1.242617
v -0.739027 -0.159853 1.241607
v -0.737562 -0.162598 1.240895
v -0.740266 -0.156784 1.242006
v -0.742687 -0.161269 1.239934
v -0.739757 -0.164355 1.239275
v -0.744131 -0.158665 1.240288
v -0.744784 -0.162470 1.237800
v -0.741793 -0.165976 1.236741
v -0.746468 -0.159837 1.238064
v -0.746401 -0.163203 1.235049
v -0.747131 -0.164094 1.230509
v -0.743799 -0.166500 1.233692
v -0.745019 -0.166563 1.230440
v -0.737892 -0.171851 1.227881
v -0.741675 -0.169680 1.223619
v -0.720517 -0.177874 1.210728
v -0.734203 -0.171181 1.232731
v -0.713326 -0.176984 1.219689
v -0.731343 -0.168367 1.237300
v -0.708114 -0.171613 1.228037
v -0.666731 -0.170788 1.206449
v -0.675056 -0.179945 1.193950
v -0.624885 -0.166784 1.181960
v -0.635570 -0.178772 1.166275
v -0.598873 -0.163707 1.166494
v -0.611073 -0.174228 1.148158
v -0.584493 -0.161275 1.158119
v -0.598076 -0.171098 1.138231
v -0.574765 -0.159794 1.151144
v -0.589364 -0.168764 1.130986
v -0.564048 -0.158006 1.142153
v -0.579162 -0.166261 1.121810
v -0.545406 -0.154573 1.126041
v -0.561237 -0.161395 1.105137
v -0.508354 -0.145845 1.092870
v -0.525366 -0.150858 1.070613
v -0.447558 -0.129354 1.037296
v -0.466307 -0.132341 1.012725
v -0.381512 -0.109357 0.976456
v -0.402221 -0.110744 0.949962
v -0.329818 -0.092274 0.928925
v -0.352483 -0.092778 0.901989
v -0.374471 -0.086460 0.878402
v -0.422161 -0.105272 0.925138
v -0.485560 -0.129230 0.988851
v -0.544574 -0.150544 1.048508
v -0.580266 -0.162717 1.083830
v -0.597978 -0.168347 1.100507
v -0.608016 -0.171302 1.109596
v -0.616512 -0.173715 1.116949
v -0.636635 -0.164769 1.099658
v -0.628945 -0.177025 1.127515
v -0.651837 -0.181585 1.147360
v -0.648288 -0.167673 1.110734
v -0.669043 -0.172371 1.131655
v -0.664375 -0.150672 1.102884
v -0.682914 -0.156365 1.123825
v -0.710351 -0.162854 1.160736
v -0.699931 -0.174990 1.167352
v -0.734353 -0.166307 1.198894
v -0.728063 -0.173793 1.203232
v -0.745155 -0.165762 1.221172
v -0.687182 -0.181696 1.179511
v -0.745220 -0.155919 1.239777
v -0.741843 -0.153905 1.241427
v -0.745731 -0.151734 1.238902
v -0.743017 -0.151074 1.240549
v -0.743457 -0.142786 1.236549
v -0.738916 -0.144611 1.239964
v -0.731034 -0.123221 1.226620
v -0.723193 -0.127068 1.232979
v -0.703803 -0.092942 1.204301
v -0.691983 -0.099510 1.213413
v -0.674522 -0.065175 1.180028
v -0.660357 -0.073598 1.191195
v -0.656989 -0.049193 1.165978
v -0.650132 -0.090011 1.199115
v -0.632811 -0.077025 1.190432
v -0.683130 -0.111895 1.218990
v -0.716857 -0.134681 1.236178
v -0.735173 -0.148437 1.241850
v -0.628148 -0.074633 1.196710
v -0.637476 -0.083518 1.216154
v -0.639595 -0.062946 1.219150
v -0.659118 -0.099576 1.251320
v -0.661462 -0.083852 1.254504
v -0.678360 -0.114931 1.288008
v -0.680315 -0.105071 1.290707
v -0.685143 -0.122771 1.309208
v -0.686077 -0.117504 1.311103
v -0.685282 -0.124889 1.317578
v -0.685868 -0.121755 1.317492
v -0.684347 -0.124689 1.321734
v -0.685156 -0.120658 1.320459
v -0.682929 -0.123789 1.324487
v -0.683578 -0.119225 1.323404
v -0.681977 -0.126751 1.324892
v -0.680754 -0.122806 1.326731
v -0.677054 -0.120588 1.328566
v -0.681044 -0.118454 1.325980
v -0.679670 -0.125591 1.327219
v -0.675457 -0.123540 1.329131
v -0.678191 -0.128210 1.326884
v -0.674993 -0.131201 1.326329
v -0.674175 -0.126666 1.328734
v -0.672552 -0.129386 1.328006
v -0.664753 -0.124515 1.329421
v -0.666494 -0.119273 1.329870
v -0.664372 -0.130021 1.327698
v -0.641291 -0.118564 1.324189
v -0.640391 -0.128815 1.321271
v -0.644562 -0.109033 1.324950
v -0.600642 -0.106571 1.308444
v -0.606164 -0.091317 1.309736
v -0.598741 -0.123077 1.303590
v -0.560897 -0.093767 1.288104
v -0.557560 -0.115178 1.281750
v -0.568621 -0.074189 1.289917
v -0.537979 -0.085828 1.273059
v -0.547189 -0.064548 1.275611
v -0.533553 -0.108811 1.265208
v -0.525247 -0.081412 1.264153
v -0.520750 -0.105317 1.255681
v -0.534776 -0.058908 1.266788
v -0.514389 -0.077464 1.256370
v -0.502749 -0.073256 1.247958
v -0.522698 -0.053219 1.257964
v -0.511367 -0.102660 1.248539
v -0.500514 -0.099400 1.240148
v -0.517261 -0.124742 1.231787
v -0.506778 -0.121559 1.223295
v -0.525864 -0.127210 1.238994
v -0.538358 -0.130553 1.249477
v -0.562218 -0.135608 1.268020
v -0.602689 -0.138350 1.293269
v -0.642952 -0.138081 1.315158
v -0.666055 -0.134997 1.324600
v -0.487861 -0.115311 1.208240
v -0.448516 -0.101264 1.177837
v -0.482239 -0.093269 1.225752
v -0.442723 -0.078323 1.195199
v -0.485893 -0.067103 1.235566
v -0.446551 -0.051156 1.205872
v -0.495861 -0.040990 1.238093
v -0.510664 -0.047592 1.249064
v -0.457343 -0.023785 1.209096
v -0.509867 -0.016809 1.233978
v -0.527674 0.002122 1.222502
v -0.523352 -0.024015 1.244685
v -0.472354 0.001369 1.204918
v -0.491050 0.020882 1.193124
v -0.396761 0.037045 1.145562
v -0.416427 0.057572 1.133358
v -0.382317 0.009957 1.151190
v -0.320915 0.072221 1.084245
v -0.341269 0.093509 1.071985
v -0.306874 0.043871 1.090873
v -0.281573 0.090228 1.050799
v -0.302467 0.111649 1.038924
v -0.265867 0.062255 1.056309
v -0.262998 0.098703 1.033849
v -0.284355 0.119993 1.022344
v -0.245310 0.071490 1.037699
v -0.243079 0.107223 1.014323
v -0.264346 0.128286 1.003151
v -0.225352 0.080451 1.017807
v -0.223051 0.114224 0.991123
v -0.206843 0.088449 0.994853
v -0.243255 0.134543 0.980502
v -0.208902 0.116678 0.967698
v -0.194331 0.093216 0.971158
v -0.204773 0.115471 0.944529
v -0.226917 0.135120 0.958664
v -0.218748 0.130063 0.943034
v -0.246099 0.146178 0.943254
v -0.265512 0.147282 0.964335
v -0.229012 0.134883 0.927855
v -0.266587 0.151181 0.923052
v -0.288697 0.153303 0.943374
v -0.245664 0.137250 0.907610
v -0.288476 0.149878 0.898714
v -0.312388 0.152765 0.917825
v -0.265181 0.135061 0.884257
v -0.309686 0.142556 0.872089
v -0.284860 0.127874 0.859245
v -0.334876 0.145358 0.889731
v -0.328018 0.129592 0.845476
v -0.302271 0.116033 0.834321
v -0.342103 0.112440 0.821381
v -0.354075 0.131379 0.861699
v -0.368334 0.112447 0.836154
v -0.379351 0.125028 0.881866
v -0.359909 0.139320 0.910625
v -0.393564 0.105646 0.855369
v -0.400427 0.116213 0.900744
v -0.414504 0.096987 0.873823
v -0.381058 0.130429 0.929721
v -0.418072 0.107328 0.917607
v -0.398861 0.121258 0.946439
v -0.432123 0.088499 0.890646
v -0.452983 0.087847 0.952970
v -0.467116 0.070315 0.926766
v -0.434408 0.100851 0.980618
v -0.518264 0.049009 1.021023
v -0.501208 0.059997 1.045800
v -0.532462 0.034414 0.996866
v -0.595851 -0.002431 1.066583
v -0.542835 0.015110 0.974732
v -0.476143 0.048663 0.903924
v -0.547395 -0.009618 0.957027
v -0.607720 -0.018869 1.045416
v -0.613579 -0.041978 1.028156
v -0.639328 -0.036279 1.080265
v -0.645850 -0.058505 1.063394
v -0.657731 -0.065437 1.075995
v -0.643353 -0.085290 1.054258
v -0.610856 -0.069685 1.018445
v -0.544353 -0.038673 0.946850
v -0.475879 -0.007279 0.875608
v -0.479367 0.022662 0.886055
v -0.438846 0.009544 0.839054
v -0.420336 0.017985 0.822014
v -0.442903 0.039602 0.849846
v -0.424837 0.047922 0.833205
v -0.440426 0.065949 0.867675
v -0.422614 0.074246 0.851005
v -0.401708 0.082899 0.832948
v -0.376566 0.090309 0.814817
v -0.403802 0.056742 0.815392
v -0.378685 0.065064 0.798165
v -0.399118 0.027172 0.804238
v -0.374138 0.036713 0.787706
v -0.349501 0.044549 0.778402
v -0.354045 0.069901 0.787505
v -0.327371 0.052576 0.779469
v -0.316668 0.028767 0.776681
v -0.335817 0.070004 0.785417
v -0.309700 0.064292 0.789659
v -0.295551 0.038085 0.787771
v -0.327728 0.084240 0.794949
v -0.294193 0.077462 0.806597
v -0.276487 0.046972 0.805356
v -0.316618 0.100849 0.812080
v -0.278140 0.090032 0.828022
v -0.260882 0.100649 0.851809
v -0.258442 0.056237 0.826798
v -0.240746 0.065527 0.850236
v -0.245561 0.019629 0.830787
v -0.227086 0.027599 0.854542
v -0.242289 -0.014273 0.839656
v -0.265015 0.014258 0.809161
v -0.262566 -0.016355 0.816889
v -0.285091 0.011050 0.791805
v -0.222767 -0.007159 0.864579
v -0.248913 -0.039248 0.851488
v -0.228122 -0.032127 0.878070
v -0.209748 -0.019156 0.904218
v -0.205404 0.004650 0.889317
v -0.195287 -0.001729 0.927700
v -0.204926 -0.015507 0.944409
v -0.191871 0.019913 0.912070
v -0.186164 0.018723 0.946789
v -0.195503 0.006609 0.964764
v -0.183681 0.036530 0.931396
v -0.182637 0.041594 0.961042
v -0.180995 0.049159 0.945680
v -0.192086 0.031962 0.980578
v -0.185578 0.067244 0.968847
v -0.196111 0.060109 0.991066
v -0.183106 0.068781 0.946053
v -0.190647 0.093418 0.946350
v -0.186932 0.061408 0.923962
v -0.196175 0.049575 0.901845
v -0.196078 0.089117 0.921697
v -0.207768 0.082226 0.897876
v -0.211421 0.114711 0.921977
v -0.225219 0.112848 0.899461
v -0.242553 0.108289 0.875935
v -0.223319 0.074256 0.874087
v -0.210093 0.037825 0.878539
v -0.212442 0.051174 1.012331
v -0.232420 0.041541 1.032651
v -0.206611 0.022443 0.999319
v -0.226546 0.012026 1.019820
v -0.208762 -0.003162 0.981539
v -0.228701 -0.014094 1.001788
v -0.261478 -0.028492 1.030531
v -0.255960 -0.001111 1.046138
v -0.312798 -0.049166 1.072380
v -0.304141 -0.021485 1.086155
v -0.382758 -0.076490 1.127259
v -0.374880 -0.050915 1.142478
v -0.374734 -0.020604 1.150490
v -0.301518 0.011127 1.092116
v -0.257159 0.030485 1.054991
v -0.350952 0.092386 0.802084
v -0.481818 0.067706 1.070093
v -0.460768 0.071195 1.093392
v -0.412364 0.108685 1.007658
v -0.388519 0.110637 1.032585
v -0.375693 0.129069 0.974664
v -0.350725 0.130258 1.000237
v -0.357723 0.138122 0.958239
v -0.332666 0.138971 0.984006
v -0.336765 0.146875 0.939202
v -0.312074 0.147452 0.965083
v -0.287707 0.141384 0.986434
v -0.307941 0.133076 1.005396
v -0.325998 0.124654 1.021737
v -0.364457 0.105960 1.054293
v -0.438580 0.068595 1.115098
v -0.511820 0.030330 1.174533
v -0.540548 -0.005319 1.233765
v -0.535135 -0.030973 1.254204
v -0.547306 -0.038177 1.263912
v -0.559203 -0.044957 1.273035
v -0.579387 -0.056255 1.287442
v -0.594073 -0.040756 1.280368
v -0.614504 -0.077505 1.307648
v -0.626004 -0.065870 1.302014
v -0.649840 -0.100513 1.323661
v -0.657129 -0.093475 1.320234
v -0.669432 -0.114632 1.329138
v -0.673417 -0.110916 1.327168
v -0.678117 -0.117641 1.327679
v -0.678254 -0.109238 1.323847
v -0.665777 -0.089888 1.313745
v -0.682383 -0.110096 1.319393
v -0.673552 -0.091037 1.305319
v -0.685285 -0.112943 1.314869
v -0.678774 -0.096411 1.296980
v -0.659811 -0.070373 1.263530
v -0.652492 -0.061661 1.276918
v -0.640099 -0.059782 1.291093
vn -0.7325 0.6042 0.3138
vn -0.6217 0.7645 0.1704
vn -0.8142 0.0769 0.5754
vn -0.2409 0.5831 0.7759
vn -0.4835 0.8088 0.3347
vn -0.9580 0.2151 -0.1896
vn -0.7319 0.6814 0.0002
vn -0.5069 0.8536 0.1200
vn -0.6412 0.7663 0.0410
vn -0.7956 0.6001 -0.0836
vn -0.8304 0.5315 -0.1673
vn -0.5522 0.8266 0.1086
vn -0.6128 0.7796 0.1288
vn -0.2463 0.8810 0.4040
vn -0.3006 0.8366 0.4579
vn 0.0905 0.7285 0.6791
vn -0.2315 0.8944 0.3828
vn 0.0953 0.7471 0.6579
vn -0.2259 0.9003 0.3720
vn 0.0897 0.7631 0.6400
vn -0.2193 0.9051 0.3644
vn -0.4707 0.8716 0.1374
vn -0.4400 0.8851 0.1515
vn -0.5675 0.8210 0.0620
vn -0.4088 0.8962 0.1725
vn -0.3590 0.9090 0.2120
vn -0.2040 0.9062 0.3703
vn -0.5213 0.8494 0.0818
vn -0.4707 0.8756 0.1088
vn -0.5427 0.8356 0.0847
vn -0.5199 0.8520 0.0615
vn -0.5683 0.8152 0.1115
vn -0.5373 0.8413 0.0603
vn -0.5519 0.8339 -0.0006
vn -0.5930 0.8017 -0.0754
vn -0.5267 0.8420 0.1170
vn -0.5818 0.8124 -0.0394
vn -0.5157 0.8307 0.2098
vn -0.5756 0.8177 -0.0039
vn -0.5671 0.8227 0.0390
vn -0.7050 0.6545 -0.2731
vn -0.6976 0.6597 -0.2796
vn -0.7835 0.3151 -0.5356
vn -0.7144 0.6466 -0.2674
vn -0.7918 0.2920 -0.5365
vn -0.7337 0.6309 -0.2522
vn -0.5640 0.8206 0.0928
vn -0.8058 0.2686 -0.5277
vn -0.7851 0.5881 -0.1944
vn -0.8494 0.2336 -0.4732
vn -0.5872 0.7928 0.1633
vn -0.8401 0.5291 -0.1196
vn -0.6362 0.7393 0.2206
vn -0.9012 0.1930 -0.3881
vn -0.8900 0.4546 -0.0367
vn -0.9471 0.1429 -0.2875
vn -0.7061 0.6522 0.2760
vn -0.9438 0.3049 0.1274
vn -0.7920 0.4634 0.3975
vn -0.9931 0.0442 -0.1089
vn -0.9461 0.0584 0.3186
vn -0.9941 -0.0597 0.0903
vn -0.8217 0.1779 0.5415
vn -0.9099 -0.1645 0.3809
vn -0.8400 -0.3879 0.3793
vn -0.7805 -0.0676 0.6215
vn -0.9684 -0.2364 0.0789
vn -0.9026 -0.4271 0.0528
vn -0.9522 -0.2086 -0.2232
vn -0.8729 -0.4212 -0.2464
vn -0.8980 -0.1529 -0.4127
vn -0.8061 -0.3950 -0.4406
vn -0.8465 -0.1224 -0.5181
vn -0.7505 -0.3725 -0.5459
vn -0.7933 -0.0965 -0.6011
vn -0.6960 -0.3497 -0.6271
vn -0.7549 -0.0751 -0.6516
vn -0.6576 -0.3330 -0.6758
vn -0.7443 -0.0622 -0.6649
vn -0.6457 -0.3274 -0.6899
vn -0.7408 -0.0481 -0.6700
vn -0.7388 -0.0319 -0.6732
vn -0.6415 -0.3234 -0.6956
vn -0.6385 -0.3201 -0.6999
vn -0.4936 -0.5724 -0.6548
vn -0.2434 -0.8299 -0.5020
vn -0.5017 -0.5705 -0.6502
vn -0.4846 -0.5768 -0.6576
vn -0.2292 -0.8338 -0.5023
vn -0.4727 -0.5839 -0.6600
vn -0.2162 -0.8357 -0.5048
vn -0.6342 -0.3190 -0.7043
vn -0.4625 -0.5880 -0.6636
vn -0.2143 -0.8308 -0.5137
vn -0.6283 -0.3180 -0.7100
vn -0.4525 -0.5870 -0.6713
vn -0.2199 -0.8183 -0.5311
vn -0.6190 -0.3155 -0.7193
vn -0.4398 -0.5819 -0.6841
vn -0.2237 -0.8032 -0.5521
vn -0.6044 -0.3107 -0.7336
vn -0.4203 -0.5729 -0.7037
vn -0.2143 -0.7881 -0.5771
vn -0.5837 -0.3025 -0.7535
vn -0.3889 -0.5570 -0.7338
vn -0.1822 -0.7669 -0.6154
vn -0.5553 -0.2888 -0.7799
vn -0.3299 -0.5238 -0.7853
vn -0.1204 -0.7297 -0.6731
vn -0.4984 -0.2604 -0.8269
vn -0.2129 -0.4564 -0.8639
vn -0.3730 -0.2023 -0.9055
vn -0.0089 -0.6590 -0.7521
vn 0.0068 -0.3193 -0.9476
vn -0.1202 -0.0887 -0.9888
vn 0.3224 -0.1329 -0.9372
vn 0.1827 -0.5129 -0.8388
vn 0.3845 -0.3093 -0.8698
vn 0.3867 -0.6071 -0.6941
vn 0.5545 -0.3111 -0.7719
vn 0.5427 -0.6189 -0.5678
vn 0.2007 -0.7755 -0.5986
vn 0.3753 -0.8096 -0.4512
vn 0.0874 -0.8499 -0.5197
vn 0.0193 -0.8898 -0.4560
vn 0.2615 -0.8933 -0.3655
vn 0.1853 -0.9373 -0.2952
vn 0.4049 -0.8880 -0.2179
vn 0.3227 -0.9360 -0.1405
vn 0.5156 -0.7965 -0.3159
vn 0.5270 -0.8471 -0.0686
vn 0.6304 -0.7550 -0.1805
vn 0.4429 -0.8965 0.0126
vn 0.6286 -0.7733 0.0833
vn 0.7226 -0.6903 -0.0373
vn 0.7095 -0.6635 0.2376
vn 0.5481 -0.8204 0.1630
vn 0.6359 -0.7061 0.3115
vn 0.4887 -0.8482 0.2042
vn 0.3867 -0.9200 0.0634
vn 0.5806 -0.7375 0.3448
vn 0.4538 -0.8669 0.2063
vn 0.5454 -0.7674 0.3370
vn 0.3627 -0.9281 0.0843
vn 0.4202 -0.8876 0.1888
vn 0.3472 -0.9327 0.0975
vn 0.5104 -0.8043 0.3044
vn 0.3757 -0.9125 0.1620
vn 0.4693 -0.8436 0.2610
vn 0.3266 -0.9382 0.1149
vn 0.3172 -0.9387 0.1352
vn 0.2927 -0.9455 0.1428
vn 0.4271 -0.8763 0.2231
vn 0.2599 -0.9593 0.1103
vn 0.3912 -0.8984 0.1998
vn 0.2602 -0.9507 0.1690
vn 0.1894 -0.9774 0.0938
vn 0.1987 -0.9558 0.2166
vn 0.3676 -0.9120 0.1822
vn 0.0922 -0.9932 0.0704
vn 0.0232 -0.9398 0.3409
vn 0.3448 -0.9234 0.1687
vn -0.0075 -0.9999 -0.0114
vn -0.4116 -0.9043 -0.1132
vn 0.2991 -0.9406 0.1609
vn -0.0990 -0.9886 -0.1132
vn 0.2191 -0.9591 0.1792
vn -0.4346 -0.8288 -0.3525
vn -0.1522 -0.9821 -0.1109
vn -0.4378 -0.8105 -0.3891
vn 0.1393 -0.9621 0.2346
vn -0.2190 -0.9757 -0.0009
vn 0.0504 -0.9451 0.3228
vn -0.4972 -0.8204 -0.2824
vn -0.3587 -0.9155 0.1823
vn -0.5984 -0.7970 -0.0820
vn -0.1404 -0.8794 0.4548
vn -0.5595 -0.7510 0.3506
vn -0.3927 -0.7210 0.5709
vn -0.6806 -0.7230 0.1187
vn -0.7177 -0.5828 0.3811
vn -0.5729 -0.5391 0.6174
vn -0.8465 -0.3902 0.3623
vn -0.7987 -0.5956 0.0857
vn -0.9036 -0.4258 0.0473
vn -0.7635 -0.6060 -0.2232
vn -0.8704 -0.4190 -0.2586
vn -0.6820 -0.5937 -0.4270
vn -0.7947 -0.3897 -0.4655
vn -0.6265 -0.5762 -0.5249
vn -0.7418 -0.3680 -0.5607
vn -0.6387 -0.5772 -0.5088
vn -0.7422 -0.3658 -0.5616
vn -0.7464 -0.6254 -0.2273
vn -0.8578 -0.4142 -0.3044
vn -0.4190 -0.7002 0.5780
vn -0.6948 -0.3269 0.6406
vn 0.1465 -0.1673 0.9750
vn 0.2568 -0.5614 0.7867
vn 0.1046 0.0795 0.9913
vn 0.4146 -0.0368 0.9093
vn 0.4330 -0.3837 0.8156
vn 0.3541 0.1966 0.9143
vn 0.4326 -0.0329 0.9010
vn 0.4579 -0.3511 0.8168
vn 0.3541 0.1943 0.9148
vn 0.3333 -0.0728 0.9400
vn 0.3470 -0.3873 0.8542
vn 0.2595 0.1512 0.9538
vn 0.1305 -0.1473 0.9804
vn 0.1284 -0.4242 0.8964
vn 0.0617 0.0591 0.9963
vn -0.1557 -0.2657 0.9514
vn -0.1008 -0.4255 0.8993
vn -0.2154 -0.0728 0.9738
vn -0.3902 -0.4149 0.8220
vn -0.2521 -0.5933 0.7645
vn -0.4831 -0.2038 0.8515
vn -0.5610 -0.5330 0.6333
vn -0.3966 -0.7230 0.5656
vn -0.6924 -0.3095 0.6518
vn -0.7109 -0.5838 0.3923
vn -0.7964 -0.5980 0.0900
vn -0.5612 -0.7539 0.3416
vn -0.6768 -0.7279 0.1101
vn -0.3669 -0.9159 0.1631
vn -0.5928 -0.8009 -0.0838
vn -0.2122 -0.9772 0.0053
vn -0.1539 -0.8864 0.4366
vn 0.0503 -0.9452 0.3227
vn 0.0203 -0.7210 0.6926
vn 0.2497 -0.7353 0.6301
vn 0.3715 -0.7134 0.5941
vn 0.1642 -0.9492 0.2683
vn 0.3943 -0.7355 0.5509
vn 0.2397 -0.9485 0.2070
vn 0.3409 -0.8212 0.4577
vn 0.2775 -0.9516 0.1319
vn 0.3020 -0.8856 0.3528
vn 0.2809 -0.9562 0.0828
vn 0.3102 -0.9155 0.2564
vn 0.2733 -0.9604 0.0553
vn 0.3143 -0.9314 0.1836
vn 0.2615 -0.9649 0.0253
vn 0.3057 -0.9446 0.1198
vn 0.2464 -0.9690 -0.0202
vn 0.2940 -0.9544 0.0520
vn 0.2170 -0.9730 -0.0786
vn 0.2778 -0.9606 -0.0029
vn 0.1803 -0.9736 -0.1399
vn 0.2673 -0.9626 -0.0448
vn 0.1517 -0.9694 -0.1930
vn 0.2751 -0.9578 -0.0833
vn 0.1472 -0.9599 -0.2387
vn -0.0129 -0.9135 -0.4067
vn -0.0089 -0.9297 -0.3682
vn 0.0167 -0.9452 -0.3262
vn 0.0470 -0.9580 -0.2830
vn 0.0666 -0.9658 -0.2505
vn 0.0692 -0.9706 -0.2305
vn 0.0674 -0.9726 -0.2226
vn 0.0608 -0.9733 -0.2216
vn -0.2573 -0.8250 -0.5032
vn 0.0357 -0.9776 -0.2075
vn -0.0332 -0.9881 -0.1505
vn -0.2837 -0.8210 -0.4955
vn -0.3425 -0.8285 -0.4430
vn -0.5182 -0.5702 -0.6374
vn -0.5612 -0.5831 -0.5874
vn -0.6181 -0.6030 -0.5043
vn -0.4117 -0.8379 -0.3584
vn -0.6777 -0.6179 -0.3987
vn -0.4834 -0.8363 -0.2586
vn -0.7588 -0.6164 -0.2105
vn -0.1190 -0.9900 -0.0758
vn -0.5855 0.0005 0.8107
vn -0.3257 0.0944 0.9408
vn -0.6337 0.2174 0.7424
vn -0.4125 0.2348 0.8802
vn -0.5589 0.5049 0.6579
vn -0.2664 0.4103 0.8722
vn -0.4240 0.6881 0.5889
vn -0.0986 0.5537 0.8269
vn -0.3287 0.7658 0.5527
vn 0.0010 0.6141 0.7893
vn -0.3213 0.7927 0.5181
vn -0.0225 0.6135 0.7894
vn -0.4052 0.8003 0.4419
vn 0.2229 0.3910 0.8930
vn -0.0235 0.2809 0.9594
vn 0.2286 0.3977 0.8886
vn 0.1336 0.3487 0.9277
vn -0.0539 0.2417 0.9688
vn -0.9419 -0.1902 -0.2770
vn -0.8342 -0.1514 -0.5303
vn -0.9036 0.1615 -0.3968
vn -0.8306 -0.1457 -0.5375
vn -0.8954 0.1542 -0.4176
vn -0.8817 -0.1721 -0.4393
vn -0.9430 0.1205 -0.3101
vn -0.9477 -0.2168 -0.2344
vn -0.9936 0.0372 -0.1069
vn -0.9690 -0.2356 0.0746
vn -0.9931 -0.0631 0.0984
vn -0.9147 -0.1683 0.3675
vn -0.9441 0.0581 0.3245
vn -0.7945 -0.0747 0.6026
vn -0.8208 0.1783 0.5427
vn -0.7095 -0.3183 0.6287
vn -0.5968 -0.0039 0.8024
vn -0.3290 0.0916 0.9399
vn -0.6293 0.2209 0.7451
vn -0.4964 -0.2117 0.8419
vn -0.2195 -0.0767 0.9726
vn -0.3973 -0.4229 0.8144
vn -0.2439 -0.5911 0.7688
vn -0.1579 -0.2704 0.9497
vn -0.0903 -0.4270 0.8997
vn 0.1245 -0.1632 0.9787
vn 0.0509 0.0527 0.9973
vn 0.1331 -0.4285 0.8937
vn 0.3181 -0.1070 0.9420
vn 0.3363 -0.4158 0.8450
vn 0.2356 0.1394 0.9618
vn 0.4264 -0.0671 0.9020
vn 0.3397 0.1867 0.9218
vn 0.4492 -0.3962 0.8008
vn 0.5125 -0.0323 0.8581
vn 0.5444 -0.3735 0.7511
vn 0.4222 0.2239 0.8784
vn 0.5670 -0.0135 0.8236
vn 0.4727 0.2468 0.8460
vn 0.6084 -0.3633 0.7056
vn 0.5841 -0.0135 0.8116
vn 0.6257 -0.3720 0.6856
vn 0.4873 0.2539 0.8355
vn 0.5915 -0.0157 0.8062
vn 0.5986 -0.0211 0.8008
vn 0.4924 0.2583 0.8311
vn 0.6311 -0.3813 0.6755
vn 0.6377 -0.3891 0.6648
vn 0.5429 -0.7286 0.4176
vn 0.5497 -0.7241 0.4165
vn 0.5399 -0.7275 0.4235
vn 0.5203 -0.7290 0.4448
vn 0.4497 -0.7403 0.4997
vn 0.3550 -0.7469 0.5623
vn 0.2471 -0.7415 0.6238
vn 0.0344 -0.7100 0.7034
vn 0.5647 -0.7103 0.4202
vn 0.5838 -0.6826 0.4396
vn 0.6451 -0.3939 0.6548
vn 0.6519 -0.3864 0.6525
vn 0.6072 -0.0299 0.7940
vn 0.6153 -0.0350 0.7875
vn 0.5012 0.2634 0.8243
vn 0.4962 0.2620 0.8277
vn 0.5079 0.2649 0.8197
vn 0.3404 0.5313 0.7758
vn 0.0838 0.7830 0.6164
vn 0.3416 0.5223 0.7813
vn 0.3446 0.5356 0.7710
vn 0.1001 0.7788 0.6192
vn 0.3548 0.5398 0.7634
vn 0.1269 0.7707 0.6244
vn 0.5184 0.2680 0.8120
vn 0.3717 0.5445 0.7519
vn 0.1572 0.7641 0.6256
vn 0.5344 0.2736 0.7997
vn 0.3942 0.5519 0.7348
vn 0.1865 0.7653 0.6161
vn 0.5564 0.2824 0.7815
vn 0.4212 0.5644 0.7100
vn 0.2156 0.7753 0.5937
vn 0.5848 0.2961 0.7552
vn 0.4721 0.5863 0.6584
vn 0.2680 0.7955 0.5435
vn 0.6364 0.3218 0.7010
vn 0.5707 0.6189 0.5396
vn 0.7297 0.3634 0.5791
vn 0.3706 0.8252 0.4263
vn 0.7117 0.6371 0.2961
vn 0.8531 0.4106 0.3217
vn 0.7885 0.6110 -0.0703
vn 0.5238 0.8284 0.1985
vn 0.6512 0.7559 -0.0667
vn 0.3530 0.9353 0.0247
vn 0.1726 0.9486 0.2654
vn 0.5658 0.7864 -0.2478
vn 0.2375 0.9613 -0.1398
vn 0.0163 0.9948 0.1004
vn 0.4840 0.7837 -0.3893
vn 0.1452 0.9495 -0.2780
vn -0.1079 0.9926 -0.0554
vn 0.4217 0.7651 -0.4867
vn 0.0625 0.9163 -0.3956
vn 0.3707 0.7423 -0.5582
vn -0.2174 0.9549 -0.2024
vn -0.0226 0.8635 -0.5039
vn 0.3183 0.7120 -0.6258
vn -0.1152 0.7803 -0.6147
vn -0.3203 0.8836 -0.3415
vn -0.4140 0.7740 -0.4790
vn -0.4757 0.8492 -0.2293
vn -0.3711 0.9254 -0.0770
vn -0.5611 0.7349 -0.3810
vn -0.5383 0.8247 -0.1734
vn -0.6201 0.7122 -0.3291
vn -0.4356 0.9000 -0.0194
vn -0.5655 0.8129 -0.1395
vn -0.4670 0.8842 0.0100
vn -0.6450 0.7049 -0.2952
vn -0.5736 0.8122 -0.1067
vn -0.6505 0.7150 -0.2562
vn -0.4854 0.8738 0.0276
vn -0.5666 0.8217 -0.0617
vn -0.5005 0.8647 0.0423
vn -0.6376 0.7438 -0.2007
vn -0.6144 0.7779 -0.1318
vn -0.7143 0.5874 -0.3804
vn -0.7163 0.5536 -0.4248
vn -0.7593 0.3161 -0.5688
vn -0.7056 0.6265 -0.3311
vn -0.7669 0.3340 -0.5480
vn -0.6979 0.6529 -0.2945
vn -0.7714 0.3442 -0.5352
vn -0.7757 0.3370 -0.5336
vn -0.7373 -0.0216 -0.6752
vn -0.7331 -0.0173 -0.6799
vn -0.7242 -0.0137 -0.6894
vn -0.7099 -0.0104 -0.7042
vn -0.7476 0.2999 -0.5926
vn -0.6895 -0.0041 -0.7242
vn -0.6625 0.0085 -0.7490
vn -0.7294 0.2954 -0.6170
vn -0.7029 0.3041 -0.6430
vn -0.7054 0.5400 -0.4591
vn -0.6803 0.5456 -0.4893
vn -0.6240 0.5672 -0.5376
vn -0.4883 0.6095 -0.6245
vn -0.6474 0.3258 -0.6890
vn -0.5189 0.3689 -0.7712
vn -0.6068 0.0328 -0.7942
vn -0.4792 0.0803 -0.8740
vn -0.2228 0.1577 -0.9620
vn -0.2669 0.4228 -0.8660
vn 0.1336 0.2749 -0.9521
vn 0.2311 0.0713 -0.9703
vn 0.0340 0.4393 -0.8977
vn 0.3877 0.3963 -0.8323
vn 0.5031 0.1981 -0.8412
vn 0.1525 0.5744 -0.8043
vn 0.4995 0.4683 -0.7288
vn 0.6333 0.2617 -0.7284
vn 0.2487 0.6630 -0.7061
vn 0.5532 0.5000 -0.6663
vn 0.5820 0.5157 -0.6288
vn 0.6850 0.2903 -0.6682
vn 0.7063 0.3027 -0.6399
vn 0.7593 0.0444 -0.6493
vn 0.7899 0.0613 -0.6101
vn 0.7626 -0.2772 -0.5845
vn 0.6994 0.0169 -0.7145
vn 0.6792 -0.3001 -0.6698
vn 0.5749 -0.0218 -0.8179
vn 0.8204 -0.2514 -0.5136
vn 0.6603 -0.5988 -0.4532
vn 0.7520 -0.5621 -0.3443
vn 0.8275 -0.5130 -0.2282
vn 0.8709 -0.2217 -0.4387
vn 0.8934 -0.4391 -0.0957
vn 0.7964 -0.5937 0.1156
vn 0.9240 -0.1745 -0.3402
vn 0.9455 -0.3205 0.0582
vn 0.8530 -0.4408 0.2795
vn 0.9734 -0.0962 -0.2078
vn 0.9693 -0.1094 0.2203
vn 0.9991 0.0060 -0.0423
vn 0.8751 -0.2055 0.4381
vn 0.9385 0.1587 0.3067
vn 0.8341 0.0807 0.5457
vn 0.9776 0.2032 -0.0551
vn 0.9065 0.4178 -0.0610
vn 0.9244 0.1575 -0.3474
vn 0.8645 0.1016 -0.4922
vn 0.8463 0.3742 -0.3791
vn 0.7718 0.3328 -0.5418
vn 0.7320 0.5729 -0.3687
vn 0.6565 0.5489 -0.5174
vn 0.6101 0.5291 -0.5898
vn 0.7277 0.3122 -0.6107
vn 0.8192 0.0751 -0.5686
vn 0.7468 0.0286 0.6644
vn 0.6922 -0.0024 0.7217
vn 0.7905 -0.2624 0.5534
vn 0.7309 -0.2985 0.6138
vn 0.7690 -0.5002 0.3980
vn 0.7028 -0.5391 0.4641
vn 0.6562 -0.5702 0.4942
vn 0.6931 -0.3225 0.6446
vn 0.6293 -0.6023 0.4911
vn 0.6730 -0.3432 0.6552
vn 0.6067 -0.6425 0.4681
vn 0.6610 -0.3664 0.6549
vn 0.6253 -0.0341 0.7797
vn 0.6391 -0.0283 0.7686
vn 0.6601 -0.0186 0.7509
vn -0.2101 0.6464 -0.7335
vn -0.4183 0.8978 0.1380
vn -0.2955 0.9193 0.2600
vn -0.3781 0.9124 0.1565
vn -0.2417 0.9247 0.2942
vn -0.3468 0.9251 0.1549
vn -0.2023 0.9320 0.3008
vn -0.3116 0.9410 0.1318
vn -0.1664 0.9449 0.2818
vn -0.2489 0.9655 0.0760
vn -0.1079 0.9674 0.2292
vn 0.0632 0.9197 0.3875
vn 0.0084 0.8990 0.4380
vn -0.0249 0.8891 0.4570
vn -0.0633 0.8886 0.4543
vn -0.1127 0.8960 0.4294
vn -0.1659 0.9034 0.3954
vn 0.0834 0.7777 0.6231
vn 0.3434 0.5082 0.7898
vn 0.3425 0.4954 0.7983
vn 0.3314 0.4822 0.8110
vn 0.2809 0.4546 0.8452
vn 0.0392 0.6895 0.7232
vn 0.1983 0.4136 0.8886
vn -0.0398 0.6349 0.7716
vn 0.0982 0.3582 0.9285
vn -0.1273 0.5635 0.8163
vn -0.0681 0.2449 0.9671
vn -0.2667 0.4168 0.8690
vn -0.4068 0.2415 0.8810
vn -0.5434 0.5103 0.6666
vn -0.4308 0.6901 0.5815
vn -0.7796 0.4697 0.4142
vn -0.7061 0.6521 0.2759
vn -0.9398 0.3094 0.1450
vn -0.8933 0.4473 -0.0430
vn -0.8543 0.4961 -0.1549
vn -0.6623 0.7259 0.1855
vn -0.3657 0.7725 0.5192
vt 0.092390 0.977042
vt 0.089067 0.976558
vt 0.089149 0.974168
vt 0.092373 0.974208
vt 0.095564 0.974305
vt 0.095611 0.976706
vt 0.090987 0.979003
vt 0.092498 0.979257
vt 0.091995 0.979745
vt 0.093791 0.979069
vt 0.093012 0.979769
vt 0.095915 0.978820
vt 0.088736 0.978650
vt 0.085700 0.978601
vt 0.085804 0.976451
vt 0.085815 0.974113
vt 0.088238 0.981938
vt 0.085496 0.982019
vt 0.090105 0.981990
vt 0.082468 0.981961
vt 0.082382 0.978535
vt 0.082389 0.976391
vt 0.080247 0.981782
vt 0.079929 0.978410
vt 0.079816 0.976337
vt 0.082400 0.974113
vt 0.079741 0.974152
vt 0.079713 0.972036
vt 0.082411 0.971919
vt 0.085794 0.971871
vt 0.089133 0.971908
vt 0.085729 0.969555
vt 0.089096 0.969611
vt 0.082357 0.969595
vt 0.085401 0.963352
vt 0.088926 0.963431
vt 0.082000 0.963362
vt 0.092383 0.971960
vt 0.092401 0.969687
vt 0.092464 0.963517
vt 0.096021 0.963546
vt 0.095707 0.969737
vt 0.095621 0.972040
vt 0.099622 0.963581
vt 0.099122 0.969813
vt 0.098996 0.972139
vt 0.098918 0.974394
vt 0.098874 0.976746
vt 0.102461 0.974544
vt 0.102414 0.976844
vt 0.102510 0.972329
vt 0.105454 0.972563
vt 0.105372 0.974704
vt 0.105243 0.976911
vt 0.098932 0.978914
vt 0.102368 0.979008
vt 0.105076 0.979004
vt 0.099079 0.982363
vt 0.102213 0.982461
vt 0.104669 0.982400
vt 0.101595 0.987966
vt 0.103470 0.987892
vt 0.099245 0.987927
vt 0.099368 0.993183
vt 0.100789 0.993169
vt 0.101922 0.993091
vt 0.100151 0.995769
vt 0.100765 0.995686
vt 0.099393 0.995788
vt 0.099370 0.996541
vt 0.099828 0.996508
vt 0.100233 0.996368
vt 0.100293 0.996452
vt 0.099770 0.996696
vt 0.099364 0.996732
vt 0.099801 0.996740
vt 0.099371 0.996787
vt 0.100362 0.996464
vt 0.101116 0.995636
vt 0.101240 0.995606
vt 0.102745 0.992961
vt 0.102537 0.993001
vt 0.104437 0.987813
vt 0.104749 0.987795
vt 0.106231 0.982350
vt 0.105863 0.982350
vt 0.106384 0.979012
vt 0.106789 0.979007
vt 0.107062 0.977026
vt 0.106636 0.976988
vt 0.106867 0.974874
vt 0.107313 0.975072
vt 0.107079 0.972818
vt 0.107551 0.973118
vt 0.106879 0.975258
vt 0.106683 0.976940
vt 0.107081 0.973453
vt 0.105460 0.975415
vt 0.105357 0.976858
vt 0.105573 0.973730
vt 0.105761 0.970850
vt 0.107355 0.970823
vt 0.107830 0.970729
vt 0.106279 0.964619
vt 0.107980 0.964571
vt 0.108513 0.964484
vt 0.107202 0.953874
vt 0.109057 0.953050
vt 0.109712 0.952233
vt 0.108065 0.921671
vt 0.109993 0.920268
vt 0.110715 0.918885
vt 0.108509 0.913875
vt 0.110399 0.912965
vt 0.111089 0.912014
vt 0.108632 0.908948
vt 0.110483 0.908761
vt 0.111156 0.908476
vt 0.108524 0.905328
vt 0.110364 0.905158
vt 0.111049 0.904904
vt 0.108165 0.902295
vt 0.109874 0.901798
vt 0.110515 0.901266
vt 0.109364 0.898218
vt 0.108818 0.898903
vt 0.107379 0.899569
vt 0.107312 0.896021
vt 0.106935 0.896890
vt 0.106351 0.897848
vt 0.104407 0.897695
vt 0.105021 0.900054
vt 0.105581 0.902773
vt 0.101498 0.897794
vt 0.101947 0.900443
vt 0.102318 0.903164
vt 0.105838 0.905554
vt 0.102491 0.905804
vt 0.105903 0.909151
vt 0.102513 0.909383
vt 0.098499 0.909599
vt 0.098516 0.906012
vt 0.098435 0.903415
vt 0.094121 0.909696
vt 0.094173 0.906104
vt 0.094194 0.903511
vt 0.089940 0.903441
vt 0.089814 0.906028
vt 0.089728 0.909599
vt 0.086012 0.903216
vt 0.085791 0.905836
vt 0.085666 0.909385
vt 0.089700 0.915262
vt 0.085677 0.914948
vt 0.094011 0.915386
vt 0.093834 0.923679
vt 0.089748 0.923538
vt 0.085866 0.923163
vt 0.089875 0.955041
vt 0.086240 0.954742
vt 0.093598 0.955170
vt 0.093372 0.964871
vt 0.090012 0.964769
vt 0.086633 0.964600
vt 0.090073 0.970641
vt 0.086836 0.970554
vt 0.093225 0.970712
vt 0.093143 0.973557
vt 0.090081 0.973527
vt 0.086898 0.973481
vt 0.090066 0.975163
vt 0.086912 0.975116
vt 0.093094 0.975154
vt 0.093021 0.977011
vt 0.089949 0.976553
vt 0.086866 0.976476
vt 0.091713 0.978887
vt 0.089592 0.978470
vt 0.086726 0.978427
vt 0.090656 0.981965
vt 0.089012 0.981928
vt 0.086448 0.982016
vt 0.088065 0.987469
vt 0.086037 0.987496
vt 0.089427 0.987467
vt 0.087923 0.992702
vt 0.086968 0.992685
vt 0.085654 0.992639
vt 0.086193 0.995281
vt 0.085474 0.995250
vt 0.086740 0.995258
vt 0.086233 0.995901
vt 0.085867 0.996017
vt 0.085431 0.996040
vt 0.085409 0.996259
vt 0.085800 0.996213
vt 0.086272 0.995989
vt 0.085385 0.996333
vt 0.085802 0.996275
vt 0.086308 0.996021
vt 0.087005 0.995254
vt 0.087068 0.995269
vt 0.088394 0.992783
vt 0.088328 0.992734
vt 0.090024 0.987650
vt 0.090118 0.987801
vt 0.091513 0.982718
vt 0.091393 0.982397
vt 0.092452 0.979679
vt 0.092327 0.980120
vt 0.092655 0.979824
vt 0.092834 0.979356
vt 0.094184 0.978946
vt 0.093163 0.979696
vt 0.092969 0.980136
vt 0.095033 0.982076
vt 0.094070 0.982465
vt 0.093690 0.982774
vt 0.095956 0.987649
vt 0.095187 0.987795
vt 0.094906 0.987936
vt 0.097152 0.992984
vt 0.096639 0.992988
vt 0.096460 0.993029
vt 0.098154 0.995621
vt 0.097831 0.995599
vt 0.097708 0.995607
vt 0.098598 0.996299
vt 0.098522 0.996384
vt 0.098449 0.996412
vt 0.098971 0.996439
vt 0.098988 0.996640
vt 0.098951 0.996701
vt 0.099417 0.996491
vt 0.099383 0.996711
vt 0.099788 0.996676
vt 0.099868 0.996460
vt 0.100311 0.996430
vt 0.100268 0.996325
vt 0.100818 0.995622
vt 0.100231 0.995685
vt 0.099488 0.995696
vt 0.102009 0.993011
vt 0.100928 0.993060
vt 0.099548 0.993064
vt 0.098746 0.995681
vt 0.098192 0.993028
vt 0.099541 0.987874
vt 0.097447 0.987731
vt 0.099481 0.982346
vt 0.096834 0.982125
vt 0.099390 0.978725
vt 0.096458 0.978632
vt 0.099344 0.976758
vt 0.096206 0.976694
vt 0.096165 0.975297
vt 0.099360 0.975389
vt 0.099453 0.973746
vt 0.096237 0.973657
vt 0.099649 0.970806
vt 0.096393 0.970765
vt 0.100120 0.964826
vt 0.096737 0.964882
vt 0.100943 0.954917
vt 0.097320 0.955131
vt 0.101769 0.923268
vt 0.097912 0.923593
vt 0.102294 0.914991
vt 0.098311 0.915285
vt 0.105210 0.922662
vt 0.105720 0.914538
vt 0.104342 0.954505
vt 0.103461 0.964721
vt 0.102970 0.970844
vt 0.102791 0.973812
vt 0.102715 0.975460
vt 0.102680 0.976828
vt 0.102638 0.978809
vt 0.105201 0.978808
vt 0.102467 0.982436
vt 0.104791 0.982364
vt 0.106441 0.978888
vt 0.105911 0.982322
vt 0.103580 0.987854
vt 0.104483 0.987793
vt 0.102577 0.992961
vt 0.101143 0.995604
vt 0.101799 0.987916
vt 0.098969 0.996659
vt 0.098500 0.996404
vt 0.098926 0.996483
vt 0.098556 0.996338
vt 0.098651 0.995764
vt 0.098081 0.995681
vt 0.096999 0.993064
vt 0.098002 0.993137
vt 0.097119 0.987777
vt 0.095684 0.987684
vt 0.094660 0.982105
vt 0.096381 0.982144
vt 0.093860 0.982493
vt 0.095037 0.987815
vt 0.096558 0.993028
vt 0.097793 0.995630
vt 0.091102 0.982423
vt 0.089005 0.987497
vt 0.089809 0.987669
vt 0.087644 0.992777
vt 0.088187 0.992772
vt 0.086583 0.995315
vt 0.086925 0.995283
vt 0.086136 0.995939
vt 0.086222 0.996008
vt 0.085759 0.996059
vt 0.085754 0.996231
vt 0.085313 0.996087
vt 0.085360 0.996279
vt 0.084963 0.996217
vt 0.084869 0.996025
vt 0.084964 0.996259
vt 0.084453 0.995942
vt 0.084481 0.995861
vt 0.084421 0.995950
vt 0.085011 0.996198
vt 0.084509 0.995921
vt 0.084983 0.995980
vt 0.084588 0.995821
vt 0.083743 0.995050
vt 0.084117 0.995091
vt 0.083589 0.995045
vt 0.082206 0.992335
vt 0.082478 0.992348
vt 0.083135 0.992436
vt 0.080862 0.987134
vt 0.081906 0.987247
vt 0.080430 0.987116
vt 0.079177 0.981667
vt 0.079712 0.981661
vt 0.081018 0.981763
vt 0.079340 0.978250
vt 0.080785 0.978234
vt 0.078752 0.978345
vt 0.078555 0.976380
vt 0.079185 0.976318
vt 0.080723 0.976302
vt 0.080688 0.974873
vt 0.079063 0.974652
vt 0.078378 0.974444
vt 0.078939 0.972865
vt 0.078213 0.972510
vt 0.080652 0.973205
vt 0.083519 0.976395
vt 0.083545 0.975040
vt 0.083543 0.973405
vt 0.083470 0.978357
vt 0.083458 0.981955
vt 0.083773 0.987410
vt 0.084270 0.992551
vt 0.084730 0.995192
vt 0.083492 0.970461
vt 0.080589 0.970356
vt 0.083260 0.964384
vt 0.080328 0.964188
vt 0.078778 0.970262
vt 0.078407 0.964082
vt 0.077584 0.963973
vt 0.078026 0.970146
vt 0.078236 0.969946
vt 0.078393 0.972227
vt 0.077816 0.963748
vt 0.079637 0.969733
vt 0.079273 0.963499
vt 0.078592 0.950912
vt 0.077089 0.951286
vt 0.076850 0.951887
vt 0.078067 0.917335
vt 0.076559 0.917826
vt 0.076313 0.918731
vt 0.077947 0.910737
vt 0.076450 0.911232
vt 0.076190 0.911975
vt 0.078007 0.907580
vt 0.076510 0.908037
vt 0.076248 0.908497
vt 0.078197 0.904080
vt 0.076726 0.904542
vt 0.076475 0.904985
vt 0.078737 0.900352
vt 0.077349 0.900846
vt 0.077119 0.901404
vt 0.078345 0.898392
vt 0.078561 0.897838
vt 0.079751 0.897386
vt 0.080424 0.896201
vt 0.080538 0.895803
vt 0.080937 0.895854
vt 0.081974 0.896947
vt 0.082832 0.895135
vt 0.081155 0.900008
vt 0.084434 0.899744
vt 0.085040 0.896580
vt 0.085751 0.894629
vt 0.088521 0.899537
vt 0.088907 0.896363
vt 0.089376 0.894359
vt 0.093107 0.899441
vt 0.093238 0.896273
vt 0.093408 0.894269
vt 0.097482 0.894297
vt 0.097622 0.896306
vt 0.097754 0.899491
vt 0.101220 0.894514
vt 0.101632 0.896473
vt 0.102009 0.899658
vt 0.097768 0.903446
vt 0.102142 0.903554
vt 0.093009 0.903414
vt 0.092939 0.907122
vt 0.097717 0.907130
vt 0.102121 0.907178
vt 0.097629 0.910390
vt 0.102021 0.910405
vt 0.092887 0.910396
vt 0.092790 0.917118
vt 0.097333 0.917113
vt 0.101607 0.917113
vt 0.096687 0.950877
vt 0.100645 0.950881
vt 0.092618 0.950870
vt 0.104309 0.950969
vt 0.103186 0.963705
vt 0.105331 0.917198
vt 0.108285 0.917449
vt 0.107304 0.951201
vt 0.106176 0.963936
vt 0.102630 0.969985
vt 0.105598 0.970235
vt 0.107312 0.970512
vt 0.107958 0.964242
vt 0.109146 0.951614
vt 0.110142 0.917961
vt 0.108643 0.910752
vt 0.110492 0.911258
vt 0.110546 0.908009
vt 0.108695 0.907547
vt 0.105737 0.910496
vt 0.105813 0.907290
vt 0.105794 0.903715
vt 0.108633 0.903995
vt 0.105529 0.899892
vt 0.108244 0.900216
vt 0.110454 0.904456
vt 0.109964 0.900703
vt 0.108859 0.897660
vt 0.107376 0.897218
vt 0.106301 0.895681
vt 0.106926 0.895622
vt 0.104468 0.894789
vt 0.104292 0.894420
vt 0.104284 0.894980
vt 0.101171 0.894242
vt 0.101104 0.893823
vt 0.097471 0.893575
vt 0.097574 0.894049
vt 0.093613 0.893543
vt 0.093823 0.894035
vt 0.097740 0.895564
vt 0.101258 0.895619
vt 0.094007 0.895593
vt 0.094136 0.898031
vt 0.097974 0.897946
vt 0.104359 0.895924
vt 0.098240 0.900717
vt 0.094191 0.900827
vt 0.090130 0.900753
vt 0.090289 0.897991
vt 0.086385 0.900513
vt 0.086734 0.897880
vt 0.082670 0.902851
vt 0.083239 0.900157
vt 0.083765 0.897816
vt 0.079954 0.902397
vt 0.080761 0.899700
vt 0.081757 0.897991
vt 0.079135 0.899059
vt 0.081028 0.897052
vt 0.078036 0.901920
vt 0.083626 0.896063
vt 0.083256 0.894943
vt 0.086749 0.895719
vt 0.086522 0.894353
vt 0.083124 0.894578
vt 0.086225 0.893938
vt 0.089785 0.893636
vt 0.090087 0.894106
vt 0.090275 0.895616
vt 0.077461 0.905230
vt 0.079529 0.905390
vt 0.077228 0.908776
vt 0.079313 0.908959
vt 0.082188 0.909158
vt 0.082358 0.905601
vt 0.082176 0.914482
vt 0.079260 0.913815
vt 0.082369 0.922518
vt 0.079409 0.921503
vt 0.082798 0.954254
vt 0.079833 0.953563
vt 0.077780 0.952708
vt 0.077297 0.920100
vt 0.077163 0.912912
vt 0.104903 0.896803
vt 0.088589 0.950797
vt 0.088303 0.917080
vt 0.084752 0.950724
vt 0.084190 0.917050
vt 0.083992 0.910399
vt 0.088209 0.910387
vt 0.084002 0.907200
vt 0.088227 0.907142
vt 0.084118 0.903608
vt 0.088314 0.903475
vt 0.080570 0.907319
vt 0.080722 0.903788
vt 0.080535 0.910486
vt 0.080710 0.917107
vt 0.081297 0.950740
vt 0.078543 0.974262
vt 0.078711 0.976356
vt 0.078898 0.978363
vt 0.079310 0.981679
vt 0.081331 0.987272
vt 0.080560 0.987146
vt 0.082796 0.992506
vt 0.082301 0.992383
vt 0.083938 0.995150
vt 0.083650 0.995080
vt 0.084499 0.995270
vt 0.083827 0.992650
vt 0.085232 0.995336
vt 0.085197 0.992749
vt 0.085977 0.995360
vt 0.086573 0.992787
vt 0.085301 0.987536
vt 0.087455 0.987507
vt 0.083034 0.987446
s 1
usemtl Material.002
f 904/697/904 910/698/910 912/699/912 905/700/905
f 904/697/904 905/700/905 941/701/941 908/702/908
f 909/703/909 904/697/904 906/704/906 1197/705/1197
f 907/706/907 1193/707/1193 906/704/906 904/697/904
f 907/706/907 904/697/904 908/702/908 1191/708/1191
f 909/703/909 913/709/913 910/698/910 904/697/904
f 913/709/913 915/710/915 911/711/911 910/698/910
f 910/698/910 911/711/911 925/712/925 912/699/912
f 914/713/914 916/714/916 915/710/915 913/709/913
f 1199/715/1199 914/713/914 913/709/913 909/703/909
f 916/714/916 918/716/918 917/717/917 915/710/915
f 915/710/915 917/717/917 920/718/920 911/711/911
f 918/716/918 1433/719/1433 919/720/919 917/717/917
f 917/717/917 919/720/919 921/721/921 920/718/920
f 911/711/911 920/718/920 922/722/922 925/712/925
f 920/718/920 921/721/921 923/723/923 922/722/922
f 922/722/922 923/723/923 1428/724/1428 924/725/924
f 925/712/925 922/722/922 924/725/924 926/726/926
f 912/699/912 925/712/925 926/726/926 927/727/927
f 927/727/927 926/726/926 928/728/928 931/729/931
f 926/726/926 924/725/924 930/730/930 928/728/928
f 931/729/931 928/728/928 929/731/929 932/732/932
f 928/728/928 930/730/930 1427/733/1427 929/731/929
f 935/734/935 927/727/927 931/729/931 933/735/933
f 933/735/933 931/729/931 932/732/932 934/736/934
f 933/735/933 934/736/934 937/737/937 936/738/936
f 935/734/935 933/735/933 936/738/936 939/739/939
f 936/738/936 937/737/937 1322/740/1322 938/741/938
f 939/739/939 936/738/936 938/741/938 940/742/940
f 941/701/941 939/739/939 940/742/940 942/743/942
f 905/700/905 935/734/935 939/739/939 941/701/941
f 908/702/908 941/701/941 942/743/942 943/744/943
f 943/744/943 942/743/942 944/745/944 947/746/947
f 942/743/942 940/742/940 945/747/945 944/745/944
f 944/745/944 945/747/945 1330/748/1330 946/749/946
f 947/746/947 944/745/944 946/749/946 948/750/948
f 950/751/950 943/744/943 947/746/947 949/752/949
f 949/752/949 947/746/947 948/750/948 951/753/951
f 954/754/954 950/751/950 949/752/949 952/755/952
f 952/755/952 949/752/949 951/753/951 953/756/953
f 955/757/955 952/755/952 953/756/953 957/758/957
f 956/759/956 954/754/954 952/755/952 955/757/955
f 960/760/960 956/759/956 955/757/955 958/761/958
f 958/761/958 955/757/955 957/758/957 959/762/959
f 961/763/961 958/761/958 959/762/959 963/764/963
f 962/765/962 960/760/960 958/761/958 961/763/961
f 966/766/966 962/765/962 961/763/961 964/767/964
f 964/767/964 961/763/961 963/764/963 965/768/965
f 970/769/970 967/770/967 964/767/964 965/768/965
f 967/770/967 969/771/969 966/766/966 964/767/964
f 968/772/968 1124/773/1124 969/771/969 967/770/967
f 971/774/971 968/772/968 967/770/967 970/769/970
f 972/775/972 970/769/970 965/768/965 963/764/963
f 973/776/973 971/774/971 970/769/970 972/775/972
f 975/777/975 973/776/973 972/775/972 974/778/974
f 974/778/974 972/775/972 963/764/963 959/762/959
f 976/779/976 974/778/974 959/762/959 957/758/957
f 977/780/977 975/777/975 974/778/974 976/779/976
f 979/781/979 977/780/977 976/779/976 978/782/978
f 978/782/978 976/779/976 957/758/957 953/756/953
f 980/783/980 978/782/978 953/756/953 951/753/951
f 981/784/981 979/781/979 978/782/978 980/783/980
f 983/785/983 981/784/981 980/783/980 982/786/982
f 982/786/982 980/783/980 951/753/951 948/750/948
f 946/749/946 984/787/984 982/786/982 948/750/948
f 984/787/984 986/788/986 983/785/983 982/786/982
f 985/789/985 987/790/987 986/788/986 984/787/984
f 1330/748/1330 985/789/985 984/787/984 946/749/946
f 988/791/988 990/792/990 983/785/983 986/788/986
f 991/793/991 988/791/988 986/788/986 987/790/987
f 989/794/989 1166/795/1166 990/792/990 988/791/988
f 992/796/992 989/794/989 988/791/988 991/793/991
f 994/797/994 992/796/992 991/793/991 993/798/993
f 993/798/993 991/793/991 987/790/987 995/799/995
f 997/800/997 994/797/994 993/798/993 996/801/996
f 996/801/996 993/798/993 995/799/995 998/802/998
f 1000/803/1000 997/800/997 996/801/996 999/804/999
f 999/804/999 996/801/996 998/802/998 1001/805/1001
f 1003/806/1003 1000/803/1000 999/804/999 1002/807/1002
f 1002/807/1002 999/804/999 1001/805/1001 1004/808/1004
f 1006/809/1006 1003/806/1003 1002/807/1002 1005/810/1005
f 1005/810/1005 1002/807/1002 1004/808/1004 1007/811/1007
f 1009/812/1009 1006/809/1006 1005/810/1005 1008/813/1008
f 1008/813/1008 1005/810/1005 1007/811/1007 1010/814/1010
f 1012/815/1012 1009/812/1009 1008/813/1008 1011/816/1011
f 1011/816/1011 1008/813/1008 1010/814/1010 1013/817/1013
f 1016/818/1016 1012/815/1012 1011/816/1011 1014/819/1014
f 1014/819/1014 1011/816/1011 1013/817/1013 1015/820/1015
f 1015/820/1015 1018/821/1018 1017/822/1017 1014/819/1014
f 1014/819/1014 1017/822/1017 1020/823/1020 1016/818/1016
f 1018/821/1018 1351/824/1351 1019/825/1019 1017/822/1017
f 1017/822/1017 1019/825/1019 1021/826/1021 1020/823/1020
f 1020/823/1020 1021/826/1021 1023/827/1023 1022/828/1022
f 1016/818/1016 1020/823/1020 1022/828/1022 1025/829/1025
f 1022/828/1022 1023/827/1023 1367/830/1367 1024/831/1024
f 1025/829/1025 1022/828/1022 1024/831/1024 1026/832/1026
f 1027/833/1027 1012/815/1012 1016/818/1016 1025/829/1025
f 1029/834/1029 1027/833/1027 1025/829/1025 1026/832/1026
f 1028/835/1028 1009/812/1009 1012/815/1012 1027/833/1027
f 1030/836/1030 1028/835/1028 1027/833/1027 1029/834/1029
f 1032/837/1032 1030/836/1030 1029/834/1029 1031/838/1031
f 1031/838/1031 1029/834/1029 1026/832/1026 1033/839/1033
f 1036/840/1036 1032/837/1032 1031/838/1031 1034/841/1034
f 1034/841/1034 1031/838/1031 1033/839/1033 1035/842/1035
f 1034/841/1034 1035/842/1035 1038/843/1038 1037/844/1037
f 1036/840/1036 1034/841/1034 1037/844/1037 1040/845/1040
f 1037/844/1037 1038/843/1038 1375/846/1375 1039/847/1039
f 1040/845/1040 1037/844/1037 1039/847/1039 1041/848/1041
f 1042/849/1042 1040/845/1040 1041/848/1041 1044/850/1044
f 1043/851/1043 1036/840/1036 1040/845/1040 1042/849/1042
f 1047/852/1047 1043/851/1043 1042/849/1042 1045/853/1045
f 1045/853/1045 1042/849/1042 1044/850/1044 1046/854/1046
f 1048/855/1048 1045/853/1045 1046/854/1046 1050/856/1050
f 1049/857/1049 1047/852/1047 1045/853/1045 1048/855/1048
f 1053/858/1053 1049/857/1049 1048/855/1048 1051/859/1051
f 1051/859/1051 1048/855/1048 1050/856/1050 1052/860/1052
f 1054/861/1054 1051/859/1051 1052/860/1052 1056/862/1056
f 1055/863/1055 1053/858/1053 1051/859/1051 1054/861/1054
f 1059/864/1059 1055/863/1055 1054/861/1054 1057/865/1057
f 1057/865/1057 1054/861/1054 1056/862/1056 1058/866/1058
f 1060/867/1060 1057/865/1057 1058/866/1058 1062/868/1062
f 1061/869/1061 1059/864/1059 1057/865/1057 1060/867/1060
f 1064/870/1064 1061/869/1061 1060/867/1060 1063/871/1063
f 1063/871/1063 1060/867/1060 1062/868/1062 1065/872/1065
f 1067/873/1067 1064/870/1064 1063/871/1063 1066/874/1066
f 1066/874/1066 1063/871/1063 1065/872/1065 1068/875/1068
f 1071/876/1071 1067/873/1067 1066/874/1066 1069/877/1069
f 1069/877/1069 1066/874/1066 1068/875/1068 1070/878/1070
f 1072/879/1072 1069/877/1069 1070/878/1070 1074/880/1074
f 1073/881/1073 1071/876/1071 1069/877/1069 1072/879/1072
f 1077/882/1077 1073/881/1073 1072/879/1072 1075/883/1075
f 1075/883/1075 1072/879/1072 1074/880/1074 1076/884/1076
f 1078/885/1078 1075/883/1075 1076/884/1076 1080/886/1080
f 1079/887/1079 1077/882/1077 1075/883/1075 1078/885/1078
f 1083/888/1083 1079/887/1079 1078/885/1078 1081/889/1081
f 1081/889/1081 1078/885/1078 1080/886/1080 1082/890/1082
f 1082/890/1082 1085/891/1085 1084/892/1084 1081/889/1081
f 1081/889/1081 1084/892/1084 1087/893/1087 1083/888/1083
f 1085/891/1085 1212/894/1212 1086/895/1086 1084/892/1084
f 1084/892/1084 1086/895/1086 1088/896/1088 1087/893/1087
f 1083/888/1083 1087/893/1087 1089/897/1089 1079/887/1079
f 1087/893/1087 1088/896/1088 1090/898/1090 1089/897/1089
f 1089/897/1089 1090/898/1090 1092/899/1092 1091/900/1091
f 1079/887/1079 1089/897/1089 1091/900/1091 1077/882/1077
f 1077/882/1077 1091/900/1091 1093/901/1093 1073/881/1073
f 1091/900/1091 1092/899/1092 1094/902/1094 1093/901/1093
f 1093/901/1093 1094/902/1094 1096/903/1096 1095/904/1095
f 1073/881/1073 1093/901/1093 1095/904/1095 1071/876/1071
f 1071/876/1071 1095/904/1095 1097/905/1097 1067/873/1067
f 1095/904/1095 1096/903/1096 1098/906/1098 1097/905/1097
f 1097/905/1097 1098/906/1098 1100/907/1100 1099/908/1099
f 1067/873/1067 1097/905/1097 1099/908/1099 1064/870/1064
f 1102/909/1102 1064/870/1064 1099/908/1099 1101/910/1101
f 1101/910/1101 1099/908/1099 1100/907/1100 1103/911/1103
f 1105/912/1105 1102/909/1102 1101/910/1101 1104/913/1104
f 1104/913/1104 1101/910/1101 1103/911/1103 1106/914/1106
f 1108/915/1108 1105/912/1105 1104/913/1104 1107/916/1107
f 1107/916/1107 1104/913/1104 1106/914/1106 1109/917/1109
f 1111/918/1111 1108/915/1108 1107/916/1107 1110/919/1110
f 1110/919/1110 1107/916/1107 1109/917/1109 1112/920/1112
f 1114/921/1114 1111/918/1111 1110/919/1110 1113/922/1113
f 1113/922/1113 1110/919/1110 1112/920/1112 1115/923/1115
f 1117/924/1117 1114/921/1114 1113/922/1113 1116/925/1116
f 1116/925/1116 1113/922/1113 1115/923/1115 1118/926/1118
f 1120/927/1120 1117/924/1117 1116/925/1116 1119/928/1119
f 1119/928/1119 1116/925/1116 1118/926/1118 1121/929/1121
f 1123/930/1123 1120/927/1120 1119/928/1119 1122/931/1122
f 1122/931/1122 1119/928/1119 1121/929/1121 1124/773/1124
f 1125/932/1125 1127/933/1127 1123/930/1123 1122/931/1122
f 968/772/968 1125/932/1125 1122/931/1122 1124/773/1124
f 1126/934/1126 1128/935/1128 1127/933/1127 1125/932/1125
f 971/774/971 1126/934/1126 1125/932/1125 968/772/968
f 1127/933/1127 1128/935/1128 1130/936/1130 1129/937/1129
f 1123/930/1123 1127/933/1127 1129/937/1129 1132/938/1132
f 1129/937/1129 1130/936/1130 1176/939/1176 1131/940/1131
f 1132/938/1132 1129/937/1129 1131/940/1131 1133/941/1133
f 1120/927/1120 1123/930/1123 1132/938/1132 1134/942/1134
f 1134/942/1134 1132/938/1132 1133/941/1133 1135/943/1135
f 1117/924/1117 1120/927/1120 1134/942/1134 1114/921/1114
f 1114/921/1114 1134/942/1134 1135/943/1135 1111/918/1111
f 1135/943/1135 1133/941/1133 1137/944/1137 1136/945/1136
f 1111/918/1111 1135/943/1135 1136/945/1136 1108/915/1108
f 1136/945/1136 1137/944/1137 1139/946/1139 1138/947/1138
f 1108/915/1108 1136/945/1136 1138/947/1138 1105/912/1105
f 1138/947/1138 1139/946/1139 1141/948/1141 1140/949/1140
f 1105/912/1105 1138/947/1138 1140/949/1140 1102/909/1102
f 1140/949/1140 1141/948/1141 1143/950/1143 1142/951/1142
f 1102/909/1102 1140/949/1140 1142/951/1142 1064/870/1064
f 1064/870/1064 1142/951/1142 1144/952/1144 1061/869/1061
f 1142/951/1142 1143/950/1143 1145/953/1145 1144/952/1144
f 1144/952/1144 1145/953/1145 1147/954/1147 1146/955/1146
f 1061/869/1061 1144/952/1144 1146/955/1146 1059/864/1059
f 1146/955/1146 1147/954/1147 1149/956/1149 1148/957/1148
f 1059/864/1059 1146/955/1146 1148/957/1148 1055/863/1055
f 1148/957/1148 1149/956/1149 1151/958/1151 1150/959/1150
f 1055/863/1055 1148/957/1148 1150/959/1150 1053/858/1053
f 1150/959/1150 1151/958/1151 1153/960/1153 1152/961/1152
f 1053/858/1053 1150/959/1150 1152/961/1152 1049/857/1049
f 1152/961/1152 1153/960/1153 1155/962/1155 1154/963/1154
f 1049/857/1049 1152/961/1152 1154/963/1154 1047/852/1047
f 1154/963/1154 1155/962/1155 1157/964/1157 1156/965/1156
f 1047/852/1047 1154/963/1154 1156/965/1156 1043/851/1043
f 1156/965/1156 1157/964/1157 1030/836/1030 1032/837/1032
f 1043/851/1043 1156/965/1156 1032/837/1032 1036/840/1036
f 1155/962/1155 1159/966/1159 1158/967/1158 1157/964/1157
f 1157/964/1157 1158/967/1158 1028/835/1028 1030/836/1030
f 1159/966/1159 1003/806/1003 1006/809/1006 1158/967/1158
f 1158/967/1158 1006/809/1006 1009/812/1009 1028/835/1028
f 1160/968/1160 1000/803/1000 1003/806/1003 1159/966/1159
f 1153/960/1153 1160/968/1160 1159/966/1159 1155/962/1155
f 1161/969/1161 997/800/997 1000/803/1000 1160/968/1160
f 1151/958/1151 1161/969/1161 1160/968/1160 1153/960/1153
f 1162/970/1162 994/797/994 997/800/997 1161/969/1161
f 1149/956/1149 1162/970/1162 1161/969/1161 1151/958/1151
f 1163/971/1163 992/796/992 994/797/994 1162/970/1162
f 1147/954/1147 1163/971/1163 1162/970/1162 1149/956/1149
f 1164/972/1164 989/794/989 992/796/992 1163/971/1163
f 1145/953/1145 1164/972/1164 1163/971/1163 1147/954/1147
f 1165/973/1165 1166/795/1166 989/794/989 1164/972/1164
f 1143/950/1143 1165/973/1165 1164/972/1164 1145/953/1145
f 1141/948/1141 1167/974/1167 1165/973/1165 1143/950/1143
f 1167/974/1167 1169/975/1169 1166/795/1166 1165/973/1165
f 1168/976/1168 1170/977/1170 1169/975/1169 1167/974/1167
f 1139/946/1139 1168/976/1168 1167/974/1167 1141/948/1141
f 990/792/990 1166/795/1166 1169/975/1169 1171/978/1171
f 1171/978/1171 1169/975/1169 1170/977/1170 1172/979/1172
f 983/785/983 990/792/990 1171/978/1171 981/784/981
f 981/784/981 1171/978/1171 1172/979/1172 979/781/979
f 1172/979/1172 1170/977/1170 1174/980/1174 1173/981/1173
f 979/781/979 1172/979/1172 1173/981/1173 977/780/977
f 1173/981/1173 1174/980/1174 1176/939/1176 1175/982/1175
f 977/780/977 1173/981/1173 1175/982/1175 975/777/975
f 1175/982/1175 1176/939/1176 1130/936/1130 1177/983/1177
f 975/777/975 1175/982/1175 1177/983/1177 973/776/973
f 1177/983/1177 1130/936/1130 1128/935/1128 1126/934/1126
f 973/776/973 1177/983/1177 1126/934/1126 971/774/971
f 1131/940/1131 1176/939/1176 1174/980/1174 1178/984/1178
f 1178/984/1178 1174/980/1174 1170/977/1170 1168/976/1168
f 1133/941/1133 1131/940/1131 1178/984/1178 1137/944/1137
f 1137/944/1137 1178/984/1178 1168/976/1168 1139/946/1139
f 969/771/969 1124/773/1124 1121/929/1121 1179/985/1179
f 1179/985/1179 1121/929/1121 1118/926/1118 1180/986/1180
f 966/766/966 969/771/969 1179/985/1179 1181/987/1181
f 1181/987/1181 1179/985/1179 1180/986/1180 1182/988/1182
f 1181/987/1181 1183/989/1183 962/765/962 966/766/966
f 1182/988/1182 1184/990/1184 1183/989/1183 1181/987/1181
f 1184/990/1184 1186/991/1186 1185/992/1185 1183/989/1183
f 1183/989/1183 1185/992/1185 960/760/960 962/765/962
f 1185/992/1185 1187/993/1187 956/759/956 960/760/960
f 1186/991/1186 1188/994/1188 1187/993/1187 1185/992/1185
f 1188/994/1188 1190/995/1190 1189/996/1189 1187/993/1187
f 1187/993/1187 1189/996/1189 954/754/954 956/759/956
f 1189/996/1189 1191/708/1191 950/751/950 954/754/954
f 1190/995/1190 907/706/907 1191/708/1191 1189/996/1189
f 1191/708/1191 908/702/908 943/744/943 950/751/950
f 1190/995/1190 1192/997/1192 1193/707/1193 907/706/907
f 1188/994/1188 1194/998/1194 1192/997/1192 1190/995/1190
f 1194/998/1194 1109/917/1109 1106/914/1106 1192/997/1192
f 1192/997/1192 1106/914/1106 1103/911/1103 1193/707/1193
f 1195/999/1195 1112/920/1112 1109/917/1109 1194/998/1194
f 1186/991/1186 1195/999/1195 1194/998/1194 1188/994/1188
f 1184/990/1184 1196/1000/1196 1195/999/1195 1186/991/1186
f 1196/1000/1196 1115/923/1115 1112/920/1112 1195/999/1195
f 1180/986/1180 1118/926/1118 1115/923/1115 1196/1000/1196
f 1182/988/1182 1180/986/1180 1196/1000/1196 1184/990/1184
f 1193/707/1193 1103/911/1103 1100/907/1100 906/704/906
f 1197/705/1197 906/704/906 1100/907/1100 1098/906/1098
f 1198/1001/1198 1197/705/1197 1098/906/1098 1096/903/1096
f 1199/715/1199 909/703/909 1197/705/1197 1198/1001/1198
f 1201/1002/1201 1199/715/1199 1198/1001/1198 1200/1003/1200
f 1200/1003/1200 1198/1001/1198 1096/903/1096 1094/902/1094
f 1203/1004/1203 1201/1002/1201 1200/1003/1200 1202/1005/1202
f 1202/1005/1202 1200/1003/1200 1094/902/1094 1092/899/1092
f 1205/1006/1205 1203/1004/1203 1202/1005/1202 1204/1007/1204
f 1204/1007/1204 1202/1005/1202 1092/899/1092 1090/898/1090
f 1207/1008/1207 1205/1006/1205 1204/1007/1204 1206/1009/1206
f 1206/1009/1206 1204/1007/1204 1090/898/1090 1088/896/1088
f 1209/1010/1209 1207/1008/1207 1206/1009/1206 1208/1011/1208
f 1208/1011/1208 1206/1009/1206 1088/896/1088 1086/895/1086
f 1211/1012/1211 1209/1010/1209 1208/1011/1208 1210/1013/1210
f 1210/1013/1210 1208/1011/1208 1086/895/1086 1212/894/1212
f 1213/1014/1213 1215/1015/1215 1211/1012/1211 1210/1013/1210
f 1216/1016/1216 1213/1014/1213 1210/1013/1210 1212/894/1212
f 1214/1017/1214 1440/1018/1440 1215/1015/1215 1213/1014/1213
f 1217/1019/1217 1214/1017/1214 1213/1014/1213 1216/1016/1216
f 1216/1016/1216 1212/894/1212 1085/891/1085 1218/1020/1218
f 1217/1019/1217 1216/1016/1216 1218/1020/1218 1220/1021/1220
f 1218/1020/1218 1085/891/1085 1082/890/1082 1219/1022/1219
f 1220/1021/1220 1218/1020/1218 1219/1022/1219 1221/1023/1221
f 1222/1024/1222 1220/1021/1220 1221/1023/1221 1224/1025/1224
f 1223/1026/1223 1217/1019/1217 1220/1021/1220 1222/1024/1222
f 1227/1027/1227 1223/1026/1223 1222/1024/1222 1225/1028/1225
f 1225/1028/1225 1222/1024/1222 1224/1025/1224 1226/1029/1226
f 1228/1030/1228 1225/1028/1225 1226/1029/1226 1230/1031/1230
f 1229/1032/1229 1227/1027/1227 1225/1028/1225 1228/1030/1228
f 1233/1033/1233 1229/1032/1229 1228/1030/1228 1231/1034/1231
f 1231/1034/1231 1228/1030/1228 1230/1031/1230 1232/1035/1232
f 1234/1036/1234 1231/1034/1231 1232/1035/1232 1236/1037/1236
f 1235/1038/1235 1233/1033/1233 1231/1034/1231 1234/1036/1234
f 1239/1039/1239 1235/1038/1235 1234/1036/1234 1237/1040/1237
f 1237/1040/1237 1234/1036/1234 1236/1037/1236 1238/1041/1238
f 1243/1042/1243 1240/1043/1240 1237/1040/1237 1238/1041/1238
f 1240/1043/1240 1242/1044/1242 1239/1039/1239 1237/1040/1237
f 1241/1045/1241 1260/1046/1260 1242/1044/1242 1240/1043/1240
f 1244/1047/1244 1241/1045/1241 1240/1043/1240 1243/1042/1243
f 1247/1048/1247 1245/1049/1245 1243/1042/1243 1238/1041/1238
f 1245/1049/1245 1246/1050/1246 1244/1047/1244 1243/1042/1243
f 1062/868/1062 1058/866/1058 1246/1050/1246 1245/1049/1245
f 1065/872/1065 1062/868/1062 1245/1049/1245 1247/1048/1247
f 1068/875/1068 1065/872/1065 1247/1048/1247 1248/1051/1248
f 1248/1051/1248 1247/1048/1247 1238/1041/1238 1236/1037/1236
f 1070/878/1070 1068/875/1068 1248/1051/1248 1249/1052/1249
f 1249/1052/1249 1248/1051/1248 1236/1037/1236 1232/1035/1232
f 1250/1053/1250 1249/1052/1249 1232/1035/1232 1230/1031/1230
f 1074/880/1074 1070/878/1070 1249/1052/1249 1250/1053/1250
f 1076/884/1076 1074/880/1074 1250/1053/1250 1251/1054/1251
f 1251/1054/1251 1250/1053/1250 1230/1031/1230 1226/1029/1226
f 1252/1055/1252 1251/1054/1251 1226/1029/1226 1224/1025/1224
f 1080/886/1080 1076/884/1076 1251/1054/1251 1252/1055/1252
f 1082/890/1082 1080/886/1080 1252/1055/1252 1219/1022/1219
f 1219/1022/1219 1252/1055/1252 1224/1025/1224 1221/1023/1221
f 1246/1050/1246 1253/1056/1253 1255/1057/1255 1244/1047/1244
f 1058/866/1058 1056/862/1056 1253/1056/1253 1246/1050/1246
f 1056/862/1056 1052/860/1052 1254/1058/1254 1253/1056/1253
f 1253/1056/1253 1254/1058/1254 1256/1059/1256 1255/1057/1255
f 1255/1057/1255 1257/1060/1257 1241/1045/1241 1244/1047/1244
f 1256/1059/1256 1258/1061/1258 1257/1060/1257 1255/1057/1255
f 1258/1061/1258 1261/1062/1261 1259/1063/1259 1257/1060/1257
f 1257/1060/1257 1259/1063/1259 1260/1046/1260 1241/1045/1241
f 1262/1064/1262 1264/1065/1264 1260/1046/1260 1259/1063/1259
f 1265/1066/1265 1262/1064/1262 1259/1063/1259 1261/1062/1261
f 1263/1067/1263 1428/724/1428 1264/1065/1264 1262/1064/1262
f 1266/1068/1266 1263/1067/1263 1262/1064/1262 1265/1066/1265
f 1268/1069/1268 1266/1068/1266 1265/1066/1265 1267/1070/1267
f 1267/1070/1267 1265/1066/1265 1261/1062/1261 1269/1071/1269
f 1271/1072/1271 1268/1069/1268 1267/1070/1267 1270/1073/1270
f 1270/1073/1270 1267/1070/1267 1269/1071/1269 1272/1074/1272
f 1274/1075/1274 1271/1072/1271 1270/1073/1270 1273/1076/1273
f 1273/1076/1273 1270/1073/1270 1272/1074/1272 1275/1077/1275
f 1277/1078/1277 1274/1075/1274 1273/1076/1273 1276/1079/1276
f 1276/1079/1276 1273/1076/1273 1275/1077/1275 1278/1080/1278
f 1280/1081/1280 1277/1078/1277 1276/1079/1276 1279/1082/1279
f 1279/1082/1279 1276/1079/1276 1278/1080/1278 1281/1083/1281
f 1284/1084/1284 1280/1081/1280 1279/1082/1279 1282/1085/1282
f 1282/1085/1282 1279/1082/1279 1281/1083/1281 1283/1086/1283
f 1282/1085/1282 1283/1086/1283 1286/1087/1286 1285/1088/1285
f 1284/1084/1284 1282/1085/1282 1285/1088/1285 1288/1089/1288
f 1285/1088/1285 1286/1087/1286 1386/1090/1386 1287/1091/1287
f 1288/1089/1288 1285/1088/1285 1287/1091/1287 1289/1092/1289
f 1290/1093/1290 1288/1089/1288 1289/1092/1289 1292/1094/1292
f 1291/1095/1291 1284/1084/1284 1288/1089/1288 1290/1093/1290
f 1294/1096/1294 1291/1095/1291 1290/1093/1290 1293/1097/1293
f 1293/1097/1293 1290/1093/1290 1292/1094/1292 1295/1098/1295
f 1297/1099/1297 1294/1096/1294 1293/1097/1293 1296/1100/1296
f 1296/1100/1296 1293/1097/1293 1295/1098/1295 1298/1101/1298
f 1301/1102/1301 1297/1099/1297 1296/1100/1296 1299/1103/1299
f 1299/1103/1299 1296/1100/1296 1298/1101/1298 1300/1104/1300
f 1299/1103/1299 1300/1104/1300 1303/1105/1303 1302/1106/1302
f 1301/1102/1301 1299/1103/1299 1302/1106/1302 1305/1107/1305
f 1302/1106/1302 1303/1105/1303 1358/1108/1358 1304/1109/1304
f 1305/1107/1305 1302/1106/1302 1304/1109/1304 1306/1110/1306
f 1307/1111/1307 1305/1107/1305 1306/1110/1306 1309/1112/1309
f 1308/1113/1308 1301/1102/1301 1305/1107/1305 1307/1111/1307
f 1312/1114/1312 1308/1113/1308 1307/1111/1307 1310/1115/1310
f 1310/1115/1310 1307/1111/1307 1309/1112/1309 1311/1116/1311
f 1313/1117/1313 1310/1115/1310 1311/1116/1311 1315/1118/1315
f 1314/1119/1314 1312/1114/1312 1310/1115/1310 1313/1117/1313
f 1318/1120/1318 1314/1119/1314 1313/1117/1313 1316/1121/1316
f 1316/1121/1316 1313/1117/1313 1315/1118/1315 1317/1122/1317
f 1319/1123/1319 1316/1121/1316 1317/1122/1317 1321/1124/1321
f 1320/1125/1320 1318/1120/1318 1316/1121/1316 1319/1123/1319
f 934/736/934 1320/1125/1320 1319/1123/1319 937/737/937
f 937/737/937 1319/1123/1319 1321/1124/1321 1322/740/1322
f 1322/740/1322 1321/1124/1321 1323/1126/1323 1326/1127/1326
f 1321/1124/1321 1317/1122/1317 1324/1128/1324 1323/1126/1323
f 1323/1126/1323 1324/1128/1324 1335/1129/1335 1325/1130/1325
f 1326/1127/1326 1323/1126/1323 1325/1130/1325 1327/1131/1327
f 1328/1132/1328 1326/1127/1326 1327/1131/1327 1329/1133/1329
f 938/741/938 1322/740/1322 1326/1127/1326 1328/1132/1328
f 940/742/940 938/741/938 1328/1132/1328 945/747/945
f 945/747/945 1328/1132/1328 1329/1133/1329 1330/748/1330
f 1329/1133/1329 1331/1134/1331 985/789/985 1330/748/1330
f 1327/1131/1327 1332/1135/1332 1331/1134/1331 1329/1133/1329
f 1332/1135/1332 998/802/998 995/799/995 1331/1134/1331
f 1331/1134/1331 995/799/995 987/790/987 985/789/985
f 1325/1130/1325 1333/1136/1333 1332/1135/1332 1327/1131/1327
f 1333/1136/1333 1001/805/1001 998/802/998 1332/1135/1332
f 1334/1137/1334 1004/808/1004 1001/805/1001 1333/1136/1333
f 1335/1129/1335 1334/1137/1334 1333/1136/1333 1325/1130/1325
f 1338/1138/1338 1336/1139/1336 1334/1137/1334 1335/1129/1335
f 1336/1139/1336 1007/811/1007 1004/808/1004 1334/1137/1334
f 1337/1140/1337 1010/814/1010 1007/811/1007 1336/1139/1336
f 1339/1141/1339 1337/1140/1337 1336/1139/1336 1338/1138/1338
f 1324/1128/1324 1340/1142/1340 1338/1138/1338 1335/1129/1335
f 1340/1142/1340 1341/1143/1341 1339/1141/1339 1338/1138/1338
f 1315/1118/1315 1311/1116/1311 1341/1143/1341 1340/1142/1340
f 1317/1122/1317 1315/1118/1315 1340/1142/1340 1324/1128/1324
f 1341/1143/1341 1342/1144/1342 1344/1145/1344 1339/1141/1339
f 1311/1116/1311 1309/1112/1309 1342/1144/1342 1341/1143/1341
f 1309/1112/1309 1306/1110/1306 1343/1146/1343 1342/1144/1342
f 1342/1144/1342 1343/1146/1343 1345/1147/1345 1344/1145/1344
f 1344/1145/1344 1346/1148/1346 1337/1140/1337 1339/1141/1339
f 1345/1147/1345 1347/1149/1347 1346/1148/1346 1344/1145/1344
f 1347/1149/1347 1015/820/1015 1013/817/1013 1346/1148/1346
f 1346/1148/1346 1013/817/1013 1010/814/1010 1337/1140/1337
f 1347/1149/1347 1348/1150/1348 1018/821/1018 1015/820/1015
f 1345/1147/1345 1349/1151/1349 1348/1150/1348 1347/1149/1347
f 1349/1151/1349 1352/1152/1352 1350/1153/1350 1348/1150/1348
f 1348/1150/1348 1350/1153/1350 1351/824/1351 1018/821/1018
f 1354/1154/1354 1351/824/1351 1350/1153/1350 1353/1155/1353
f 1353/1155/1353 1350/1153/1350 1352/1152/1352 1355/1156/1355
f 1357/1157/1357 1354/1154/1354 1353/1155/1353 1356/1158/1356
f 1356/1158/1356 1353/1155/1353 1355/1156/1355 1358/1108/1358
f 1359/1159/1359 1361/1160/1361 1357/1157/1357 1356/1158/1356
f 1303/1105/1303 1359/1159/1359 1356/1158/1356 1358/1108/1358
f 1360/1161/1360 1362/1162/1362 1361/1160/1361 1359/1159/1359
f 1300/1104/1300 1360/1161/1360 1359/1159/1359 1303/1105/1303
f 1361/1160/1361 1363/1163/1363 1366/1164/1366 1357/1157/1357
f 1362/1162/1362 1364/1165/1364 1363/1163/1363 1361/1160/1361
f 1364/1165/1364 1369/1166/1369 1365/1167/1365 1363/1163/1363
f 1363/1163/1363 1365/1167/1365 1367/830/1367 1366/1164/1366
f 1368/1168/1368 1366/1164/1366 1367/830/1367 1023/827/1023
f 1354/1154/1354 1357/1157/1357 1366/1164/1366 1368/1168/1368
f 1351/824/1351 1354/1154/1354 1368/1168/1368 1019/825/1019
f 1019/825/1019 1368/1168/1368 1023/827/1023 1021/826/1021
f 1024/831/1024 1367/830/1367 1365/1167/1365 1370/1169/1370
f 1370/1169/1370 1365/1167/1365 1369/1166/1369 1371/1170/1371
f 1026/832/1026 1024/831/1024 1370/1169/1370 1033/839/1033
f 1033/839/1033 1370/1169/1370 1371/1170/1371 1035/842/1035
f 1038/843/1038 1035/842/1035 1371/1170/1371 1372/1171/1372
f 1372/1171/1372 1371/1170/1371 1369/1166/1369 1373/1172/1373
f 1375/846/1375 1038/843/1038 1372/1171/1372 1374/1173/1374
f 1374/1173/1374 1372/1171/1372 1373/1172/1373 1376/1174/1376
f 1378/1175/1378 1375/846/1375 1374/1173/1374 1377/1176/1377
f 1377/1176/1377 1374/1173/1374 1376/1174/1376 1379/1177/1379
f 1382/1178/1382 1378/1175/1378 1377/1176/1377 1380/1179/1380
f 1380/1179/1380 1377/1176/1377 1379/1177/1379 1381/1180/1381
f 1383/1181/1383 1380/1179/1380 1381/1180/1381 1385/1182/1385
f 1384/1183/1384 1382/1178/1382 1380/1179/1380 1383/1181/1383
f 1283/1086/1283 1384/1183/1384 1383/1181/1383 1286/1087/1286
f 1286/1087/1286 1383/1181/1383 1385/1182/1385 1386/1090/1386
f 1386/1090/1386 1385/1182/1385 1387/1184/1387 1389/1185/1389
f 1385/1182/1385 1381/1180/1381 1379/1177/1379 1387/1184/1387
f 1387/1184/1387 1379/1177/1379 1376/1174/1376 1388/1186/1388
f 1389/1185/1389 1387/1184/1387 1388/1186/1388 1390/1187/1390
f 1389/1185/1389 1391/1188/1391 1287/1091/1287 1386/1090/1386
f 1390/1187/1390 1392/1189/1392 1391/1188/1391 1389/1185/1389
f 1392/1189/1392 1295/1098/1295 1292/1094/1292 1391/1188/1391
f 1391/1188/1391 1292/1094/1292 1289/1092/1289 1287/1091/1287
f 1393/1190/1393 1392/1189/1392 1390/1187/1390 1394/1191/1394
f 1298/1101/1298 1295/1098/1295 1392/1189/1392 1393/1190/1393
f 1300/1104/1300 1298/1101/1298 1393/1190/1393 1360/1161/1360
f 1360/1161/1360 1393/1190/1393 1394/1191/1394 1362/1162/1362
f 1394/1191/1394 1390/1187/1390 1388/1186/1388 1395/1192/1395
f 1362/1162/1362 1394/1191/1394 1395/1192/1395 1364/1165/1364
f 1395/1192/1395 1388/1186/1388 1376/1174/1376 1373/1172/1373
f 1364/1165/1364 1395/1192/1395 1373/1172/1373 1369/1166/1369
f 1384/1183/1384 1283/1086/1283 1281/1083/1281 1396/1193/1396
f 1382/1178/1382 1384/1183/1384 1396/1193/1396 1398/1194/1398
f 1396/1193/1396 1281/1083/1281 1278/1080/1278 1397/1195/1397
f 1398/1194/1398 1396/1193/1396 1397/1195/1397 1399/1196/1399
f 1401/1197/1401 1400/1198/1400 1398/1194/1398 1399/1196/1399
f 1400/1198/1400 1378/1175/1378 1382/1178/1382 1398/1194/1398
f 1039/847/1039 1375/846/1375 1378/1175/1378 1400/1198/1400
f 1041/848/1041 1039/847/1039 1400/1198/1400 1401/1197/1401
f 1402/1199/1402 1401/1197/1401 1399/1196/1399 1403/1200/1403
f 1044/850/1044 1041/848/1041 1401/1197/1401 1402/1199/1402
f 1046/854/1046 1044/850/1044 1402/1199/1402 1404/1201/1404
f 1404/1201/1404 1402/1199/1402 1403/1200/1403 1405/1202/1405
f 1406/1203/1406 1404/1201/1404 1405/1202/1405 1407/1204/1407
f 1050/856/1050 1046/854/1046 1404/1201/1404 1406/1203/1406
f 1052/860/1052 1050/856/1050 1406/1203/1406 1254/1058/1254
f 1254/1058/1254 1406/1203/1406 1407/1204/1407 1256/1059/1256
f 1407/1204/1407 1408/1205/1408 1258/1061/1258 1256/1059/1256
f 1405/1202/1405 1409/1206/1409 1408/1205/1408 1407/1204/1407
f 1409/1206/1409 1272/1074/1272 1269/1071/1269 1408/1205/1408
f 1408/1205/1408 1269/1071/1269 1261/1062/1261 1258/1061/1258
f 1403/1200/1403 1410/1207/1410 1409/1206/1409 1405/1202/1405
f 1410/1207/1410 1275/1077/1275 1272/1074/1272 1409/1206/1409
f 1397/1195/1397 1278/1080/1278 1275/1077/1275 1410/1207/1410
f 1399/1196/1399 1397/1195/1397 1410/1207/1410 1403/1200/1403
f 1304/1109/1304 1358/1108/1358 1355/1156/1355 1411/1208/1411
f 1411/1208/1411 1355/1156/1355 1352/1152/1352 1349/1151/1349
f 1306/1110/1306 1304/1109/1304 1411/1208/1411 1343/1146/1343
f 1343/1146/1343 1411/1208/1411 1349/1151/1349 1345/1147/1345
f 1320/1125/1320 1412/1209/1412 1414/1210/1414 1318/1120/1318
f 934/736/934 932/732/932 1412/1209/1412 1320/1125/1320
f 932/732/932 929/731/929 1413/1211/1413 1412/1209/1412
f 1412/1209/1412 1413/1211/1413 1415/1212/1415 1414/1210/1414
f 1414/1210/1414 1415/1212/1415 1417/1213/1417 1416/1214/1416
f 1318/1120/1318 1414/1210/1414 1416/1214/1416 1314/1119/1314
f 1416/1214/1416 1417/1213/1417 1419/1215/1419 1418/1216/1418
f 1314/1119/1314 1416/1214/1416 1418/1216/1418 1312/1114/1312
f 1418/1216/1418 1419/1215/1419 1421/1217/1421 1420/1218/1420
f 1312/1114/1312 1418/1216/1418 1420/1218/1420 1308/1113/1308
f 1420/1218/1420 1421/1217/1421 1294/1096/1294 1297/1099/1297
f 1308/1113/1308 1420/1218/1420 1297/1099/1297 1301/1102/1301
f 1419/1215/1419 1423/1219/1423 1422/1220/1422 1421/1217/1421
f 1421/1217/1421 1422/1220/1422 1291/1095/1291 1294/1096/1294
f 1423/1219/1423 1277/1078/1277 1280/1081/1280 1422/1220/1422
f 1422/1220/1422 1280/1081/1280 1284/1084/1284 1291/1095/1291
f 1424/1221/1424 1274/1075/1274 1277/1078/1277 1423/1219/1423
f 1417/1213/1417 1424/1221/1424 1423/1219/1423 1419/1215/1419
f 1425/1222/1425 1271/1072/1271 1274/1075/1274 1424/1221/1424
f 1415/1212/1415 1425/1222/1425 1424/1221/1424 1417/1213/1417
f 1426/1223/1426 1268/1069/1268 1271/1072/1271 1425/1222/1425
f 1413/1211/1413 1426/1223/1426 1425/1222/1425 1415/1212/1415
f 1427/733/1427 1266/1068/1266 1268/1069/1268 1426/1223/1426
f 929/731/929 1427/733/1427 1426/1223/1426 1413/1211/1413
f 930/730/930 1263/1067/1263 1266/1068/1266 1427/733/1427
f 1428/724/1428 923/723/923 1429/1224/1429 1264/1065/1264
f 1264/1065/1264 1429/1224/1429 1242/1044/1242 1260/1046/1260
f 923/723/923 921/721/921 1430/1225/1430 1429/1224/1429
f 1429/1224/1429 1430/1225/1430 1239/1039/1239 1242/1044/1242
f 1430/1225/1430 921/721/921 919/720/919 1431/1226/1431
f 1239/1039/1239 1430/1225/1430 1431/1226/1431 1235/1038/1235
f 1431/1226/1431 919/720/919 1433/719/1433 1432/1227/1432
f 1235/1038/1235 1431/1226/1431 1432/1227/1432 1233/1033/1233
f 1432/1227/1432 1433/719/1433 1435/1228/1435 1434/1229/1434
f 1233/1033/1233 1432/1227/1432 1434/1229/1434 1229/1032/1229
f 1434/1229/1434 1435/1228/1435 1437/1230/1437 1436/1231/1436
f 1229/1032/1229 1434/1229/1434 1436/1231/1436 1227/1027/1227
f 1436/1231/1436 1437/1230/1437 1439/1232/1439 1438/1233/1438
f 1227/1027/1227 1436/1231/1436 1438/1233/1438 1223/1026/1223
f 1438/1233/1438 1439/1232/1439 1440/1018/1440 1214/1017/1214
f 1223/1026/1223 1438/1233/1438 1214/1017/1214 1217/1019/1217
f 1441/1234/1441 1439/1232/1439 1437/1230/1437 1442/1235/1442
f 1215/1015/1215 1440/1018/1440 1439/1232/1439 1441/1234/1441
f 1211/1012/1211 1215/1015/1215 1441/1234/1441 1443/1236/1443
f 1443/1236/1443 1441/1234/1441 1442/1235/1442 1444/1237/1444
f 1209/1010/1209 1211/1012/1211 1443/1236/1443 1445/1238/1445
f 1445/1238/1445 1443/1236/1443 1444/1237/1444 1446/1239/1446
f 1207/1008/1207 1209/1010/1209 1445/1238/1445 1205/1006/1205
f 1205/1006/1205 1445/1238/1445 1446/1239/1446 1203/1004/1203
f 1446/1239/1446 1444/1237/1444 1448/1240/1448 1447/1241/1447
f 1203/1004/1203 1446/1239/1446 1447/1241/1447 1201/1002/1201
f 1447/1241/1447 1448/1240/1448 916/714/916 914/713/914
f 1201/1002/1201 1447/1241/1447 914/713/914 1199/715/1199
f 1444/1237/1444 1442/1235/1442 1449/1242/1449 1448/1240/1448
f 1448/1240/1448 1449/1242/1449 918/716/918 916/714/916
f 1442/1235/1442 1437/1230/1437 1435/1228/1435 1449/1242/1449
f 1449/1242/1449 1435/1228/1435 1433/719/1433 918/716/918
f 924/725/924 1428/724/1428 1263/1067/1263 930/730/930
f 905/700/905 912/699/912 927/727/927 935/734/935
o RetopoModel.005
v -0.375132 -1.298355 0.809580
v -0.384268 -1.278810 0.819056
v -0.355600 -1.311224 0.789321
v -0.378129 -1.310164 0.795665
v -0.402147 -1.293687 0.795551
v -0.361117 -1.310164 0.812067
v -0.360126 -1.293687 0.836065
v -0.341521 -1.293045 0.854256
v -0.364274 -1.278404 0.839613
v -0.355231 -1.307058 0.834059
v -0.346122 -1.337625 0.830384
v -0.339456 -1.306633 0.851964
v -0.333362 -1.337558 0.846005
v -0.319332 -1.306740 0.861430
v -0.316233 -1.337735 0.854406
v -0.298123 -1.307178 0.862024
v -0.319688 -1.293080 0.863696
v -0.297236 -1.293514 0.864234
v -0.319246 -1.278191 0.865489
v -0.295308 -1.278583 0.865898
v -0.318849 -1.261901 0.867501
v -0.343178 -1.278163 0.856529
v -0.344737 -1.261850 0.859057
v -0.367592 -1.261898 0.843198
v -0.346070 -1.241139 0.862058
v -0.348595 -1.183226 0.868875
v -0.319048 -1.241194 0.870208
v -0.370141 -1.241154 0.846627
v -0.374434 -1.183248 0.853421
v -0.391938 -1.241167 0.827012
v -0.397849 -1.183265 0.833142
v -0.388593 -1.261933 0.823542
v -0.412337 -1.241154 0.805945
v -0.418969 -1.183248 0.810484
v -0.428637 -1.241139 0.782454
v -0.409003 -1.261898 0.803273
v -0.425687 -1.261850 0.781013
v -0.405542 -1.278404 0.799827
v -0.423216 -1.278163 0.779362
v -0.421006 -1.293045 0.777623
v -0.433045 -1.278191 0.755773
v -0.435070 -1.261901 0.755450
v -0.434328 -1.278583 0.731866
v -0.431236 -1.293080 0.756150
v -0.432594 -1.293514 0.733732
v -0.428986 -1.306740 0.755711
v -0.418791 -1.306633 0.775476
v -0.430353 -1.307178 0.734538
v -0.422079 -1.337735 0.752358
v -0.423378 -1.338076 0.734018
v -0.413059 -1.337558 0.769169
v -0.407834 -1.398463 0.744936
v -0.401477 -1.398286 0.756277
v -0.408984 -1.398582 0.732356
v -0.393250 -1.458253 0.737292
v -0.394206 -1.458181 0.730635
v -0.389681 -1.458119 0.743132
v -0.385478 -1.485979 0.733242
v -0.383418 -1.485913 0.736150
v -0.386281 -1.485826 0.729839
v -0.382585 -1.491790 0.731405
v -0.383648 -1.491236 0.729661
v -0.380922 -1.491883 0.733341
v -0.380912 -1.492943 0.729502
v -0.379259 -1.493234 0.727513
v -0.379135 -1.493214 0.731298
v -0.382736 -1.491687 0.727794
v -0.381200 -1.491790 0.725643
v -0.385571 -1.485689 0.726377
v -0.383593 -1.485600 0.723335
v -0.392504 -1.458026 0.724128
v -0.388610 -1.457940 0.718498
v -0.405155 -1.398796 0.720356
v -0.397517 -1.398926 0.709911
v -0.417484 -1.338718 0.716665
v -0.406216 -1.339096 0.701524
v -0.423585 -1.308014 0.714580
v -0.410696 -1.308503 0.697204
v -0.425744 -1.294355 0.713048
v -0.412667 -1.294846 0.695305
v -0.427520 -1.279356 0.710863
v -0.429380 -1.262961 0.708758
v -0.414635 -1.279809 0.693407
v -0.416592 -1.263379 0.691520
v -0.397679 -1.279489 0.679908
v -0.377065 -1.279647 0.672440
v -0.395419 -1.294403 0.681593
v -0.399855 -1.263106 0.678125
v -0.378939 -1.263411 0.670599
v -0.401217 -1.242346 0.675897
v -0.379536 -1.241826 0.667948
v -0.418466 -1.242649 0.689708
v -0.403093 -1.185146 0.670525
v -0.379296 -1.184870 0.661620
v -0.422451 -1.184840 0.685825
v -0.406612 -1.071074 0.660444
v -0.378917 -1.073487 0.650090
v -0.429982 -1.069203 0.678476
v -0.410027 -0.955376 0.650973
v -0.378577 -0.959137 0.639489
v -0.437182 -0.952978 0.671465
v -0.411211 -0.893196 0.647785
v -0.378199 -0.893703 0.636194
v -0.439747 -0.892887 0.669003
v -0.409388 -0.863584 0.651058
v -0.377227 -0.860234 0.639904
v -0.436992 -0.865587 0.671722
v -0.404481 -0.833846 0.659356
v -0.375202 -0.830446 0.648558
v -0.429523 -0.835822 0.678989
v -0.397851 -0.800405 0.670288
v -0.419503 -0.800770 0.688714
v -0.372542 -0.799561 0.659731
v -0.343849 -0.798670 0.660340
v -0.315245 -0.798385 0.669195
v -0.343462 -0.826170 0.648857
v -0.343451 -0.855971 0.639749
v -0.312323 -0.822885 0.657765
v -0.310541 -0.852576 0.648567
v -0.284602 -0.822062 0.672146
v -0.280579 -0.851501 0.663821
v -0.290205 -0.799053 0.682544
v -0.260843 -0.822267 0.691037
v -0.269017 -0.799595 0.699516
v -0.254489 -0.851554 0.684447
v -0.241097 -0.822062 0.714090
v -0.251283 -0.799053 0.720069
v -0.225712 -0.822885 0.741268
v -0.232924 -0.851501 0.709766
v -0.216586 -0.852576 0.739151
v -0.228851 -0.895567 0.708627
v -0.251784 -0.895745 0.681642
v -0.211909 -0.895083 0.739306
v -0.231269 -0.969525 0.711712
v -0.214217 -0.967771 0.742099
v -0.254585 -0.969826 0.684546
v -0.241025 -1.078861 0.719062
v -0.263451 -1.079032 0.693742
v -0.224363 -1.077970 0.747256
v -0.252518 -1.182864 0.727223
v -0.236191 -1.183122 0.752635
v -0.273730 -1.182896 0.704404
v -0.260119 -1.242174 0.732849
v -0.280793 -1.242316 0.711730
v -0.243549 -1.241895 0.756211
v -0.264548 -1.269032 0.736525
v -0.247318 -1.267753 0.758311
v -0.285303 -1.269344 0.716407
v -0.267839 -1.284854 0.739678
v -0.289332 -1.285396 0.720587
v -0.249743 -1.283562 0.759747
v -0.270475 -1.295926 0.743104
v -0.297370 -1.299681 0.728924
v -0.251489 -1.295008 0.760914
v -0.271954 -1.307323 0.747685
v -0.294128 -1.310305 0.742586
v -0.253471 -1.306878 0.762784
v -0.275247 -1.337625 0.756871
v -0.259170 -1.337558 0.769052
v -0.294228 -1.339569 0.753479
v -0.281768 -1.398066 0.773951
v -0.294732 -1.398817 0.771750
v -0.270751 -1.398285 0.781943
v -0.288345 -1.457765 0.791086
v -0.282548 -1.458119 0.795088
v -0.295139 -1.457597 0.789903
v -0.291829 -1.485598 0.800132
v -0.295252 -1.485165 0.799473
v -0.288811 -1.485913 0.802071
v -0.293400 -1.491564 0.803440
v -0.291307 -1.491883 0.804880
v -0.295190 -1.490794 0.802496
v -0.295023 -1.492784 0.805328
v -0.293094 -1.493214 0.806922
v -0.296767 -1.493085 0.807046
v -0.296863 -1.491244 0.803566
v -0.298759 -1.491339 0.805125
v -0.298590 -1.484932 0.800389
v -0.301472 -1.484835 0.802509
v -0.301668 -1.457913 0.792125
v -0.307409 -1.458184 0.796785
v -0.306952 -1.401080 0.776834
v -0.317986 -1.402515 0.786588
v -0.312040 -1.344131 0.761522
v -0.328398 -1.346913 0.776549
v -0.314692 -1.316876 0.752978
v -0.333888 -1.320643 0.771257
v -0.316648 -1.311315 0.748919
v -0.336114 -1.315728 0.769110
v -0.320775 -1.316876 0.747113
v -0.311141 -1.310305 0.726183
v -0.338341 -1.320643 0.766964
v -0.329410 -1.344131 0.744775
v -0.322023 -1.339569 0.726681
v -0.343830 -1.346913 0.761671
v -0.344898 -1.401080 0.740249
v -0.340263 -1.398817 0.727852
v -0.354242 -1.402515 0.751633
v -0.360371 -1.457914 0.735527
v -0.358390 -1.457597 0.728922
v -0.364819 -1.458184 0.741435
v -0.368742 -1.484932 0.732754
v -0.367950 -1.485165 0.729385
v -0.370756 -1.484835 0.735711
v -0.371981 -1.491244 0.731143
v -0.370972 -1.490794 0.729433
v -0.373470 -1.491339 0.733095
v -0.373809 -1.492784 0.729369
v -0.371981 -1.491564 0.727678
v -0.375461 -1.493086 0.731175
v -0.375473 -1.493214 0.727499
v -0.373497 -1.491883 0.725639
v -0.377351 -1.493588 0.729353
v -0.377332 -1.492943 0.725789
v -0.379105 -1.491687 0.724028
v -0.375492 -1.491790 0.724047
v -0.377274 -1.491236 0.723050
v -0.373762 -1.485979 0.721089
v -0.377192 -1.485827 0.720412
v -0.369998 -1.458253 0.713175
v -0.370780 -1.485913 0.723042
v -0.364032 -1.458119 0.716528
v -0.368733 -1.485598 0.725987
v -0.359820 -1.457765 0.722176
v -0.342937 -1.398066 0.714977
v -0.351326 -1.398286 0.704260
v -0.326107 -1.337625 0.707836
v -0.338866 -1.337558 0.692215
v -0.317047 -1.307323 0.704210
v -0.332811 -1.306878 0.686291
v -0.312523 -1.295926 0.702565
v -0.331014 -1.295008 0.684242
v -0.309196 -1.284854 0.699805
v -0.329912 -1.283562 0.682454
v -0.306164 -1.269032 0.696401
v -0.328566 -1.267753 0.679979
v -0.302653 -1.242174 0.691841
v -0.326604 -1.241895 0.676135
v -0.297308 -1.182864 0.684040
v -0.323299 -1.183122 0.668652
v -0.289573 -1.078861 0.672256
v -0.318356 -1.077970 0.656635
v -0.282584 -0.969525 0.662238
v -0.313573 -0.967771 0.646307
v -0.279589 -0.895567 0.659710
v -0.310867 -0.895083 0.643899
v -0.344177 -0.894394 0.635400
v -0.345948 -0.963827 0.638239
v -0.348789 -1.076008 0.648916
v -0.351645 -1.183983 0.660936
v -0.353423 -1.241699 0.667920
v -0.353948 -1.265387 0.671094
v -0.353432 -1.281393 0.673104
v -0.352700 -1.294245 0.674662
v -0.375044 -1.293901 0.674030
v -0.352917 -1.306885 0.676807
v -0.355995 -1.337735 0.683814
v -0.374112 -1.307226 0.676202
v -0.374370 -1.338076 0.683186
v -0.393804 -1.308020 0.683690
v -0.391496 -1.338718 0.689711
v -0.387358 -1.398796 0.701896
v -0.375506 -1.398582 0.697631
v -0.383126 -1.458026 0.714401
v -0.376686 -1.458181 0.712462
v -0.380625 -1.485689 0.721247
v -0.362892 -1.398463 0.698321
v -0.377205 -1.492784 0.732892
v -0.375366 -1.491244 0.734654
v -0.378828 -1.491564 0.734781
v -0.377038 -1.490794 0.735725
v -0.380400 -1.485598 0.738088
v -0.376976 -1.485165 0.738747
v -0.383883 -1.457765 0.747134
v -0.377090 -1.457597 0.748317
v -0.390460 -1.398066 0.764269
v -0.377497 -1.398817 0.766471
v -0.396982 -1.337625 0.781349
v -0.378000 -1.339569 0.784741
v -0.400321 -1.307058 0.790587
v -0.360189 -1.344131 0.776698
v -0.357542 -1.316854 0.785248
v -0.365277 -1.401080 0.761386
v -0.370561 -1.457914 0.746096
v -0.373638 -1.484932 0.737832
v -0.351459 -1.316854 0.791113
v -0.342818 -1.344131 0.793446
v -0.350205 -1.339569 0.811539
v -0.327331 -1.401080 0.797971
v -0.331965 -1.398817 0.810369
v -0.311857 -1.457914 0.802693
v -0.313839 -1.457597 0.809299
v -0.303486 -1.484932 0.805467
v -0.304279 -1.485165 0.808836
v -0.300248 -1.491244 0.807077
v -0.301256 -1.490794 0.808787
v -0.298420 -1.492784 0.808851
v -0.300248 -1.491564 0.810542
v -0.296756 -1.493214 0.810721
v -0.298732 -1.491883 0.812581
v -0.294878 -1.493588 0.808867
v -0.294896 -1.492943 0.812432
v -0.293123 -1.491687 0.814192
v -0.296737 -1.491790 0.814173
v -0.292969 -1.493234 0.810707
v -0.291029 -1.491790 0.812578
v -0.291316 -1.492943 0.808719
v -0.289643 -1.491790 0.806815
v -0.289492 -1.491687 0.810426
v -0.288581 -1.491236 0.808560
v -0.286657 -1.485689 0.811843
v -0.288635 -1.485600 0.814885
v -0.285948 -1.485826 0.808381
v -0.279724 -1.458026 0.814092
v -0.278022 -1.458181 0.807585
v -0.283618 -1.457940 0.819722
v -0.267073 -1.398796 0.817865
v -0.274712 -1.398926 0.828310
v -0.263244 -1.398582 0.805865
v -0.254745 -1.338718 0.821555
v -0.248850 -1.338076 0.804202
v -0.266013 -1.339096 0.836696
v -0.248644 -1.308020 0.823642
v -0.261532 -1.308503 0.841016
v -0.241880 -1.307226 0.803689
v -0.246490 -1.294403 0.825179
v -0.239675 -1.293901 0.804541
v -0.259562 -1.294846 0.842916
v -0.244723 -1.279489 0.827376
v -0.242862 -1.263106 0.829486
v -0.257594 -1.279809 0.844814
v -0.238013 -1.279647 0.806503
v -0.236104 -1.263411 0.808308
v -0.239539 -1.281393 0.782910
v -0.237512 -1.265387 0.783352
v -0.241123 -1.294245 0.782235
v -0.243259 -1.306885 0.782530
v -0.250149 -1.337735 0.785863
v -0.264394 -1.398463 0.793285
v -0.278979 -1.458253 0.800928
v -0.286750 -1.485979 0.804979
v -0.234359 -1.241699 0.782711
v -0.227446 -1.183983 0.780680
v -0.233433 -1.241826 0.808808
v -0.227119 -1.184870 0.808337
v -0.240586 -1.242346 0.830765
v -0.235149 -1.185147 0.832444
v -0.253757 -1.242649 0.848506
v -0.255637 -1.263379 0.846700
v -0.249732 -1.184841 0.852347
v -0.271009 -1.242209 0.862315
v -0.292758 -1.241526 0.870232
v -0.272396 -1.262961 0.860110
v -0.269021 -1.184182 0.867644
v -0.292738 -1.183552 0.876419
v -0.265273 -1.068130 0.877692
v -0.292757 -1.067651 0.888030
v -0.242112 -1.069203 0.859605
v -0.261593 -0.951927 0.887240
v -0.292676 -0.951666 0.899024
v -0.234842 -0.952978 0.866544
v -0.260223 -0.892739 0.890672
v -0.292663 -0.892684 0.902966
v -0.232289 -0.892887 0.869017
v -0.262064 -0.866277 0.887576
v -0.293584 -0.866239 0.899612
v -0.235106 -0.865587 0.866364
v -0.267276 -0.836323 0.879164
v -0.296142 -0.835979 0.890548
v -0.242642 -0.835822 0.859165
v -0.274378 -0.800405 0.867933
v -0.252726 -0.800770 0.849507
v -0.299687 -0.799561 0.878490
v -0.328380 -0.798670 0.877881
v -0.356984 -0.798385 0.869026
v -0.327616 -0.835516 0.891194
v -0.326996 -0.866092 0.901225
v -0.359016 -0.835373 0.882989
v -0.360358 -0.866053 0.893514
v -0.387774 -0.835728 0.868462
v -0.391926 -0.866177 0.878070
v -0.382024 -0.799053 0.855677
v -0.412835 -0.836014 0.848687
v -0.403212 -0.799595 0.838705
v -0.419997 -0.866275 0.856115
v -0.433513 -0.835728 0.824364
v -0.420946 -0.799053 0.818152
v -0.449080 -0.835373 0.796156
v -0.442963 -0.866177 0.828864
v -0.459549 -0.866053 0.797881
v -0.446476 -0.892692 0.830036
v -0.422419 -0.892713 0.858626
v -0.463559 -0.892662 0.797964
v -0.442419 -0.951628 0.826662
v -0.459511 -0.951608 0.795531
v -0.418560 -0.951641 0.854624
v -0.431043 -1.067483 0.818707
v -0.408473 -1.067500 0.844161
v -0.447801 -1.067459 0.790406
v -0.435356 -1.183226 0.785227
v -0.456632 -1.067479 0.760217
v -0.468225 -0.951609 0.763082
v -0.456539 -1.067651 0.730125
v -0.444344 -1.183268 0.757273
v -0.444936 -1.183552 0.729683
v -0.437768 -1.241194 0.755748
v -0.438752 -1.241526 0.729476
v -0.436232 -1.262254 0.730099
v -0.431634 -1.242209 0.707453
v -0.437033 -1.184182 0.705661
v -0.447211 -1.068130 0.702282
v -0.456887 -0.951927 0.698953
v -0.467528 -0.951666 0.730446
v -0.460367 -0.892739 0.697709
v -0.457206 -0.866277 0.699437
v -0.471467 -0.892684 0.730577
v -0.468082 -0.866238 0.731375
v -0.472282 -0.892659 0.764441
v -0.468474 -0.866092 0.764823
v -0.458427 -0.835516 0.765077
v -0.445095 -0.798670 0.765354
v -0.458931 -0.835979 0.733600
v -0.446751 -0.799561 0.736702
v -0.448609 -0.836323 0.704338
v -0.437126 -0.800405 0.711025
v -0.435201 -0.798385 0.793615
v -0.382211 -1.067483 0.865788
v -0.353316 -1.067459 0.881500
v -0.389745 -0.951628 0.877446
v -0.358011 -0.951608 0.893390
v -0.392969 -0.892692 0.881624
v -0.360294 -0.892662 0.897524
v -0.326474 -0.892659 0.905017
v -0.325265 -0.951609 0.900912
v -0.322825 -1.067479 0.889223
v -0.320332 -1.183268 0.876835
v -0.235103 -0.800405 0.827196
v -0.225478 -0.799561 0.801518
v -0.223937 -0.833846 0.833422
v -0.215464 -0.863584 0.838023
v -0.214215 -0.830446 0.803769
v -0.205493 -0.860234 0.805477
v -0.215673 -0.826170 0.772061
v -0.227134 -0.798670 0.772867
v -0.206572 -0.855971 0.771717
v -0.202199 -0.894394 0.772283
v -0.201749 -0.893703 0.806312
v -0.204971 -0.963827 0.774157
v -0.205029 -0.959137 0.806810
v -0.215537 -1.076008 0.777386
v -0.215611 -1.073487 0.807538
v -0.224945 -1.071074 0.835592
v -0.215357 -0.955376 0.838659
v -0.212127 -0.893196 0.839725
v -0.237028 -0.798385 0.744606
v -0.293473 -1.262254 0.867736
v -0.274568 -1.279356 0.858327
v -0.276816 -1.294355 0.856633
v -0.278425 -1.308014 0.854531
v -0.280732 -1.338718 0.848510
v -0.297859 -1.338076 0.855034
v -0.284871 -1.398796 0.836325
v -0.296723 -1.398582 0.840589
v -0.289103 -1.458026 0.823819
v -0.295543 -1.458181 0.825758
v -0.291603 -1.485689 0.816973
v -0.295037 -1.485826 0.817809
v -0.294955 -1.491236 0.815171
v -0.298467 -1.485979 0.817131
v -0.302231 -1.458253 0.825046
v -0.301448 -1.485913 0.815178
v -0.308197 -1.458119 0.821692
v -0.303495 -1.485598 0.812233
v -0.312408 -1.457765 0.816045
v -0.329292 -1.398066 0.823243
v -0.320903 -1.398286 0.833961
v -0.309336 -1.398463 0.839899
vn -0.5466 -0.6163 0.5669
vn -0.6371 -0.3966 0.6609
vn -0.2620 -0.9260 0.2717
vn -0.0612 -0.5372 0.8412
vn -0.5722 -0.3983 0.7169
vn -0.8384 -0.5372 0.0919
vn -0.6955 -0.3983 0.5980
vn -0.5346 -0.2220 0.8154
vn -0.6461 -0.3231 0.6915
vn -0.7786 -0.3717 0.5055
vn -0.8476 -0.2985 0.4387
vn -0.5727 -0.2528 0.7798
vn -0.5959 -0.2700 0.7563
vn -0.2299 -0.2071 0.9509
vn -0.2389 -0.2450 0.9396
vn 0.1525 -0.1944 0.9690
vn -0.2121 -0.1525 0.9653
vn 0.1552 -0.1524 0.9761
vn -0.1853 -0.1298 0.9741
vn 0.1620 -0.1336 0.9777
vn -0.1613 -0.1324 0.9780
vn -0.4852 -0.1971 0.8519
vn -0.4430 -0.1752 0.8792
vn -0.6151 -0.2356 0.7524
vn -0.4146 -0.1434 0.8986
vn -0.3900 -0.1212 0.9128
vn -0.1445 -0.1250 0.9816
vn -0.5981 -0.1658 0.7840
vn -0.5791 -0.1298 0.8049
vn -0.6831 -0.1771 0.7085
vn -0.6878 -0.1342 0.7134
vn -0.6693 -0.2650 0.6942
vn -0.7617 -0.1658 0.6264
vn -0.7832 -0.1298 0.6081
vn -0.8829 -0.1434 0.4472
vn -0.7294 -0.2356 0.6422
vn -0.8624 -0.1752 0.4749
vn -0.6674 -0.3231 0.6709
vn -0.8336 -0.1971 0.5160
vn -0.7954 -0.2220 0.5640
vn -0.9667 -0.1298 0.2207
vn -0.9714 -0.1324 0.1969
vn -0.9830 -0.1336 -0.1262
vn -0.9569 -0.1525 0.2473
vn -0.9811 -0.1524 -0.1194
vn -0.9419 -0.2071 0.2645
vn -0.7583 -0.2528 0.6008
vn -0.9739 -0.1944 -0.1170
vn -0.9303 -0.2451 0.2731
vn -0.9680 -0.2225 -0.1162
vn -0.7341 -0.2700 0.6231
vn -0.9219 -0.2567 0.2901
vn -0.7162 -0.2772 0.6405
vn -0.9674 -0.2322 -0.1007
vn -0.9036 -0.2804 0.3240
vn -0.9646 -0.2560 -0.0638
vn -0.6883 -0.2998 0.6606
vn -0.8386 -0.3984 0.3715
vn -0.6206 -0.4229 0.6603
vn -0.9299 -0.3673 -0.0186
vn -0.6298 -0.7251 0.2786
vn -0.7870 -0.6169 0.0031
vn -0.4342 -0.7391 0.5149
vn -0.3726 -0.9280 0.0057
vn -0.2157 -0.9540 -0.2080
vn -0.1708 -0.9574 0.2329
vn -0.6644 -0.6982 -0.2668
vn -0.5130 -0.7015 -0.4946
vn -0.8508 -0.3540 -0.3883
vn -0.6730 -0.3550 -0.6489
vn -0.8796 -0.2344 -0.4140
vn -0.7013 -0.2259 -0.6761
vn -0.8737 -0.2110 -0.4383
vn -0.7050 -0.2027 -0.6797
vn -0.8704 -0.2051 -0.4476
vn -0.7056 -0.1987 -0.6802
vn -0.8732 -0.1952 -0.4466
vn -0.7059 -0.1965 -0.6805
vn -0.8775 -0.1765 -0.4458
vn -0.7074 -0.1871 -0.6816
vn -0.8794 -0.1613 -0.4480
vn -0.8810 -0.1403 -0.4519
vn -0.7094 -0.1724 -0.6833
vn -0.7127 -0.1449 -0.6864
vn -0.4817 -0.1624 -0.8612
vn -0.1642 -0.1351 -0.9771
vn -0.4785 -0.1778 -0.8599
vn -0.4859 -0.1406 -0.8626
vn -0.1718 -0.1310 -0.9764
vn -0.4875 -0.1117 -0.8660
vn -0.1765 -0.1181 -0.9772
vn -0.7160 -0.1099 -0.6894
vn -0.4887 -0.0957 -0.8672
vn -0.1880 -0.1055 -0.9765
vn -0.7175 -0.0923 -0.6904
vn -0.4877 -0.0892 -0.8684
vn -0.1999 -0.0959 -0.9751
vn -0.7174 -0.0874 -0.6912
vn -0.4803 -0.0691 -0.8744
vn -0.1960 -0.0687 -0.9782
vn -0.7156 -0.0713 -0.6949
vn -0.4737 0.0365 -0.8799
vn -0.1840 0.0343 -0.9823
vn -0.7140 0.0387 -0.6991
vn -0.4744 0.2156 -0.8535
vn -0.1874 0.2036 -0.9609
vn -0.6987 0.2261 -0.6787
vn -0.4814 0.3325 -0.8110
vn -0.1956 0.3261 -0.9249
vn -0.6788 0.3399 -0.6509
vn -0.4858 0.3586 -0.7971
vn -0.6739 0.3605 -0.6450
vn -0.1891 0.3617 -0.9129
vn 0.1170 0.3875 -0.9144
vn 0.3324 0.4250 -0.8420
vn 0.1043 0.3380 -0.9353
vn 0.1064 0.2004 -0.9739
vn 0.3308 0.3602 -0.8723
vn 0.3417 0.1990 -0.9185
vn 0.5043 0.3731 -0.7788
vn 0.5281 0.1945 -0.8266
vn 0.4912 0.4495 -0.7461
vn 0.6433 0.3756 -0.6672
vn 0.6176 0.4564 -0.6406
vn 0.6812 0.1916 -0.7066
vn 0.7598 0.3731 -0.5324
vn 0.7277 0.4495 -0.5181
vn 0.8596 0.3602 -0.3624
vn 0.8068 0.1945 -0.5579
vn 0.9054 0.1990 -0.3750
vn 0.8221 0.0199 -0.5689
vn 0.6940 0.0169 -0.7198
vn 0.9229 0.0267 -0.3841
vn 0.8162 -0.0807 -0.5722
vn 0.9208 -0.0751 -0.3827
vn 0.6916 -0.0835 -0.7174
vn 0.8020 -0.1217 -0.5847
vn 0.6886 -0.1255 -0.7142
vn 0.9120 -0.1137 -0.3942
vn 0.7818 -0.1441 -0.6067
vn 0.8976 -0.1317 -0.4206
vn 0.6862 -0.1500 -0.7118
vn 0.7560 -0.1799 -0.6294
vn 0.6812 -0.1920 -0.7065
vn 0.8792 -0.1545 -0.4507
vn 0.7223 -0.2365 -0.6499
vn 0.8577 -0.1769 -0.4828
vn 0.6691 -0.2657 -0.6940
vn 0.6588 -0.3385 -0.6719
vn 0.6279 -0.4261 -0.6513
vn 0.8295 -0.1946 -0.5234
vn 0.5611 -0.4294 -0.7077
vn 0.5224 -0.6584 -0.5419
vn 0.7923 -0.2249 -0.5672
vn 0.4743 -0.3829 -0.7927
vn 0.0620 -0.5541 -0.8301
vn 0.7573 -0.2555 -0.6010
vn 0.4074 -0.2988 -0.8630
vn 0.7340 -0.2702 -0.6231
vn -0.0648 -0.3155 -0.9467
vn 0.3795 -0.2909 -0.8783
vn -0.0757 -0.2916 -0.9535
vn 0.7162 -0.2772 -0.6405
vn 0.3538 -0.3098 -0.8825
vn 0.6883 -0.2998 -0.6606
vn -0.0730 -0.3076 -0.9487
vn 0.3203 -0.4181 -0.8500
vn -0.0751 -0.4054 -0.9110
vn 0.6206 -0.4229 -0.6603
vn 0.1786 -0.7184 -0.6723
vn 0.4342 -0.7391 -0.5149
vn -0.0829 -0.6130 -0.7857
vn -0.0690 -0.9065 -0.4164
vn 0.1708 -0.9574 -0.2329
vn -0.2585 -0.9333 -0.2492
vn -0.3290 -0.6878 -0.6471
vn -0.5210 -0.6901 -0.5023
vn -0.4367 -0.3955 -0.8080
vn -0.6614 -0.3949 -0.6377
vn -0.4581 -0.2883 -0.8409
vn -0.6916 -0.2776 -0.6668
vn -0.4798 -0.2684 -0.8353
vn -0.6960 -0.2555 -0.6710
vn -0.4879 -0.2858 -0.8248
vn -0.6936 -0.2678 -0.6687
vn -0.4213 -0.4980 -0.7580
vn -0.6507 -0.4283 -0.6270
vn 0.2502 -0.9328 -0.2595
vn -0.0006 -1.0000 0.0006
vn 0.7728 -0.4980 0.3933
vn 0.8273 -0.5541 -0.0923
vn 0.6504 -0.4283 0.6273
vn 0.8421 -0.2858 0.4574
vn 0.9484 -0.3155 0.0302
vn 0.6936 -0.2678 0.6687
vn 0.8523 -0.2684 0.4489
vn 0.9557 -0.2916 0.0409
vn 0.6960 -0.2555 0.6710
vn 0.8570 -0.2883 0.4271
vn 0.9507 -0.3076 0.0383
vn 0.6916 -0.2776 0.6668
vn 0.8235 -0.3955 0.4068
vn 0.9132 -0.4054 0.0418
vn 0.6614 -0.3949 0.6377
vn 0.6587 -0.6878 0.3051
vn 0.7882 -0.6130 0.0541
vn 0.5210 -0.6901 0.5023
vn 0.4187 -0.9065 0.0538
vn 0.6653 -0.7184 -0.2030
vn 0.2585 -0.9333 0.2492
vn 0.2265 -0.9574 -0.1792
vn 0.4987 -0.7391 -0.4527
vn 0.0208 -0.9996 0.0200
vn -0.0079 -0.9279 -0.3726
vn -0.2908 -0.6982 -0.6542
vn 0.2554 -0.7251 -0.6396
vn -0.0256 -0.6170 -0.7866
vn 0.3406 -0.3984 -0.8516
vn -0.0526 -0.3674 -0.9286
vn 0.2907 -0.2804 -0.9148
vn 0.6372 -0.4229 -0.6443
vn 0.6350 -0.2998 -0.7119
vn 0.8378 -0.4181 -0.3511
vn 0.8690 -0.3098 -0.3858
vn 0.8638 -0.2909 -0.4113
vn 0.6139 -0.2772 -0.7391
vn 0.8475 -0.2988 -0.4386
vn 0.5959 -0.2702 -0.7563
vn 0.7749 -0.3829 -0.5030
vn 0.5730 -0.2555 -0.7787
vn 0.6867 -0.4294 -0.5866
vn 0.5379 -0.2248 -0.8125
vn 0.6474 -0.3385 -0.6829
vn 0.4928 -0.1946 -0.8481
vn 0.6230 -0.2365 -0.7456
vn 0.4512 -0.1769 -0.8747
vn 0.6014 -0.1799 -0.7785
vn 0.4183 -0.1545 -0.8951
vn 0.5777 -0.1441 -0.8034
vn 0.3876 -0.1317 -0.9124
vn 0.5551 -0.1217 -0.8229
vn 0.3606 -0.1137 -0.9258
vn 0.5420 -0.0807 -0.8365
vn 0.3488 -0.0751 -0.9342
vn 0.5385 0.0199 -0.8424
vn 0.3501 0.0267 -0.9363
vn 0.1096 0.0321 -0.9935
vn 0.0986 -0.0707 -0.9926
vn 0.1009 -0.1050 -0.9893
vn 0.1215 -0.1185 -0.9855
vn 0.1438 -0.1317 -0.9808
vn 0.1627 -0.1350 -0.9774
vn 0.1875 -0.1276 -0.9739
vn 0.2148 -0.1510 -0.9649
vn -0.1557 -0.1537 -0.9758
vn 0.2304 -0.2081 -0.9506
vn 0.2389 -0.2452 -0.9396
vn -0.1528 -0.1955 -0.9687
vn -0.1516 -0.2226 -0.9631
vn -0.4784 -0.1957 -0.8561
vn -0.4792 -0.2051 -0.8534
vn -0.4699 -0.2110 -0.8571
vn -0.1359 -0.2322 -0.9631
vn -0.4458 -0.2344 -0.8639
vn -0.0990 -0.2560 -0.9616
vn -0.4191 -0.3540 -0.8361
vn 0.2563 -0.2567 -0.9319
vn 0.0691 -0.9065 0.4164
vn 0.3290 -0.6878 0.6471
vn -0.1786 -0.7185 0.6723
vn 0.0829 -0.6130 0.7857
vn -0.3203 -0.4181 0.8500
vn 0.0751 -0.4054 0.9110
vn -0.3538 -0.3098 0.8825
vn 0.0730 -0.3076 0.9487
vn -0.3795 -0.2909 0.8783
vn 0.0757 -0.2916 0.9535
vn -0.4075 -0.2985 0.8630
vn 0.0647 -0.3152 0.9468
vn -0.4768 -0.3717 0.7966
vn 0.4878 -0.2857 0.8249
vn 0.4220 -0.4911 0.7620
vn 0.4798 -0.2684 0.8353
vn 0.4581 -0.2883 0.8409
vn 0.4366 -0.3955 0.8080
vn -0.7769 -0.4911 -0.3939
vn -0.8422 -0.2857 -0.4573
vn -0.9485 -0.3152 -0.0301
vn -0.8523 -0.2684 -0.4489
vn -0.9557 -0.2916 -0.0409
vn -0.8570 -0.2883 -0.4271
vn -0.9507 -0.3076 -0.0383
vn -0.8234 -0.3955 -0.4068
vn -0.9132 -0.4054 -0.0418
vn -0.6587 -0.6878 -0.3051
vn -0.7882 -0.6130 -0.0541
vn -0.4187 -0.9065 -0.0538
vn -0.6653 -0.7184 0.2030
vn -0.2265 -0.9574 0.1792
vn -0.4988 -0.7391 0.4527
vn -0.0208 -0.9996 -0.0200
vn 0.0079 -0.9280 0.3726
vn 0.2908 -0.6982 0.6542
vn -0.2554 -0.7250 0.6396
vn 0.2157 -0.9540 0.2080
vn 0.5130 -0.7015 0.4946
vn 0.3727 -0.9280 -0.0057
vn 0.6298 -0.7251 -0.2786
vn 0.6644 -0.6982 0.2668
vn 0.7870 -0.6169 -0.0031
vn 0.8508 -0.3540 0.3883
vn 0.6730 -0.3550 0.6489
vn 0.9299 -0.3673 0.0186
vn 0.8796 -0.2344 0.4140
vn 0.9646 -0.2560 0.0638
vn 0.7013 -0.2259 0.6761
vn 0.8737 -0.2110 0.4383
vn 0.7050 -0.2027 0.6797
vn 0.9674 -0.2322 0.1007
vn 0.8704 -0.2051 0.4477
vn 0.9680 -0.2226 0.1163
vn 0.7055 -0.1987 0.6802
vn 0.8730 -0.1957 0.4468
vn 0.7058 -0.1965 0.6806
vn 0.9737 -0.1955 0.1173
vn 0.8768 -0.1778 0.4468
vn 0.9808 -0.1537 0.1199
vn 0.7070 -0.1871 0.6820
vn 0.8782 -0.1624 0.4499
vn 0.8798 -0.1406 0.4541
vn 0.7088 -0.1724 0.6840
vn 0.9825 -0.1351 0.1284
vn 0.9820 -0.1310 0.1360
vn 0.9664 -0.1276 -0.2229
vn 0.9708 -0.1350 -0.1982
vn 0.9564 -0.1510 -0.2499
vn 0.9415 -0.2081 -0.2649
vn 0.9302 -0.2452 -0.2730
vn 0.9219 -0.2567 -0.2901
vn 0.9036 -0.2804 -0.3240
vn 0.8386 -0.3984 -0.3715
vn 0.9749 -0.1317 -0.1795
vn 0.9804 -0.1185 -0.1574
vn 0.9830 -0.1181 0.1407
vn 0.9827 -0.1055 0.1522
vn 0.8832 -0.1117 0.4555
vn 0.8845 -0.0957 0.4567
vn 0.7151 -0.1099 0.6903
vn 0.7119 -0.1449 0.6871
vn 0.7162 -0.0923 0.6918
vn 0.4853 -0.1111 0.8672
vn 0.1730 -0.1154 0.9781
vn 0.4837 -0.1403 0.8639
vn 0.4856 -0.0946 0.8691
vn 0.1825 -0.1024 0.9779
vn 0.4854 -0.0895 0.8697
vn 0.1956 -0.0963 0.9759
vn 0.7169 -0.0874 0.6917
vn 0.4862 -0.0742 0.8707
vn 0.2052 -0.0795 0.9755
vn 0.7206 -0.0713 0.6897
vn 0.4888 0.0369 0.8716
vn 0.2080 0.0344 0.9775
vn 0.7247 0.0387 0.6880
vn 0.4813 0.2232 0.8477
vn 0.2013 0.2190 0.9547
vn 0.7038 0.2261 0.6735
vn 0.4771 0.3307 0.8142
vn 0.1911 0.3203 0.9278
vn 0.6752 0.3399 0.6546
vn 0.4812 0.3481 0.8045
vn 0.6691 0.3605 0.6499
vn 0.1805 0.3359 0.9244
vn -0.1323 0.3366 0.9323
vn -0.3522 0.3451 0.8700
vn -0.1097 0.3225 0.9402
vn -0.0890 0.2231 0.9707
vn -0.3372 0.3305 0.8815
vn -0.3288 0.2268 0.9168
vn -0.5108 0.3346 0.7919
vn -0.5190 0.2257 0.8244
vn -0.5153 0.3506 0.7820
vn -0.6539 0.3355 0.6782
vn -0.6496 0.3520 0.6738
vn -0.6764 0.2244 0.7015
vn -0.7727 0.3346 0.5394
vn -0.7627 0.3506 0.5435
vn -0.8686 0.3305 0.3691
vn -0.8049 0.2257 0.5488
vn -0.9041 0.2268 0.3620
vn -0.8272 0.0224 0.5615
vn -0.6939 0.0191 0.7198
vn -0.9303 0.0292 0.3657
vn -0.8167 -0.1029 0.5678
vn -0.9223 -0.0949 0.3745
vn -0.6901 -0.1066 0.7158
vn -0.8016 -0.1210 0.5856
vn -0.6887 -0.1246 0.7143
vn -0.9111 -0.1135 0.3963
vn -0.8979 -0.1212 0.4231
vn -0.9845 -0.1052 0.1405
vn -0.9886 -0.0868 0.1232
vn -0.9824 -0.0963 -0.1599
vn -0.9803 -0.1121 0.1624
vn -0.9839 -0.1024 -0.1466
vn -0.9756 -0.1250 0.1803
vn -0.9838 -0.1154 -0.1372
vn -0.9827 -0.1291 -0.1329
vn -0.8844 -0.1111 -0.4533
vn -0.8862 -0.0946 -0.4535
vn -0.8868 -0.0895 -0.4533
vn -0.8879 -0.0742 -0.4541
vn -0.9823 -0.0795 -0.1694
vn -0.8889 0.0369 -0.4567
vn -0.8647 0.2232 -0.4500
vn -0.9845 0.0344 -0.1721
vn -0.9615 0.2190 -0.1663
vn -0.9924 0.0333 0.1181
vn -0.9668 0.2231 0.1244
vn -0.9356 0.3225 0.1440
vn -0.9269 0.3366 0.1662
vn -0.9342 0.3203 -0.1570
vn -0.9304 0.3359 -0.1466
vn -0.8311 0.3307 -0.4471
vn -0.8216 0.3481 -0.4515
vn -0.8565 0.3451 0.3837
vn -0.5559 -0.1210 0.8224
vn -0.3628 -0.1135 0.9249
vn -0.5376 -0.1029 0.8369
vn -0.3406 -0.0949 0.9354
vn -0.5309 0.0224 0.8471
vn -0.3315 0.0292 0.9430
vn -0.0817 0.0333 0.9961
vn -0.0870 -0.0868 0.9924
vn -0.1044 -0.1052 0.9889
vn -0.1265 -0.1121 0.9856
vn 0.8143 0.3586 0.4563
vn 0.9192 0.3617 0.1556
vn 0.8280 0.3325 0.4515
vn 0.8703 0.2156 0.4429
vn 0.9314 0.3261 0.1617
vn 0.9671 0.2036 0.1522
vn 0.9309 0.3380 -0.1384
vn 0.9095 0.3875 -0.1503
vn 0.9694 0.2004 -0.1419
vn 0.9888 0.0321 -0.1459
vn 0.9884 0.0343 0.1479
vn 0.9883 -0.0707 -0.1348
vn 0.9847 -0.0687 0.1601
vn 0.9850 -0.1050 -0.1370
vn 0.9818 -0.0959 0.1641
vn 0.8857 -0.0892 0.4557
vn 0.8913 -0.0691 0.4480
vn 0.8966 0.0365 0.4413
vn 0.8292 0.4250 -0.3629
vn 0.1687 -0.1291 0.9772
vn 0.4798 -0.1613 0.8624
vn 0.4776 -0.1765 0.8607
vn 0.4782 -0.1952 0.8563
vn 0.4791 -0.2051 0.8535
vn 0.1515 -0.2225 0.9631
vn 0.4699 -0.2110 0.8571
vn 0.1359 -0.2322 0.9631
vn 0.4458 -0.2344 0.8639
vn 0.0989 -0.2560 0.9616
vn 0.4191 -0.3540 0.8361
vn 0.0526 -0.3673 0.9286
vn 0.0256 -0.6169 0.7866
vn -0.3406 -0.3984 0.8516
vn -0.2907 -0.2804 0.9148
vn -0.6372 -0.4229 0.6443
vn -0.6350 -0.2998 0.7119
vn -0.8378 -0.4181 0.3511
vn -0.8690 -0.3098 0.3858
vn -0.8638 -0.2909 0.4113
vn -0.6139 -0.2772 0.7391
vn -0.2563 -0.2567 0.9319
vt 0.090839 0.973152
vt 0.086119 0.972749
vt 0.086123 0.971295
vt 0.090649 0.971352
vt 0.095148 0.971346
vt 0.095309 0.972801
vt 0.089094 0.974229
vt 0.091246 0.974150
vt 0.090604 0.974686
vt 0.092814 0.974250
vt 0.091934 0.974693
vt 0.095715 0.974074
vt 0.085854 0.974019
vt 0.082081 0.973975
vt 0.082020 0.972665
vt 0.081919 0.971224
vt 0.085352 0.976942
vt 0.082164 0.976941
vt 0.088030 0.977045
vt 0.079389 0.976886
vt 0.078869 0.973898
vt 0.078634 0.972568
vt 0.077416 0.976789
vt 0.076607 0.973789
vt 0.076251 0.972450
vt 0.078374 0.971108
vt 0.075852 0.970974
vt 0.075443 0.969363
vt 0.078092 0.969512
vt 0.081777 0.969643
vt 0.086037 0.969715
vt 0.081556 0.967630
vt 0.085890 0.967710
vt 0.077789 0.967489
vt 0.081001 0.961983
vt 0.085520 0.962076
vt 0.077128 0.961830
vt 0.090559 0.969748
vt 0.090489 0.967747
vt 0.090366 0.962121
vt 0.095260 0.962131
vt 0.095118 0.967762
vt 0.095093 0.969766
vt 0.099976 0.962089
vt 0.099613 0.967732
vt 0.099481 0.969743
vt 0.099424 0.971322
vt 0.099403 0.972762
vt 0.103262 0.971248
vt 0.103030 0.972705
vt 0.103510 0.969655
vt 0.106664 0.969538
vt 0.106256 0.971145
vt 0.105854 0.972616
vt 0.099431 0.974072
vt 0.102850 0.974032
vt 0.105526 0.973952
vt 0.099594 0.977039
vt 0.102538 0.977016
vt 0.104867 0.976943
vt 0.101955 0.982852
vt 0.103579 0.982792
vt 0.099941 0.982859
vt 0.100295 0.988589
vt 0.101363 0.988591
vt 0.102259 0.988549
vt 0.101045 0.991242
vt 0.101535 0.991211
vt 0.100484 0.991239
vt 0.100562 0.991791
vt 0.100966 0.991782
vt 0.101284 0.991724
vt 0.101414 0.991750
vt 0.101021 0.991871
vt 0.100622 0.991896
vt 0.101088 0.991875
vt 0.100671 0.991908
vt 0.101512 0.991735
vt 0.101876 0.991171
vt 0.102036 0.991128
vt 0.103133 0.988407
vt 0.102861 0.988480
vt 0.104620 0.982710
vt 0.105081 0.982601
vt 0.106983 0.976713
vt 0.106335 0.976854
vt 0.107215 0.973859
vt 0.107963 0.973703
vt 0.108394 0.972359
vt 0.107622 0.972518
vt 0.108066 0.971039
vt 0.108825 0.970879
vt 0.108511 0.969423
vt 0.109253 0.969262
vt 0.108689 0.970638
vt 0.108253 0.972102
vt 0.109127 0.969028
vt 0.107453 0.970456
vt 0.107054 0.971856
vt 0.107867 0.968857
vt 0.108246 0.966717
vt 0.109534 0.966977
vt 0.109663 0.967220
vt 0.108978 0.961060
vt 0.110371 0.961318
vt 0.110540 0.961526
vt 0.110319 0.928893
vt 0.111941 0.928942
vt 0.112197 0.929102
vt 0.111553 0.893564
vt 0.113427 0.893455
vt 0.113780 0.893602
vt 0.111908 0.883230
vt 0.113931 0.883653
vt 0.114340 0.884151
vt 0.111364 0.877990
vt 0.113351 0.879005
vt 0.113730 0.879851
vt 0.110119 0.873366
vt 0.111851 0.874352
vt 0.112088 0.875153
vt 0.108506 0.868588
vt 0.109858 0.869123
vt 0.109889 0.869619
vt 0.106804 0.872326
vt 0.105469 0.868119
vt 0.102521 0.871535
vt 0.101454 0.867829
vt 0.107893 0.876923
vt 0.103437 0.876093
vt 0.098516 0.875728
vt 0.097935 0.871227
vt 0.097270 0.867776
vt 0.093352 0.875639
vt 0.093220 0.871172
vt 0.093050 0.867785
vt 0.088758 0.867700
vt 0.088421 0.871141
vt 0.088094 0.875634
vt 0.084348 0.867676
vt 0.083579 0.871365
vt 0.082889 0.875909
vt 0.087810 0.882509
vt 0.082387 0.882545
vt 0.093409 0.882533
vt 0.093350 0.894252
vt 0.087690 0.894206
vt 0.082292 0.894037
vt 0.087818 0.928824
vt 0.082723 0.928773
vt 0.093166 0.928858
vt 0.092952 0.960363
vt 0.088029 0.960349
vt 0.083301 0.960416
vt 0.088141 0.966287
vt 0.083633 0.966286
vt 0.092804 0.966319
vt 0.092710 0.969046
vt 0.088159 0.968991
vt 0.083771 0.968876
vt 0.088121 0.970594
vt 0.083850 0.970461
vt 0.092627 0.970685
vt 0.092459 0.972204
vt 0.087983 0.971727
vt 0.083890 0.971610
vt 0.090489 0.973314
vt 0.087588 0.972890
vt 0.083871 0.972806
vt 0.089196 0.976269
vt 0.086829 0.975959
vt 0.083710 0.975912
vt 0.085458 0.982073
vt 0.083364 0.982065
vt 0.087061 0.982228
vt 0.084930 0.988141
vt 0.084087 0.988115
vt 0.083009 0.988133
vt 0.083364 0.990942
vt 0.082820 0.990963
vt 0.083797 0.990920
vt 0.083428 0.991493
vt 0.083131 0.991562
vt 0.082742 0.991587
vt 0.082682 0.991744
vt 0.083072 0.991706
vt 0.083473 0.991557
vt 0.082634 0.991807
vt 0.083047 0.991759
vt 0.083482 0.991590
vt 0.084032 0.990927
vt 0.084076 0.990952
vt 0.085374 0.988332
vt 0.085339 0.988234
vt 0.087715 0.982573
vt 0.087687 0.982857
vt 0.089965 0.977388
vt 0.090073 0.976899
vt 0.091370 0.974178
vt 0.091165 0.974805
vt 0.091652 0.974323
vt 0.092058 0.973618
vt 0.094210 0.973335
vt 0.092700 0.974185
vt 0.092139 0.974811
vt 0.095274 0.976303
vt 0.093872 0.976921
vt 0.093340 0.977407
vt 0.097019 0.982284
vt 0.096014 0.982620
vt 0.095617 0.982901
vt 0.098763 0.988218
vt 0.098178 0.988306
vt 0.097930 0.988402
vt 0.099696 0.991009
vt 0.099374 0.991013
vt 0.099228 0.991037
vt 0.100002 0.991586
vt 0.099902 0.991649
vt 0.099822 0.991681
vt 0.100316 0.991659
vt 0.100303 0.991803
vt 0.100257 0.991856
vt 0.100717 0.991688
vt 0.100698 0.991846
vt 0.101095 0.991822
vt 0.101114 0.991683
vt 0.101489 0.991700
vt 0.101417 0.991636
vt 0.101724 0.991085
vt 0.101289 0.991079
vt 0.100747 0.991063
vt 0.102623 0.988306
vt 0.101847 0.988269
vt 0.100830 0.988233
vt 0.100183 0.991036
vt 0.099718 0.988203
vt 0.100985 0.982164
vt 0.098836 0.982149
vt 0.101140 0.976010
vt 0.097952 0.976022
vt 0.101223 0.972904
vt 0.097450 0.972945
vt 0.101283 0.971707
vt 0.097179 0.971778
vt 0.097166 0.970645
vt 0.101383 0.970560
vt 0.101540 0.968976
vt 0.097260 0.969042
vt 0.101797 0.966388
vt 0.097443 0.966339
vt 0.102352 0.960523
vt 0.097825 0.960404
vt 0.103279 0.928958
vt 0.098436 0.928919
vt 0.104021 0.894232
vt 0.098913 0.894307
vt 0.104030 0.882738
vt 0.098906 0.882609
vt 0.108331 0.893908
vt 0.108488 0.882933
vt 0.107347 0.928926
vt 0.106203 0.960766
vt 0.105551 0.966513
vt 0.105226 0.968872
vt 0.104932 0.970459
vt 0.104670 0.971730
vt 0.104435 0.972992
vt 0.106697 0.973177
vt 0.103915 0.976100
vt 0.105888 0.976264
vt 0.107836 0.973446
vt 0.106877 0.976494
vt 0.104277 0.982328
vt 0.104991 0.982463
vt 0.103057 0.988350
vt 0.101979 0.991102
vt 0.102891 0.982228
vt 0.100232 0.991850
vt 0.099831 0.991696
vt 0.100174 0.991753
vt 0.099876 0.991670
vt 0.099940 0.991198
vt 0.099508 0.991134
vt 0.098374 0.988478
vt 0.099217 0.988536
vt 0.097846 0.982808
vt 0.096243 0.982801
vt 0.094108 0.977079
vt 0.096475 0.977005
vt 0.093231 0.977348
vt 0.095589 0.982902
vt 0.097965 0.988447
vt 0.099272 0.991081
vt 0.089432 0.977326
vt 0.086285 0.982745
vt 0.087290 0.982856
vt 0.084541 0.988400
vt 0.085127 0.988375
vt 0.083609 0.991045
vt 0.083930 0.990995
vt 0.083302 0.991577
vt 0.083403 0.991604
vt 0.082988 0.991657
vt 0.083001 0.991753
vt 0.082587 0.991690
vt 0.082606 0.991795
vt 0.082209 0.991766
vt 0.082191 0.991676
vt 0.082216 0.991769
vt 0.081815 0.991640
vt 0.081887 0.991615
vt 0.081792 0.991625
vt 0.082283 0.991716
vt 0.081891 0.991590
vt 0.082338 0.991578
vt 0.082020 0.991527
vt 0.081428 0.990987
vt 0.081769 0.990973
vt 0.081268 0.991012
vt 0.080171 0.988279
vt 0.080443 0.988223
vt 0.081046 0.988185
vt 0.078684 0.982315
vt 0.079725 0.982190
vt 0.078223 0.982450
vt 0.076321 0.976541
vt 0.076969 0.976326
vt 0.078437 0.976110
vt 0.076089 0.973268
vt 0.077778 0.973014
vt 0.075341 0.973520
vt 0.074910 0.972171
vt 0.075682 0.971920
vt 0.077448 0.971690
vt 0.077042 0.970285
vt 0.075237 0.970450
vt 0.074479 0.970686
vt 0.074792 0.968835
vt 0.074051 0.969064
vt 0.076629 0.968682
vt 0.080268 0.971593
vt 0.080023 0.970319
vt 0.079761 0.968729
vt 0.080453 0.972857
vt 0.080766 0.975970
vt 0.081349 0.982108
vt 0.081941 0.988157
vt 0.082259 0.990972
vt 0.079512 0.966367
vt 0.076293 0.966537
vt 0.079041 0.960614
vt 0.075697 0.960873
vt 0.074404 0.966780
vt 0.073641 0.961112
vt 0.072765 0.961314
vt 0.073641 0.967018
vt 0.073771 0.967188
vt 0.074178 0.969230
vt 0.072927 0.961487
vt 0.075070 0.967330
vt 0.074327 0.961654
vt 0.072940 0.929368
vt 0.071338 0.929018
vt 0.071110 0.928734
vt 0.071615 0.894001
vt 0.069815 0.893561
vt 0.069528 0.893205
vt 0.071142 0.884760
vt 0.069262 0.884266
vt 0.068968 0.883745
vt 0.071639 0.880576
vt 0.069823 0.880092
vt 0.069577 0.879455
vt 0.072988 0.875753
vt 0.071368 0.875355
vt 0.071217 0.874787
vt 0.074797 0.869942
vt 0.073446 0.869673
vt 0.073415 0.869292
vt 0.076162 0.876054
vt 0.077835 0.870131
vt 0.080388 0.876316
vt 0.081849 0.870331
vt 0.074898 0.880959
vt 0.079267 0.881265
vt 0.084377 0.881498
vt 0.085098 0.876561
vt 0.086034 0.870594
vt 0.089905 0.881619
vt 0.090054 0.876699
vt 0.090254 0.870756
vt 0.094546 0.870670
vt 0.095101 0.876651
vt 0.095539 0.881598
vt 0.098956 0.870484
vt 0.100085 0.876492
vt 0.100961 0.881459
vt 0.095761 0.885823
vt 0.101365 0.885694
vt 0.089854 0.885833
vt 0.089935 0.895020
vt 0.095746 0.895015
vt 0.101238 0.894898
vt 0.095523 0.930257
vt 0.100642 0.930164
vt 0.090145 0.930253
vt 0.105167 0.929966
vt 0.104250 0.961982
vt 0.106022 0.894672
vt 0.109856 0.894344
vt 0.108759 0.929689
vt 0.107613 0.961840
vt 0.103753 0.967635
vt 0.106999 0.967509
vt 0.108900 0.967385
vt 0.109672 0.961693
vt 0.111128 0.929374
vt 0.112526 0.893944
vt 0.110247 0.885110
vt 0.113034 0.884658
vt 0.112501 0.880475
vt 0.109802 0.880918
vt 0.106278 0.885458
vt 0.105839 0.881236
vt 0.104771 0.876311
vt 0.108590 0.876072
vt 0.103360 0.870360
vt 0.106961 0.870231
vt 0.111026 0.875711
vt 0.109040 0.869992
vt 0.084843 0.930162
vt 0.084226 0.894912
vt 0.079978 0.929979
vt 0.079040 0.894699
vt 0.078781 0.885492
vt 0.084059 0.885718
vt 0.074756 0.894392
vt 0.074390 0.885172
vt 0.075903 0.929704
vt 0.074264 0.868804
vt 0.072366 0.873998
vt 0.076343 0.868300
vt 0.074910 0.873051
vt 0.070940 0.878625
vt 0.073805 0.877653
vt 0.077957 0.876655
vt 0.078856 0.872075
vt 0.079944 0.867890
vt 0.077437 0.882655
vt 0.073318 0.882884
vt 0.077499 0.893632
vt 0.073597 0.893224
vt 0.078205 0.928665
vt 0.074604 0.928573
vt 0.072210 0.928586
vt 0.070853 0.893074
vt 0.070391 0.883263
vt 0.074616 0.970851
vt 0.075051 0.972335
vt 0.075469 0.973680
vt 0.076428 0.976686
vt 0.079027 0.982655
vt 0.078313 0.982562
vt 0.080681 0.988428
vt 0.080247 0.988353
vt 0.081580 0.991099
vt 0.081325 0.991055
vt 0.082015 0.991135
vt 0.081457 0.988479
vt 0.082557 0.991138
vt 0.082475 0.988489
vt 0.083121 0.991103
vt 0.083586 0.988449
vt 0.082319 0.982760
vt 0.084468 0.982732
vt 0.080413 0.982731
s 1
usemtl Material.002
f 1450/1243/1450 1456/1244/1456 1458/1245/1458 1451/1246/1451
f 1450/1243/1450 1451/1246/1451 1487/1247/1487 1454/1248/1454
f 1455/1249/1455 1450/1243/1450 1452/1250/1452 1735/1251/1735
f 1453/1252/1453 1731/1253/1731 1452/1250/1452 1450/1243/1450
f 1453/1252/1453 1450/1243/1450 1454/1248/1454 1729/1254/1729
f 1455/1249/1455 1459/1255/1459 1456/1244/1456 1450/1243/1450
f 1459/1255/1459 1461/1256/1461 1457/1257/1457 1456/1244/1456
f 1456/1244/1456 1457/1257/1457 1471/1258/1471 1458/1245/1458
f 1460/1259/1460 1462/1260/1462 1461/1256/1461 1459/1255/1459
f 1737/1261/1737 1460/1259/1460 1459/1255/1459 1455/1249/1455
f 1462/1260/1462 1464/1262/1464 1463/1263/1463 1461/1256/1461
f 1461/1256/1461 1463/1263/1463 1466/1264/1466 1457/1257/1457
f 1464/1262/1464 1910/1265/1910 1465/1266/1465 1463/1263/1463
f 1463/1263/1463 1465/1266/1465 1467/1267/1467 1466/1264/1466
f 1457/1257/1457 1466/1264/1466 1468/1268/1468 1471/1258/1471
f 1466/1264/1466 1467/1267/1467 1469/1269/1469 1468/1268/1468
f 1468/1268/1468 1469/1269/1469 1905/1270/1905 1470/1271/1470
f 1471/1258/1471 1468/1268/1468 1470/1271/1470 1472/1272/1472
f 1458/1245/1458 1471/1258/1471 1472/1272/1472 1473/1273/1473
f 1473/1273/1473 1472/1272/1472 1474/1274/1474 1477/1275/1477
f 1472/1272/1472 1470/1271/1470 1476/1276/1476 1474/1274/1474
f 1477/1275/1477 1474/1274/1474 1475/1277/1475 1478/1278/1478
f 1474/1274/1474 1476/1276/1476 1885/1279/1885 1475/1277/1475
f 1481/1280/1481 1473/1273/1473 1477/1275/1477 1479/1281/1479
f 1479/1281/1479 1477/1275/1477 1478/1278/1478 1480/1282/1480
f 1479/1281/1479 1480/1282/1480 1483/1283/1483 1482/1284/1482
f 1481/1280/1481 1479/1281/1479 1482/1284/1482 1485/1285/1485
f 1482/1284/1482 1483/1283/1483 1849/1286/1849 1484/1287/1484
f 1485/1285/1485 1482/1284/1482 1484/1287/1484 1486/1288/1486
f 1487/1247/1487 1485/1285/1485 1486/1288/1486 1488/1289/1488
f 1451/1246/1451 1481/1280/1481 1485/1285/1485 1487/1247/1487
f 1454/1248/1454 1487/1247/1487 1488/1289/1488 1489/1290/1489
f 1489/1290/1489 1488/1289/1488 1490/1291/1490 1493/1292/1493
f 1488/1289/1488 1486/1288/1486 1491/1293/1491 1490/1291/1490
f 1490/1291/1490 1491/1293/1491 1857/1294/1857 1492/1295/1492
f 1493/1292/1493 1490/1291/1490 1492/1295/1492 1494/1296/1494
f 1496/1297/1496 1489/1290/1489 1493/1292/1493 1495/1298/1495
f 1495/1298/1495 1493/1292/1493 1494/1296/1494 1497/1299/1497
f 1500/1300/1500 1496/1297/1496 1495/1298/1495 1498/1301/1498
f 1498/1301/1498 1495/1298/1495 1497/1299/1497 1499/1302/1499
f 1501/1303/1501 1498/1301/1498 1499/1302/1499 1503/1304/1503
f 1502/1305/1502 1500/1300/1500 1498/1301/1498 1501/1303/1501
f 1506/1306/1506 1502/1305/1502 1501/1303/1501 1504/1307/1504
f 1504/1307/1504 1501/1303/1501 1503/1304/1503 1505/1308/1505
f 1507/1309/1507 1504/1307/1504 1505/1308/1505 1509/1310/1509
f 1508/1311/1508 1506/1306/1506 1504/1307/1504 1507/1309/1507
f 1512/1312/1512 1508/1311/1508 1507/1309/1507 1510/1313/1510
f 1510/1313/1510 1507/1309/1507 1509/1310/1509 1511/1314/1511
f 1516/1315/1516 1513/1316/1513 1510/1313/1510 1511/1314/1511
f 1513/1316/1513 1515/1317/1515 1512/1312/1512 1510/1313/1510
f 1514/1318/1514 1662/1319/1662 1515/1317/1515 1513/1316/1513
f 1517/1320/1517 1514/1318/1514 1513/1316/1513 1516/1315/1516
f 1518/1321/1518 1516/1315/1516 1511/1314/1511 1509/1310/1509
f 1519/1322/1519 1517/1320/1517 1516/1315/1516 1518/1321/1518
f 1521/1323/1521 1519/1322/1519 1518/1321/1518 1520/1324/1520
f 1520/1324/1520 1518/1321/1518 1509/1310/1509 1505/1308/1505
f 1522/1325/1522 1520/1324/1520 1505/1308/1505 1503/1304/1503
f 1523/1326/1523 1521/1323/1521 1520/1324/1520 1522/1325/1522
f 1525/1327/1525 1523/1326/1523 1522/1325/1522 1524/1328/1524
f 1524/1328/1524 1522/1325/1522 1503/1304/1503 1499/1302/1499
f 1526/1329/1526 1524/1328/1524 1499/1302/1499 1497/1299/1497
f 1527/1330/1527 1525/1327/1525 1524/1328/1524 1526/1329/1526
f 1529/1331/1529 1527/1330/1527 1526/1329/1526 1528/1332/1528
f 1528/1332/1528 1526/1329/1526 1497/1299/1497 1494/1296/1494
f 1492/1295/1492 1530/1333/1530 1528/1332/1528 1494/1296/1494
f 1530/1333/1530 1532/1334/1532 1529/1331/1529 1528/1332/1528
f 1531/1335/1531 1533/1336/1533 1532/1334/1532 1530/1333/1530
f 1857/1294/1857 1531/1335/1531 1530/1333/1530 1492/1295/1492
f 1534/1337/1534 1536/1338/1536 1529/1331/1529 1532/1334/1532
f 1537/1339/1537 1534/1337/1534 1532/1334/1532 1533/1336/1533
f 1535/1340/1535 1704/1341/1704 1536/1338/1536 1534/1337/1534
f 1538/1342/1538 1535/1340/1535 1534/1337/1534 1537/1339/1537
f 1540/1343/1540 1538/1342/1538 1537/1339/1537 1539/1344/1539
f 1539/1344/1539 1537/1339/1537 1533/1336/1533 1541/1345/1541
f 1543/1346/1543 1540/1343/1540 1539/1344/1539 1542/1347/1542
f 1542/1347/1542 1539/1344/1539 1541/1345/1541 1544/1348/1544
f 1546/1349/1546 1543/1346/1543 1542/1347/1542 1545/1350/1545
f 1545/1350/1545 1542/1347/1542 1544/1348/1544 1547/1351/1547
f 1549/1352/1549 1546/1349/1546 1545/1350/1545 1548/1353/1548
f 1548/1353/1548 1545/1350/1545 1547/1351/1547 1550/1354/1550
f 1552/1355/1552 1549/1352/1549 1548/1353/1548 1551/1356/1551
f 1551/1356/1551 1548/1353/1548 1550/1354/1550 1553/1357/1553
f 1555/1358/1555 1552/1355/1552 1551/1356/1551 1554/1359/1554
f 1554/1359/1554 1551/1356/1551 1553/1357/1553 1556/1360/1556
f 1558/1361/1558 1555/1358/1555 1554/1359/1554 1557/1362/1557
f 1557/1362/1557 1554/1359/1554 1556/1360/1556 1559/1363/1559
f 1562/1364/1562 1558/1361/1558 1557/1362/1557 1560/1365/1560
f 1560/1365/1560 1557/1362/1557 1559/1363/1559 1561/1366/1561
f 1565/1367/1565 1558/1361/1558 1562/1364/1562 1563/1368/1563
f 1567/1369/1567 1565/1367/1565 1563/1368/1563 1564/1370/1564
f 1566/1371/1566 1555/1358/1555 1558/1361/1558 1565/1367/1565
f 1568/1372/1568 1566/1371/1566 1565/1367/1565 1567/1369/1567
f 1570/1373/1570 1568/1372/1568 1567/1369/1567 1569/1374/1569
f 1569/1374/1569 1567/1369/1567 1564/1370/1564 1571/1375/1571
f 1574/1376/1574 1570/1373/1570 1569/1374/1569 1572/1377/1572
f 1572/1377/1572 1569/1374/1569 1571/1375/1571 1573/1378/1573
f 1572/1377/1572 1573/1378/1573 1576/1379/1576 1575/1380/1575
f 1574/1376/1574 1572/1377/1572 1575/1380/1575 1578/1381/1578
f 1575/1380/1575 1576/1379/1576 1904/1382/1904 1577/1383/1577
f 1578/1381/1578 1575/1380/1575 1577/1383/1577 1579/1384/1579
f 1580/1385/1580 1578/1381/1578 1579/1384/1579 1582/1386/1582
f 1581/1387/1581 1574/1376/1574 1578/1381/1578 1580/1385/1580
f 1585/1388/1585 1581/1387/1581 1580/1385/1580 1583/1389/1583
f 1583/1389/1583 1580/1385/1580 1582/1386/1582 1584/1390/1584
f 1586/1391/1586 1583/1389/1583 1584/1390/1584 1588/1392/1588
f 1587/1393/1587 1585/1388/1585 1583/1389/1583 1586/1391/1586
f 1591/1394/1591 1587/1393/1587 1586/1391/1586 1589/1395/1589
f 1589/1395/1589 1586/1391/1586 1588/1392/1588 1590/1396/1590
f 1592/1397/1592 1589/1395/1589 1590/1396/1590 1594/1398/1594
f 1593/1399/1593 1591/1394/1591 1589/1395/1589 1592/1397/1592
f 1597/1400/1597 1593/1399/1593 1592/1397/1592 1595/1401/1595
f 1595/1401/1595 1592/1397/1592 1594/1398/1594 1596/1402/1596
f 1598/1403/1598 1595/1401/1595 1596/1402/1596 1600/1404/1600
f 1599/1405/1599 1597/1400/1597 1595/1401/1595 1598/1403/1598
f 1602/1406/1602 1599/1405/1599 1598/1403/1598 1601/1407/1601
f 1601/1407/1601 1598/1403/1598 1600/1404/1600 1603/1408/1603
f 1605/1409/1605 1602/1406/1602 1601/1407/1601 1604/1410/1604
f 1604/1410/1604 1601/1407/1601 1603/1408/1603 1606/1411/1606
f 1609/1412/1609 1605/1409/1605 1604/1410/1604 1607/1413/1607
f 1607/1413/1607 1604/1410/1604 1606/1411/1606 1608/1414/1608
f 1610/1415/1610 1607/1413/1607 1608/1414/1608 1612/1416/1612
f 1611/1417/1611 1609/1412/1609 1607/1413/1607 1610/1415/1610
f 1615/1418/1615 1611/1417/1611 1610/1415/1610 1613/1419/1613
f 1613/1419/1613 1610/1415/1610 1612/1416/1612 1614/1420/1614
f 1616/1421/1616 1613/1419/1613 1614/1420/1614 1618/1422/1618
f 1617/1423/1617 1615/1418/1615 1613/1419/1613 1616/1421/1616
f 1621/1424/1621 1617/1423/1617 1616/1421/1616 1619/1425/1619
f 1619/1425/1619 1616/1421/1616 1618/1422/1618 1620/1426/1620
f 1620/1426/1620 1623/1427/1623 1622/1428/1622 1619/1425/1619
f 1619/1425/1619 1622/1428/1622 1625/1429/1625 1621/1424/1621
f 1623/1427/1623 1750/1430/1750 1624/1431/1624 1622/1428/1622
f 1622/1428/1622 1624/1431/1624 1626/1432/1626 1625/1429/1625
f 1621/1424/1621 1625/1429/1625 1627/1433/1627 1617/1423/1617
f 1625/1429/1625 1626/1432/1626 1628/1434/1628 1627/1433/1627
f 1627/1433/1627 1628/1434/1628 1630/1435/1630 1629/1436/1629
f 1617/1423/1617 1627/1433/1627 1629/1436/1629 1615/1418/1615
f 1615/1418/1615 1629/1436/1629 1631/1437/1631 1611/1417/1611
f 1629/1436/1629 1630/1435/1630 1632/1438/1632 1631/1437/1631
f 1631/1437/1631 1632/1438/1632 1634/1439/1634 1633/1440/1633
f 1611/1417/1611 1631/1437/1631 1633/1440/1633 1609/1412/1609
f 1609/1412/1609 1633/1440/1633 1635/1441/1635 1605/1409/1605
f 1633/1440/1633 1634/1439/1634 1636/1442/1636 1635/1441/1635
f 1635/1441/1635 1636/1442/1636 1638/1443/1638 1637/1444/1637
f 1605/1409/1605 1635/1441/1635 1637/1444/1637 1602/1406/1602
f 1640/1445/1640 1602/1406/1602 1637/1444/1637 1639/1446/1639
f 1639/1446/1639 1637/1444/1637 1638/1443/1638 1641/1447/1641
f 1643/1448/1643 1640/1445/1640 1639/1446/1639 1642/1449/1642
f 1642/1449/1642 1639/1446/1639 1641/1447/1641 1644/1450/1644
f 1646/1451/1646 1643/1448/1643 1642/1449/1642 1645/1452/1645
f 1645/1452/1645 1642/1449/1642 1644/1450/1644 1647/1453/1647
f 1649/1454/1649 1646/1451/1646 1645/1452/1645 1648/1455/1648
f 1648/1455/1648 1645/1452/1645 1647/1453/1647 1650/1456/1650
f 1652/1457/1652 1649/1454/1649 1648/1455/1648 1651/1458/1651
f 1651/1458/1651 1648/1455/1648 1650/1456/1650 1653/1459/1653
f 1655/1460/1655 1652/1457/1652 1651/1458/1651 1654/1461/1654
f 1654/1461/1654 1651/1458/1651 1653/1459/1653 1656/1462/1656
f 1658/1463/1658 1655/1460/1655 1654/1461/1654 1657/1464/1657
f 1657/1464/1657 1654/1461/1654 1656/1462/1656 1659/1465/1659
f 1661/1466/1661 1658/1463/1658 1657/1464/1657 1660/1467/1660
f 1660/1467/1660 1657/1464/1657 1659/1465/1659 1662/1319/1662
f 1663/1468/1663 1665/1469/1665 1661/1466/1661 1660/1467/1660
f 1514/1318/1514 1663/1468/1663 1660/1467/1660 1662/1319/1662
f 1664/1470/1664 1666/1471/1666 1665/1469/1665 1663/1468/1663
f 1517/1320/1517 1664/1470/1664 1663/1468/1663 1514/1318/1514
f 1665/1469/1665 1666/1471/1666 1668/1472/1668 1667/1473/1667
f 1661/1466/1661 1665/1469/1665 1667/1473/1667 1670/1474/1670
f 1667/1473/1667 1668/1472/1668 1714/1475/1714 1669/1476/1669
f 1670/1474/1670 1667/1473/1667 1669/1476/1669 1671/1477/1671
f 1658/1463/1658 1661/1466/1661 1670/1474/1670 1672/1478/1672
f 1672/1478/1672 1670/1474/1670 1671/1477/1671 1673/1479/1673
f 1655/1460/1655 1658/1463/1658 1672/1478/1672 1652/1457/1652
f 1652/1457/1652 1672/1478/1672 1673/1479/1673 1649/1454/1649
f 1673/1479/1673 1671/1477/1671 1675/1480/1675 1674/1481/1674
f 1649/1454/1649 1673/1479/1673 1674/1481/1674 1646/1451/1646
f 1674/1481/1674 1675/1480/1675 1677/1482/1677 1676/1483/1676
f 1646/1451/1646 1674/1481/1674 1676/1483/1676 1643/1448/1643
f 1676/1483/1676 1677/1482/1677 1679/1484/1679 1678/1485/1678
f 1643/1448/1643 1676/1483/1676 1678/1485/1678 1640/1445/1640
f 1678/1485/1678 1679/1484/1679 1681/1486/1681 1680/1487/1680
f 1640/1445/1640 1678/1485/1678 1680/1487/1680 1602/1406/1602
f 1602/1406/1602 1680/1487/1680 1682/1488/1682 1599/1405/1599
f 1680/1487/1680 1681/1486/1681 1683/1489/1683 1682/1488/1682
f 1682/1488/1682 1683/1489/1683 1685/1490/1685 1684/1491/1684
f 1599/1405/1599 1682/1488/1682 1684/1491/1684 1597/1400/1597
f 1684/1491/1684 1685/1490/1685 1687/1492/1687 1686/1493/1686
f 1597/1400/1597 1684/1491/1684 1686/1493/1686 1593/1399/1593
f 1686/1493/1686 1687/1492/1687 1689/1494/1689 1688/1495/1688
f 1593/1399/1593 1686/1493/1686 1688/1495/1688 1591/1394/1591
f 1688/1495/1688 1689/1494/1689 1691/1496/1691 1690/1497/1690
f 1591/1394/1591 1688/1495/1688 1690/1497/1690 1587/1393/1587
f 1690/1497/1690 1691/1496/1691 1693/1498/1693 1692/1499/1692
f 1587/1393/1587 1690/1497/1690 1692/1499/1692 1585/1388/1585
f 1692/1499/1692 1693/1498/1693 1695/1500/1695 1694/1501/1694
f 1585/1388/1585 1692/1499/1692 1694/1501/1694 1581/1387/1581
f 1694/1501/1694 1695/1500/1695 1568/1372/1568 1570/1373/1570
f 1581/1387/1581 1694/1501/1694 1570/1373/1570 1574/1376/1574
f 1693/1498/1693 1697/1502/1697 1696/1503/1696 1695/1500/1695
f 1695/1500/1695 1696/1503/1696 1566/1371/1566 1568/1372/1568
f 1697/1502/1697 1549/1352/1549 1552/1355/1552 1696/1503/1696
f 1696/1503/1696 1552/1355/1552 1555/1358/1555 1566/1371/1566
f 1698/1504/1698 1546/1349/1546 1549/1352/1549 1697/1502/1697
f 1691/1496/1691 1698/1504/1698 1697/1502/1697 1693/1498/1693
f 1699/1505/1699 1543/1346/1543 1546/1349/1546 1698/1504/1698
f 1689/1494/1689 1699/1505/1699 1698/1504/1698 1691/1496/1691
f 1700/1506/1700 1540/1343/1540 1543/1346/1543 1699/1505/1699
f 1687/1492/1687 1700/1506/1700 1699/1505/1699 1689/1494/1689
f 1701/1507/1701 1538/1342/1538 1540/1343/1540 1700/1506/1700
f 1685/1490/1685 1701/1507/1701 1700/1506/1700 1687/1492/1687
f 1702/1508/1702 1535/1340/1535 1538/1342/1538 1701/1507/1701
f 1683/1489/1683 1702/1508/1702 1701/1507/1701 1685/1490/1685
f 1703/1509/1703 1704/1341/1704 1535/1340/1535 1702/1508/1702
f 1681/1486/1681 1703/1509/1703 1702/1508/1702 1683/1489/1683
f 1679/1484/1679 1705/1510/1705 1703/1509/1703 1681/1486/1681
f 1705/1510/1705 1707/1511/1707 1704/1341/1704 1703/1509/1703
f 1706/1512/1706 1708/1513/1708 1707/1511/1707 1705/1510/1705
f 1677/1482/1677 1706/1512/1706 1705/1510/1705 1679/1484/1679
f 1536/1338/1536 1704/1341/1704 1707/1511/1707 1709/1514/1709
f 1709/1514/1709 1707/1511/1707 1708/1513/1708 1710/1515/1710
f 1529/1331/1529 1536/1338/1536 1709/1514/1709 1527/1330/1527
f 1527/1330/1527 1709/1514/1709 1710/1515/1710 1525/1327/1525
f 1710/1515/1710 1708/1513/1708 1712/1516/1712 1711/1517/1711
f 1525/1327/1525 1710/1515/1710 1711/1517/1711 1523/1326/1523
f 1711/1517/1711 1712/1516/1712 1714/1475/1714 1713/1518/1713
f 1523/1326/1523 1711/1517/1711 1713/1518/1713 1521/1323/1521
f 1713/1518/1713 1714/1475/1714 1668/1472/1668 1715/1519/1715
f 1521/1323/1521 1713/1518/1713 1715/1519/1715 1519/1322/1519
f 1715/1519/1715 1668/1472/1668 1666/1471/1666 1664/1470/1664
f 1519/1322/1519 1715/1519/1715 1664/1470/1664 1517/1320/1517
f 1669/1476/1669 1714/1475/1714 1712/1516/1712 1716/1520/1716
f 1716/1520/1716 1712/1516/1712 1708/1513/1708 1706/1512/1706
f 1671/1477/1671 1669/1476/1669 1716/1520/1716 1675/1480/1675
f 1675/1480/1675 1716/1520/1716 1706/1512/1706 1677/1482/1677
f 1515/1317/1515 1662/1319/1662 1659/1465/1659 1717/1521/1717
f 1717/1521/1717 1659/1465/1659 1656/1462/1656 1718/1522/1718
f 1512/1312/1512 1515/1317/1515 1717/1521/1717 1719/1523/1719
f 1719/1523/1719 1717/1521/1717 1718/1522/1718 1720/1524/1720
f 1719/1523/1719 1721/1525/1721 1508/1311/1508 1512/1312/1512
f 1720/1524/1720 1722/1526/1722 1721/1525/1721 1719/1523/1719
f 1722/1526/1722 1724/1527/1724 1723/1528/1723 1721/1525/1721
f 1721/1525/1721 1723/1528/1723 1506/1306/1506 1508/1311/1508
f 1723/1528/1723 1725/1529/1725 1502/1305/1502 1506/1306/1506
f 1724/1527/1724 1726/1530/1726 1725/1529/1725 1723/1528/1723
f 1726/1530/1726 1728/1531/1728 1727/1532/1727 1725/1529/1725
f 1725/1529/1725 1727/1532/1727 1500/1300/1500 1502/1305/1502
f 1727/1532/1727 1729/1254/1729 1496/1297/1496 1500/1300/1500
f 1728/1531/1728 1453/1252/1453 1729/1254/1729 1727/1532/1727
f 1729/1254/1729 1454/1248/1454 1489/1290/1489 1496/1297/1496
f 1728/1531/1728 1730/1533/1730 1731/1253/1731 1453/1252/1453
f 1726/1530/1726 1732/1534/1732 1730/1533/1730 1728/1531/1728
f 1732/1534/1732 1647/1453/1647 1644/1450/1644 1730/1533/1730
f 1730/1533/1730 1644/1450/1644 1641/1447/1641 1731/1253/1731
f 1733/1535/1733 1650/1456/1650 1647/1453/1647 1732/1534/1732
f 1724/1527/1724 1733/1535/1733 1732/1534/1732 1726/1530/1726
f 1722/1526/1722 1734/1536/1734 1733/1535/1733 1724/1527/1724
f 1734/1536/1734 1653/1459/1653 1650/1456/1650 1733/1535/1733
f 1718/1522/1718 1656/1462/1656 1653/1459/1653 1734/1536/1734
f 1720/1524/1720 1718/1522/1718 1734/1536/1734 1722/1526/1722
f 1731/1253/1731 1641/1447/1641 1638/1443/1638 1452/1250/1452
f 1735/1251/1735 1452/1250/1452 1638/1443/1638 1636/1442/1636
f 1736/1537/1736 1735/1251/1735 1636/1442/1636 1634/1439/1634
f 1737/1261/1737 1455/1249/1455 1735/1251/1735 1736/1537/1736
f 1739/1538/1739 1737/1261/1737 1736/1537/1736 1738/1539/1738
f 1738/1539/1738 1736/1537/1736 1634/1439/1634 1632/1438/1632
f 1741/1540/1741 1739/1538/1739 1738/1539/1738 1740/1541/1740
f 1740/1541/1740 1738/1539/1738 1632/1438/1632 1630/1435/1630
f 1743/1542/1743 1741/1540/1741 1740/1541/1740 1742/1543/1742
f 1742/1543/1742 1740/1541/1740 1630/1435/1630 1628/1434/1628
f 1745/1544/1745 1743/1542/1743 1742/1543/1742 1744/1545/1744
f 1744/1545/1744 1742/1543/1742 1628/1434/1628 1626/1432/1626
f 1747/1546/1747 1745/1544/1745 1744/1545/1744 1746/1547/1746
f 1746/1547/1746 1744/1545/1744 1626/1432/1626 1624/1431/1624
f 1749/1548/1749 1747/1546/1747 1746/1547/1746 1748/1549/1748
f 1748/1549/1748 1746/1547/1746 1624/1431/1624 1750/1430/1750
f 1751/1550/1751 1753/1551/1753 1749/1548/1749 1748/1549/1748
f 1754/1552/1754 1751/1550/1751 1748/1549/1748 1750/1430/1750
f 1752/1553/1752 1917/1554/1917 1753/1551/1753 1751/1550/1751
f 1755/1555/1755 1752/1553/1752 1751/1550/1751 1754/1552/1754
f 1754/1552/1754 1750/1430/1750 1623/1427/1623 1756/1556/1756
f 1755/1555/1755 1754/1552/1754 1756/1556/1756 1758/1557/1758
f 1756/1556/1756 1623/1427/1623 1620/1426/1620 1757/1558/1757
f 1758/1557/1758 1756/1556/1756 1757/1558/1757 1759/1559/1759
f 1760/1560/1760 1758/1557/1758 1759/1559/1759 1762/1561/1762
f 1761/1562/1761 1755/1555/1755 1758/1557/1758 1760/1560/1760
f 1765/1563/1765 1761/1562/1761 1760/1560/1760 1763/1564/1763
f 1763/1564/1763 1760/1560/1760 1762/1561/1762 1764/1565/1764
f 1766/1566/1766 1763/1564/1763 1764/1565/1764 1768/1567/1768
f 1767/1568/1767 1765/1563/1765 1763/1564/1763 1766/1566/1766
f 1771/1569/1771 1767/1568/1767 1766/1566/1766 1769/1570/1769
f 1769/1570/1769 1766/1566/1766 1768/1567/1768 1770/1571/1770
f 1772/1572/1772 1769/1570/1769 1770/1571/1770 1774/1573/1774
f 1773/1574/1773 1771/1569/1771 1769/1570/1769 1772/1572/1772
f 1777/1575/1777 1773/1574/1773 1772/1572/1772 1775/1576/1775
f 1775/1576/1775 1772/1572/1772 1774/1573/1774 1776/1577/1776
f 1781/1578/1781 1778/1579/1778 1775/1576/1775 1776/1577/1776
f 1778/1579/1778 1780/1580/1780 1777/1575/1777 1775/1576/1775
f 1779/1581/1779 1798/1582/1798 1780/1580/1780 1778/1579/1778
f 1782/1583/1782 1779/1581/1779 1778/1579/1778 1781/1578/1781
f 1785/1584/1785 1783/1585/1783 1781/1578/1781 1776/1577/1776
f 1783/1585/1783 1784/1586/1784 1782/1583/1782 1781/1578/1781
f 1600/1404/1600 1596/1402/1596 1784/1586/1784 1783/1585/1783
f 1603/1408/1603 1600/1404/1600 1783/1585/1783 1785/1584/1785
f 1606/1411/1606 1603/1408/1603 1785/1584/1785 1786/1587/1786
f 1786/1587/1786 1785/1584/1785 1776/1577/1776 1774/1573/1774
f 1608/1414/1608 1606/1411/1606 1786/1587/1786 1787/1588/1787
f 1787/1588/1787 1786/1587/1786 1774/1573/1774 1770/1571/1770
f 1788/1589/1788 1787/1588/1787 1770/1571/1770 1768/1567/1768
f 1612/1416/1612 1608/1414/1608 1787/1588/1787 1788/1589/1788
f 1614/1420/1614 1612/1416/1612 1788/1589/1788 1789/1590/1789
f 1789/1590/1789 1788/1589/1788 1768/1567/1768 1764/1565/1764
f 1790/1591/1790 1789/1590/1789 1764/1565/1764 1762/1561/1762
f 1618/1422/1618 1614/1420/1614 1789/1590/1789 1790/1591/1790
f 1620/1426/1620 1618/1422/1618 1790/1591/1790 1757/1558/1757
f 1757/1558/1757 1790/1591/1790 1762/1561/1762 1759/1559/1759
f 1784/1586/1784 1791/1592/1791 1793/1593/1793 1782/1583/1782
f 1596/1402/1596 1594/1398/1594 1791/1592/1791 1784/1586/1784
f 1594/1398/1594 1590/1396/1590 1792/1594/1792 1791/1592/1791
f 1791/1592/1791 1792/1594/1792 1794/1595/1794 1793/1593/1793
f 1793/1593/1793 1795/1596/1795 1779/1581/1779 1782/1583/1782
f 1794/1595/1794 1796/1597/1796 1795/1596/1795 1793/1593/1793
f 1796/1597/1796 1799/1598/1799 1797/1599/1797 1795/1596/1795
f 1795/1596/1795 1797/1599/1797 1798/1582/1798 1779/1581/1779
f 1800/1600/1800 1802/1601/1802 1798/1582/1798 1797/1599/1797
f 1803/1602/1803 1800/1600/1800 1797/1599/1797 1799/1598/1799
f 1801/1603/1801 1905/1270/1905 1802/1601/1802 1800/1600/1800
f 1804/1604/1804 1801/1603/1801 1800/1600/1800 1803/1602/1803
f 1806/1605/1806 1804/1604/1804 1803/1602/1803 1805/1606/1805
f 1805/1606/1805 1803/1602/1803 1799/1598/1799 1807/1607/1807
f 1809/1608/1809 1806/1605/1806 1805/1606/1805 1808/1609/1808
f 1808/1609/1808 1805/1606/1805 1807/1607/1807 1810/1610/1810
f 1812/1611/1812 1809/1608/1809 1808/1609/1808 1811/1612/1811
f 1811/1612/1811 1808/1609/1808 1810/1610/1810 1813/1613/1813
f 1815/1614/1815 1812/1611/1812 1811/1612/1811 1814/1615/1814
f 1814/1615/1814 1811/1612/1811 1813/1613/1813 1816/1616/1816
f 1818/1617/1818 1815/1614/1815 1814/1615/1814 1817/1618/1817
f 1817/1618/1817 1814/1615/1814 1816/1616/1816 1819/1619/1819
f 1822/1620/1822 1818/1617/1818 1817/1618/1817 1820/1621/1820
f 1820/1621/1820 1817/1618/1817 1819/1619/1819 1821/1622/1821
f 1825/1623/1825 1818/1617/1818 1822/1620/1822 1823/1624/1823
f 1827/1625/1827 1825/1623/1825 1823/1624/1823 1824/1626/1824
f 1826/1627/1826 1815/1614/1815 1818/1617/1818 1825/1623/1825
f 1828/1628/1828 1826/1627/1826 1825/1623/1825 1827/1625/1827
f 1830/1629/1830 1828/1628/1828 1827/1625/1827 1829/1630/1829
f 1829/1630/1829 1827/1625/1827 1824/1626/1824 1831/1631/1831
f 1834/1632/1834 1830/1629/1830 1829/1630/1829 1832/1633/1832
f 1832/1633/1832 1829/1630/1829 1831/1631/1831 1833/1634/1833
f 1832/1633/1832 1833/1634/1833 1836/1635/1836 1835/1636/1835
f 1834/1632/1834 1832/1633/1832 1835/1636/1835 1838/1637/1838
f 1835/1636/1835 1836/1635/1836 1875/1638/1875 1837/1639/1837
f 1838/1637/1838 1835/1636/1835 1837/1639/1837 1839/1640/1839
f 1840/1641/1840 1838/1637/1838 1839/1640/1839 1842/1642/1842
f 1841/1643/1841 1834/1632/1834 1838/1637/1838 1840/1641/1840
f 1845/1644/1845 1841/1643/1841 1840/1641/1840 1843/1645/1843
f 1843/1645/1843 1840/1641/1840 1842/1642/1842 1844/1646/1844
f 1846/1647/1846 1843/1645/1843 1844/1646/1844 1848/1648/1848
f 1847/1649/1847 1845/1644/1845 1843/1645/1843 1846/1647/1846
f 1480/1282/1480 1847/1649/1847 1846/1647/1846 1483/1283/1483
f 1483/1283/1483 1846/1647/1846 1848/1648/1848 1849/1286/1849
f 1849/1286/1849 1848/1648/1848 1850/1650/1850 1853/1651/1853
f 1848/1648/1848 1844/1646/1844 1851/1652/1851 1850/1650/1850
f 1850/1650/1850 1851/1652/1851 1862/1653/1862 1852/1654/1852
f 1853/1651/1853 1850/1650/1850 1852/1654/1852 1854/1655/1854
f 1855/1656/1855 1853/1651/1853 1854/1655/1854 1856/1657/1856
f 1484/1287/1484 1849/1286/1849 1853/1651/1853 1855/1656/1855
f 1486/1288/1486 1484/1287/1484 1855/1656/1855 1491/1293/1491
f 1491/1293/1491 1855/1656/1855 1856/1657/1856 1857/1294/1857
f 1856/1657/1856 1858/1658/1858 1531/1335/1531 1857/1294/1857
f 1854/1655/1854 1859/1659/1859 1858/1658/1858 1856/1657/1856
f 1859/1659/1859 1544/1348/1544 1541/1345/1541 1858/1658/1858
f 1858/1658/1858 1541/1345/1541 1533/1336/1533 1531/1335/1531
f 1852/1654/1852 1860/1660/1860 1859/1659/1859 1854/1655/1854
f 1860/1660/1860 1547/1351/1547 1544/1348/1544 1859/1659/1859
f 1861/1661/1861 1550/1354/1550 1547/1351/1547 1860/1660/1860
f 1862/1653/1862 1861/1661/1861 1860/1660/1860 1852/1654/1852
f 1865/1662/1865 1863/1663/1863 1861/1661/1861 1862/1653/1862
f 1863/1663/1863 1553/1357/1553 1550/1354/1550 1861/1661/1861
f 1864/1664/1864 1556/1360/1556 1553/1357/1553 1863/1663/1863
f 1866/1665/1866 1864/1664/1864 1863/1663/1863 1865/1662/1865
f 1851/1652/1851 1867/1666/1867 1865/1662/1865 1862/1653/1862
f 1867/1666/1867 1868/1667/1868 1866/1665/1866 1865/1662/1865
f 1842/1642/1842 1839/1640/1839 1868/1667/1868 1867/1666/1867
f 1844/1646/1844 1842/1642/1842 1867/1666/1867 1851/1652/1851
f 1868/1667/1868 1869/1668/1869 1871/1669/1871 1866/1665/1866
f 1839/1640/1839 1837/1639/1837 1869/1668/1869 1868/1667/1868
f 1837/1639/1837 1875/1638/1875 1870/1670/1870 1869/1668/1869
f 1869/1668/1869 1870/1670/1870 1872/1671/1872 1871/1669/1871
f 1871/1669/1871 1873/1672/1873 1864/1664/1864 1866/1665/1866
f 1872/1671/1872 1874/1673/1874 1873/1672/1873 1871/1669/1871
f 1874/1673/1874 1561/1366/1561 1559/1363/1559 1873/1672/1873
f 1873/1672/1873 1559/1363/1559 1556/1360/1556 1864/1664/1864
f 1847/1649/1847 1876/1674/1876 1878/1675/1878 1845/1644/1845
f 1480/1282/1480 1478/1278/1478 1876/1674/1876 1847/1649/1847
f 1478/1278/1478 1475/1277/1475 1877/1676/1877 1876/1674/1876
f 1876/1674/1876 1877/1676/1877 1879/1677/1879 1878/1675/1878
f 1878/1675/1878 1879/1677/1879 1881/1678/1881 1880/1679/1880
f 1845/1644/1845 1878/1675/1878 1880/1679/1880 1841/1643/1841
f 1880/1679/1880 1881/1678/1881 1828/1628/1828 1830/1629/1830
f 1841/1643/1841 1880/1679/1880 1830/1629/1830 1834/1632/1834
f 1879/1677/1879 1883/1680/1883 1882/1681/1882 1881/1678/1881
f 1881/1678/1881 1882/1681/1882 1826/1627/1826 1828/1628/1828
f 1883/1680/1883 1809/1608/1809 1812/1611/1812 1882/1681/1882
f 1882/1681/1882 1812/1611/1812 1815/1614/1815 1826/1627/1826
f 1884/1682/1884 1806/1605/1806 1809/1608/1809 1883/1680/1883
f 1877/1676/1877 1884/1682/1884 1883/1680/1883 1879/1677/1879
f 1885/1279/1885 1804/1604/1804 1806/1605/1806 1884/1682/1884
f 1475/1277/1475 1885/1279/1885 1884/1682/1884 1877/1676/1877
f 1476/1276/1476 1801/1603/1801 1804/1604/1804 1885/1279/1885
f 1886/1683/1886 1821/1622/1821 1819/1619/1819 1888/1684/1888
f 1887/1685/1887 1886/1683/1886 1888/1684/1888 1890/1686/1890
f 1888/1684/1888 1819/1619/1819 1816/1616/1816 1889/1687/1889
f 1890/1686/1890 1888/1684/1888 1889/1687/1889 1891/1688/1891
f 1894/1689/1894 1892/1690/1892 1890/1686/1890 1891/1688/1891
f 1892/1690/1892 1893/1691/1893 1887/1685/1887 1890/1686/1890
f 1577/1383/1577 1904/1382/1904 1893/1691/1893 1892/1690/1892
f 1579/1384/1579 1577/1383/1577 1892/1690/1892 1894/1689/1894
f 1895/1692/1895 1894/1689/1894 1891/1688/1891 1896/1693/1896
f 1582/1386/1582 1579/1384/1579 1894/1689/1894 1895/1692/1895
f 1584/1390/1584 1582/1386/1582 1895/1692/1895 1897/1694/1897
f 1897/1694/1897 1895/1692/1895 1896/1693/1896 1898/1695/1898
f 1899/1696/1899 1897/1694/1897 1898/1695/1898 1900/1697/1900
f 1588/1392/1588 1584/1390/1584 1897/1694/1897 1899/1696/1899
f 1590/1396/1590 1588/1392/1588 1899/1696/1899 1792/1594/1792
f 1792/1594/1792 1899/1696/1899 1900/1697/1900 1794/1595/1794
f 1900/1697/1900 1901/1698/1901 1796/1597/1796 1794/1595/1794
f 1898/1695/1898 1902/1699/1902 1901/1698/1901 1900/1697/1900
f 1902/1699/1902 1810/1610/1810 1807/1607/1807 1901/1698/1901
f 1901/1698/1901 1807/1607/1807 1799/1598/1799 1796/1597/1796
f 1896/1693/1896 1903/1700/1903 1902/1699/1902 1898/1695/1898
f 1903/1700/1903 1813/1613/1813 1810/1610/1810 1902/1699/1902
f 1889/1687/1889 1816/1616/1816 1813/1613/1813 1903/1700/1903
f 1891/1688/1891 1889/1687/1889 1903/1700/1903 1896/1693/1896
f 1905/1270/1905 1469/1269/1469 1906/1701/1906 1802/1601/1802
f 1802/1601/1802 1906/1701/1906 1780/1580/1780 1798/1582/1798
f 1469/1269/1469 1467/1267/1467 1907/1702/1907 1906/1701/1906
f 1906/1701/1906 1907/1702/1907 1777/1575/1777 1780/1580/1780
f 1907/1702/1907 1467/1267/1467 1465/1266/1465 1908/1703/1908
f 1777/1575/1777 1907/1702/1907 1908/1703/1908 1773/1574/1773
f 1908/1703/1908 1465/1266/1465 1910/1265/1910 1909/1704/1909
f 1773/1574/1773 1908/1703/1908 1909/1704/1909 1771/1569/1771
f 1909/1704/1909 1910/1265/1910 1912/1705/1912 1911/1706/1911
f 1771/1569/1771 1909/1704/1909 1911/1706/1911 1767/1568/1767
f 1911/1706/1911 1912/1705/1912 1914/1707/1914 1913/1708/1913
f 1767/1568/1767 1911/1706/1911 1913/1708/1913 1765/1563/1765
f 1913/1708/1913 1914/1707/1914 1916/1709/1916 1915/1710/1915
f 1765/1563/1765 1913/1708/1913 1915/1710/1915 1761/1562/1761
f 1915/1710/1915 1916/1709/1916 1917/1554/1917 1752/1553/1752
f 1761/1562/1761 1915/1710/1915 1752/1553/1752 1755/1555/1755
f 1918/1711/1918 1916/1709/1916 1914/1707/1914 1919/1712/1919
f 1753/1551/1753 1917/1554/1917 1916/1709/1916 1918/1711/1918
f 1749/1548/1749 1753/1551/1753 1918/1711/1918 1920/1713/1920
f 1920/1713/1920 1918/1711/1918 1919/1712/1919 1921/1714/1921
f 1747/1546/1747 1749/1548/1749 1920/1713/1920 1922/1715/1922
f 1922/1715/1922 1920/1713/1920 1921/1714/1921 1923/1716/1923
f 1745/1544/1745 1747/1546/1747 1922/1715/1922 1743/1542/1743
f 1743/1542/1743 1922/1715/1922 1923/1716/1923 1741/1540/1741
f 1923/1716/1923 1921/1714/1921 1925/1717/1925 1924/1718/1924
f 1741/1540/1741 1923/1716/1923 1924/1718/1924 1739/1538/1739
f 1924/1718/1924 1925/1717/1925 1462/1260/1462 1460/1259/1460
f 1739/1538/1739 1924/1718/1924 1460/1259/1460 1737/1261/1737
f 1921/1714/1921 1919/1712/1919 1926/1719/1926 1925/1717/1925
f 1925/1717/1925 1926/1719/1926 1464/1262/1464 1462/1260/1462
f 1919/1712/1919 1914/1707/1914 1912/1705/1912 1926/1719/1926
f 1926/1719/1926 1912/1705/1912 1910/1265/1910 1464/1262/1464
f 1470/1271/1470 1905/1270/1905 1801/1603/1801 1476/1276/1476
f 1451/1246/1451 1458/1245/1458 1473/1273/1473 1481/1280/1481
o RetopoModel.006
v -0.240393 0.561903 0.923900
v -0.239717 0.549303 0.908274
v -0.234516 0.557493 0.938694
v -0.242800 0.577655 0.921171
v -0.246468 0.596772 0.912672
v -0.236542 0.580976 0.943237
v -0.234416 0.567983 0.894963
v -0.225230 0.588616 0.881444
v -0.228988 0.552039 0.868225
v -0.240847 0.533441 0.886355
v -0.213174 0.570911 0.848593
v -0.242283 0.535755 0.847180
v -0.255960 0.519449 0.834650
v -0.247030 0.520518 0.864527
v -0.233625 0.549972 0.826558
v -0.259064 0.531413 0.817844
v -0.227412 0.564894 0.806570
v -0.259689 0.546926 0.800925
v -0.205052 0.590215 0.830039
v -0.226401 0.582738 0.787809
v -0.258978 0.566385 0.782095
v -0.203865 0.609122 0.811914
v -0.230344 0.605062 0.769209
v -0.260192 0.591254 0.762353
v -0.206995 0.629511 0.791246
v -0.240224 0.632695 0.750919
v -0.264269 0.622077 0.743993
v -0.216420 0.653375 0.766727
v -0.255548 0.663650 0.733747
v -0.269596 0.656072 0.728145
v -0.240083 0.677871 0.742448
v -0.270140 0.690036 0.718807
v -0.266803 0.698234 0.723176
v -0.273590 0.680286 0.717837
v -0.277879 0.706153 0.705527
v -0.277890 0.714825 0.694353
v -0.278759 0.688007 0.708526
v -0.277223 0.714090 0.708237
v -0.277061 0.724388 0.698146
v -0.276637 0.717250 0.716897
v -0.275194 0.728590 0.708853
v -0.268522 0.703001 0.732558
v -0.275629 0.715209 0.737504
v -0.270813 0.704422 0.744460
v -0.271787 0.727010 0.732342
v -0.273738 0.705755 0.775135
v -0.266534 0.718753 0.773813
v -0.264952 0.693542 0.771510
v -0.270817 0.690637 0.821116
v -0.257242 0.676745 0.810600
v -0.259046 0.704927 0.823505
v -0.265702 0.672728 0.863859
v -0.249331 0.686705 0.869458
v -0.252344 0.657401 0.846708
v -0.257841 0.651855 0.898620
v -0.250906 0.636608 0.875995
v -0.239323 0.664147 0.907201
v -0.249071 0.628311 0.923227
v -0.231062 0.637837 0.934704
v -0.249339 0.616160 0.897804
v -0.241627 0.604281 0.937949
v -0.224596 0.609823 0.951380
v -0.220020 0.581744 0.957397
v -0.202259 0.613280 0.954262
v -0.172777 0.616467 0.945330
v -0.209156 0.642254 0.936141
v -0.197396 0.582937 0.960480
v -0.195248 0.551321 0.953236
v -0.168099 0.584865 0.951526
v -0.167450 0.552474 0.943257
v -0.140428 0.586428 0.921725
v -0.141296 0.557708 0.917018
v -0.131420 0.581561 0.882125
v -0.144131 0.614760 0.914295
v -0.134103 0.602975 0.872692
v -0.152151 0.641320 0.897361
v -0.140661 0.624903 0.857830
v -0.163606 0.665231 0.872131
v -0.181090 0.645429 0.926814
v -0.191998 0.671393 0.898072
v -0.218243 0.668920 0.907217
v -0.204890 0.693933 0.860253
v -0.219302 0.712199 0.815626
v -0.229616 0.692056 0.868256
v -0.177490 0.685583 0.839806
v -0.163433 0.664287 0.812865
v -0.193580 0.702135 0.802400
v -0.179206 0.680683 0.784777
v -0.211089 0.714809 0.763388
v -0.197557 0.695306 0.755654
v -0.226337 0.721035 0.730597
v -0.233990 0.725828 0.768484
v -0.246191 0.732899 0.728643
v -0.253316 0.724631 0.771241
v -0.241895 0.710754 0.821414
v -0.262210 0.732696 0.729186
v -0.267765 0.734941 0.704269
v -0.253095 0.733288 0.704141
v -0.271321 0.731068 0.690621
v -0.256462 0.727753 0.690431
v -0.272687 0.719092 0.685915
v -0.272181 0.695823 0.688127
v -0.258259 0.715810 0.683642
v -0.257303 0.692512 0.683596
v -0.238827 0.704037 0.692300
v -0.238610 0.714243 0.699144
v -0.218676 0.685377 0.706708
v -0.235528 0.684112 0.689322
v -0.219757 0.675268 0.701346
v -0.227484 0.650478 0.693767
v -0.207414 0.652837 0.708876
v -0.217166 0.611987 0.704453
v -0.252656 0.653081 0.690489
v -0.245786 0.607909 0.703588
v -0.269769 0.655089 0.696261
v -0.279498 0.654910 0.705159
v -0.265413 0.607923 0.710068
v -0.278319 0.609661 0.719139
v -0.259910 0.567527 0.727263
v -0.238065 0.568747 0.719584
v -0.253341 0.535072 0.747020
v -0.275162 0.570450 0.736873
v -0.269692 0.539160 0.757135
v -0.278943 0.580054 0.752628
v -0.275377 0.551141 0.771868
v -0.280349 0.615177 0.734252
v -0.279887 0.654721 0.718634
v -0.269730 0.528304 0.790545
v -0.261980 0.515308 0.778882
v -0.262956 0.512039 0.808938
v -0.254084 0.498476 0.800984
v -0.256456 0.502536 0.827961
v -0.246923 0.488527 0.823393
v -0.250354 0.499417 0.849286
v -0.252455 0.512562 0.849022
v -0.240018 0.484393 0.848257
v -0.244355 0.503335 0.874229
v -0.239118 0.514762 0.900297
v -0.231744 0.487421 0.877030
v -0.223822 0.500412 0.906659
v -0.210833 0.479689 0.873122
v -0.220759 0.475472 0.843405
v -0.184498 0.481093 0.863778
v -0.201970 0.494944 0.903748
v -0.176053 0.496960 0.893548
v -0.196631 0.520132 0.932524
v -0.170104 0.521741 0.922022
v -0.219286 0.523575 0.933355
v -0.218097 0.552630 0.951593
v -0.235765 0.534095 0.923162
v -0.143837 0.531518 0.898940
v -0.149040 0.510281 0.874529
v -0.132176 0.550313 0.871300
v -0.132100 0.563573 0.889419
v -0.135893 0.534073 0.851230
v -0.131597 0.569267 0.854388
v -0.134380 0.587509 0.842396
v -0.134742 0.554273 0.834097
v -0.137855 0.571277 0.820150
v -0.141055 0.539411 0.816095
v -0.144245 0.554160 0.800718
v -0.142437 0.520688 0.831823
v -0.151498 0.519524 0.802473
v -0.150479 0.509733 0.818006
v -0.155920 0.531931 0.784284
v -0.173395 0.493944 0.800013
v -0.180471 0.505423 0.777243
v -0.165761 0.489639 0.823962
v -0.203883 0.479686 0.808319
v -0.194468 0.475715 0.834739
v -0.212555 0.491430 0.783770
v -0.229377 0.479981 0.817115
v -0.237394 0.491201 0.792983
v -0.245551 0.509642 0.769400
v -0.221193 0.510663 0.760109
v -0.229790 0.536563 0.738184
v -0.188628 0.524004 0.755602
v -0.197512 0.548256 0.735482
v -0.162644 0.548865 0.765915
v -0.171197 0.570135 0.748450
v -0.150078 0.571176 0.784375
v -0.158385 0.590816 0.767956
v -0.143666 0.589449 0.804810
v -0.152199 0.608760 0.788164
v -0.140297 0.606871 0.827769
v -0.149224 0.626359 0.810111
v -0.150726 0.645740 0.837531
v -0.160888 0.644869 0.790259
v -0.176154 0.663105 0.768165
v -0.163323 0.628483 0.770921
v -0.178046 0.649429 0.752476
v -0.169078 0.612334 0.752441
v -0.182714 0.635988 0.737269
v -0.181470 0.594861 0.733241
v -0.193495 0.622848 0.720005
v -0.207099 0.577530 0.718513
v -0.199607 0.661527 0.721827
v -0.196796 0.672224 0.732486
v -0.217876 0.694704 0.713749
v -0.194985 0.682057 0.744420
v -0.215303 0.701112 0.723776
v -0.212791 0.705872 0.735002
v -0.234919 0.719846 0.710368
v -0.156760 0.495844 0.849048
v -0.278811 0.693648 0.696681
v -0.219154 0.609836 0.866630
v -0.219672 0.630222 0.848039
v -0.224929 0.649587 0.823775
v -0.235844 0.668589 0.793624
v -0.252588 0.686962 0.760212
vn -0.9889 -0.1031 0.1066
vn -0.9997 0.0036 -0.0228
vn -0.8131 -0.2376 0.5315
vn -0.9951 -0.0993 -0.0015
vn -0.9753 -0.1789 -0.1298
vn -0.8132 -0.0938 0.5743
vn -0.9405 0.0828 -0.3296
vn -0.8875 -0.0593 -0.4569
vn -0.8981 0.4162 -0.1419
vn -0.9835 0.1754 0.0448
vn -0.9185 0.3732 -0.1307
vn -0.8160 0.5512 0.1743
vn -0.9299 0.2360 0.2822
vn -0.9532 0.2231 0.2042
vn -0.7188 0.6386 0.2748
vn -0.8479 0.3788 0.3710
vn -0.6842 0.5895 0.4295
vn -0.7187 0.4810 0.5022
vn -0.9815 0.1908 -0.0142
vn -0.6600 0.4912 0.5684
vn -0.5934 0.4988 0.6317
vn -0.9942 0.0095 0.1075
vn -0.6165 0.3901 0.6839
vn -0.5202 0.4373 0.7336
vn -0.9656 -0.1358 0.2217
vn -0.5566 0.2836 0.7809
vn -0.5127 0.3412 0.7879
vn -0.8890 -0.2852 0.3584
vn -0.5455 0.1805 0.8185
vn -0.5720 0.2551 0.7796
vn -0.7926 -0.3916 0.4674
vn -0.7133 0.0998 0.6937
vn -0.8546 -0.3099 0.4167
vn -0.6616 0.2015 0.7223
vn -0.9629 0.0440 0.2662
vn -0.9539 0.0720 -0.2914
vn -0.9408 0.1054 0.3222
vn -0.9859 -0.0191 0.1660
vn -0.9279 0.3474 -0.1350
vn -0.9929 -0.0636 0.1008
vn -0.8305 0.5511 0.0808
vn -0.7938 -0.6082 0.0027
vn -0.9970 -0.0398 0.0669
vn -0.7786 -0.6216 -0.0857
vn -0.7300 0.6573 0.1870
vn -0.9965 -0.0215 0.0812
vn -0.6274 0.7346 0.2582
vn -0.7068 -0.6930 -0.1418
vn -0.9941 0.0068 0.1086
vn -0.6736 -0.7059 -0.2192
vn -0.5336 0.7702 0.3495
vn -0.9773 0.0919 0.1910
vn -0.4561 0.7528 0.4745
vn -0.7172 -0.6348 -0.2877
vn -0.9340 0.1542 0.3224
vn -0.8147 -0.4955 -0.3012
vn -0.4141 0.6644 0.6221
vn -0.8842 0.1314 0.4483
vn -0.4071 0.4989 0.7651
vn -0.9136 -0.3257 -0.2435
vn -0.8436 0.0397 0.5355
vn -0.4041 0.2620 0.8764
vn -0.3825 -0.0439 0.9229
vn 0.0394 0.3710 0.9278
vn 0.4687 0.4107 0.7821
vn 0.0001 0.6326 0.7745
vn 0.0913 -0.0045 0.9958
vn 0.1249 -0.3883 0.9130
vn 0.5245 0.0319 0.8508
vn 0.5249 -0.3534 0.7743
vn 0.8696 0.0754 0.4879
vn 0.8455 -0.2416 0.4762
vn 0.9925 0.0718 0.0986
vn 0.8383 0.3573 0.4119
vn 0.9735 0.2253 0.0387
vn 0.7722 0.5528 0.3132
vn 0.9383 0.3452 -0.0205
vn 0.7058 0.6749 0.2154
vn 0.3914 0.6635 0.6377
vn 0.3219 0.8105 0.4894
vn -0.0309 0.7936 0.6076
vn 0.2668 0.8950 0.3576
vn 0.2305 0.9409 0.2482
vn -0.0719 0.8857 0.4586
vn 0.6552 0.7459 0.1196
vn 0.8613 0.4897 -0.1354
vn 0.6267 0.7788 0.0265
vn 0.8279 0.5235 -0.2012
vn 0.6211 0.7806 -0.0702
vn 0.8014 0.5358 -0.2658
vn 0.6428 0.7378 -0.2059
vn 0.2266 0.9634 0.1432
vn 0.2811 0.9597 -0.0043
vn -0.1833 0.9495 0.2545
vn -0.1258 0.9310 0.3426
vn -0.2277 0.9611 0.1566
vn -0.2812 0.9556 -0.0882
vn 0.3649 0.8946 -0.2581
vn -0.4015 0.7204 -0.5655
vn 0.3529 0.6565 -0.6667
vn -0.5206 0.2063 -0.8285
vn -0.5479 -0.1121 -0.8290
vn 0.1805 0.2337 -0.9554
vn -0.0035 -0.0639 -0.9979
vn 0.5905 0.2677 -0.7613
vn 0.6811 0.4658 -0.5648
vn 0.7499 0.2877 -0.5957
vn 0.4552 0.0631 -0.8882
vn 0.6892 0.1599 -0.7067
vn 0.3645 -0.1059 -0.9252
vn 0.6966 0.0889 -0.7120
vn 0.3395 -0.2167 -0.9153
vn -0.1023 -0.2247 -0.9690
vn -0.1146 -0.3394 -0.9336
vn -0.5041 -0.2323 -0.8318
vn -0.8996 -0.1205 -0.4198
vn -0.4471 -0.3440 -0.8257
vn -0.8538 -0.2238 -0.4701
vn -0.4125 -0.4709 -0.7798
vn -0.0950 -0.4560 -0.8849
vn -0.3913 -0.6092 -0.6898
vn -0.8174 -0.3470 -0.4599
vn -0.7809 -0.4802 -0.3994
vn -0.9464 0.1088 0.3042
vn -0.9725 0.0269 0.2312
vn -0.9289 0.1293 0.3470
vn -0.9304 0.1187 0.3468
vn -0.9811 -0.1166 0.1546
vn -0.7356 -0.6019 -0.3108
vn -0.9580 -0.2579 0.1250
vn -0.6919 -0.6965 -0.1901
vn -0.9254 -0.3452 0.1564
vn -0.6526 -0.7570 -0.0312
vn -0.9024 -0.3589 0.2385
vn -0.9600 0.0978 0.2624
vn -0.6038 -0.7812 0.1586
vn -0.8946 -0.3176 0.3143
vn -0.8804 -0.3097 0.3592
vn -0.5195 -0.7735 0.3632
vn -0.4257 -0.7141 0.5557
vn -0.0561 -0.9478 0.3139
vn -0.1860 -0.9812 0.0509
vn 0.3369 -0.9168 0.2142
vn 0.0601 -0.8358 0.5457
vn 0.4313 -0.7900 0.4357
vn 0.1188 -0.6609 0.7410
vn 0.4887 -0.6186 0.6153
vn -0.3742 -0.5818 0.7221
vn -0.3644 -0.3566 0.8602
vn -0.8509 -0.3079 0.4257
vn 0.8080 -0.4645 0.3625
vn 0.7693 -0.5983 0.2243
vn 0.9771 -0.2015 0.0685
vn 0.9771 -0.1149 0.1790
vn 0.9531 -0.3017 -0.0246
vn 0.9967 0.0022 -0.0816
vn 0.9819 0.1202 -0.1465
vn 0.9803 -0.0868 -0.1777
vn 0.9671 0.0289 -0.2527
vn 0.9423 -0.1899 -0.2757
vn 0.9289 -0.0933 -0.3583
vn 0.9098 -0.3937 -0.1316
vn 0.8220 -0.4127 -0.3925
vn 0.8197 -0.5150 -0.2509
vn 0.7976 -0.3323 -0.5035
vn 0.5062 -0.7503 -0.4252
vn 0.4580 -0.6568 -0.5991
vn 0.5887 -0.7883 -0.1790
vn 0.1038 -0.9391 -0.3277
vn 0.2131 -0.9752 -0.0606
vn 0.0281 -0.8405 -0.5411
vn -0.2799 -0.9397 -0.1963
vn -0.3363 -0.8510 -0.4034
vn -0.3689 -0.7383 -0.5646
vn -0.0232 -0.7186 -0.6950
vn -0.0621 -0.5882 -0.8064
vn 0.4134 -0.5493 -0.7262
vn 0.3761 -0.4370 -0.8170
vn 0.7693 -0.2504 -0.5878
vn 0.7411 -0.1661 -0.6505
vn 0.9097 -0.0208 -0.4147
vn 0.8854 0.0462 -0.4625
vn 0.9482 0.1033 -0.3003
vn 0.9246 0.1658 -0.3430
vn 0.9593 0.2038 -0.1955
vn 0.9328 0.2703 -0.2384
vn 0.8993 0.4308 -0.0757
vn 0.9009 0.3267 -0.2859
vn 0.8659 0.3711 -0.3354
vn 0.8944 0.2248 -0.3868
vn 0.8605 0.2775 -0.4271
vn 0.8572 0.1124 -0.5025
vn 0.8292 0.1752 -0.5307
vn 0.7162 -0.0789 -0.6934
vn 0.7018 0.0047 -0.7124
vn 0.3464 -0.3226 -0.8809
vn 0.8009 0.2360 -0.5503
vn 0.8238 0.3254 -0.4641
vn 0.7744 0.3812 -0.5049
vn 0.8311 0.4040 -0.3823
vn 0.7834 0.4609 -0.4169
vn 0.7774 0.5430 -0.3175
vn 0.6834 0.6264 -0.3748
vn 0.6971 -0.7143 0.0613
vn -0.9372 -0.0426 -0.3463
vn -0.8443 -0.2937 -0.4483
vn -0.7844 -0.4943 -0.3748
vn -0.7192 -0.6319 -0.2888
vn -0.6489 -0.7347 -0.1978
vn -0.6299 -0.7702 -0.1005
vt 0.093187 0.931780
vt 0.093187 0.930846
vt 0.093187 0.937841
vt 0.093187 0.943436
vt 0.093187 0.923023
vt 0.093187 0.924858
vt 0.093187 0.930697
vt 0.093187 0.948526
vt 0.093187 0.954703
vt 0.093187 0.941730
vt 0.093187 0.933953
vt 0.093187 0.946985
vt 0.093187 0.958118
vt 0.093187 0.949411
vt 0.093187 0.937582
vt 0.093187 0.959308
vt 0.093187 0.948874
vt 0.093187 0.940769
vt 0.093187 0.958033
vt 0.093187 0.963823
vt 0.093187 0.964471
vt 0.093187 0.964200
vt 0.093187 0.967654
vt 0.093187 0.967931
vt 0.093187 0.967774
vt 0.093187 0.971418
vt 0.093187 0.971393
vt 0.093187 0.971176
vt 0.093187 0.976060
vt 0.093187 0.975797
vt 0.093187 0.975704
vt 0.093187 0.981387
vt 0.093187 0.981161
vt 0.093187 0.981301
vt 0.093187 0.985502
vt 0.093187 0.986453
vt 0.093187 0.986826
vt 0.093187 0.991180
vt 0.093187 0.990490
vt 0.093187 0.987778
vt 0.093187 0.993039
vt 0.093187 0.989969
vt 0.093187 0.993805
vt 0.093187 0.990496
vt 0.093187 0.986394
vt 0.093187 0.992943
vt 0.093187 0.989649
vt 0.093187 0.987649
vt 0.093187 0.985286
vt 0.093187 0.982141
vt 0.093187 0.980844
vt 0.093187 0.983532
vt 0.093187 0.976652
vt 0.093187 0.975776
vt 0.093187 0.975022
vt 0.093187 0.970158
vt 0.093187 0.969969
vt 0.093187 0.970561
vt 0.093187 0.964891
vt 0.093187 0.964927
vt 0.093187 0.965521
vt 0.093187 0.955747
vt 0.093187 0.959239
vt 0.093187 0.954162
vt 0.093187 0.937703
vt 0.093187 0.925879
vt 0.093187 0.924606
vt 0.093187 0.936594
vt 0.093187 0.953823
vt 0.093187 0.926328
vt 0.093187 0.939323
vt 0.093187 0.955951
vt 0.093187 0.919901
vt 0.093187 0.921121
vt 0.093187 0.920836
vt 0.093187 0.934952
vt 0.093187 0.948022
vt 0.093187 0.927147
vt 0.093187 0.937628
vt 0.093187 0.946645
vt 0.093187 0.956449
vt 0.093187 0.960671
vt 0.093187 0.963580
vt 0.093187 0.967761
vt 0.093187 0.966796
vt 0.093187 0.965512
vt 0.093187 0.964902
vt 0.093187 0.970996
vt 0.093187 0.970703
vt 0.093187 0.971368
vt 0.093187 0.976524
vt 0.093187 0.976999
vt 0.093187 0.976949
vt 0.093187 0.971445
vt 0.093187 0.975687
vt 0.093187 0.982207
vt 0.093187 0.983732
vt 0.093187 0.980436
vt 0.093187 0.984281
vt 0.093187 0.987115
vt 0.093187 0.989715
vt 0.093187 0.984012
vt 0.093187 0.990354
vt 0.093187 0.993095
vt 0.093187 0.994003
vt 0.093187 0.994212
vt 0.093187 0.995354
vt 0.093187 0.994406
vt 0.093187 0.993555
vt 0.093187 0.991013
vt 0.093187 0.990447
vt 0.093187 0.990050
vt 0.093187 0.987716
vt 0.093187 0.990536
vt 0.093187 0.985504
vt 0.093187 0.985214
vt 0.093187 0.984662
vt 0.093187 0.982922
vt 0.093187 0.984504
vt 0.093187 0.980935
vt 0.093187 0.976417
vt 0.093187 0.977455
vt 0.093187 0.977960
vt 0.093187 0.984756
vt 0.093187 0.977916
vt 0.093187 0.984110
vt 0.093187 0.977593
vt 0.093187 0.972551
vt 0.093187 0.972290
vt 0.093187 0.972079
vt 0.093187 0.968114
vt 0.093187 0.967744
vt 0.093187 0.967589
vt 0.093187 0.967504
vt 0.093187 0.971673
vt 0.093187 0.976750
vt 0.093187 0.982616
vt 0.093187 0.963072
vt 0.093187 0.962656
vt 0.093187 0.952879
vt 0.093187 0.955225
vt 0.093187 0.945121
vt 0.093187 0.940874
vt 0.093187 0.929855
vt 0.093187 0.935478
vt 0.093187 0.927901
vt 0.093187 0.922647
vt 0.093187 0.923817
vt 0.093187 0.919663
vt 0.093187 0.921414
vt 0.093187 0.918925
vt 0.093187 0.927635
vt 0.093187 0.929190
vt 0.093187 0.922747
vt 0.093187 0.920215
vt 0.093187 0.919616
vt 0.093187 0.918448
vt 0.093187 0.919132
vt 0.093187 0.925035
vt 0.093187 0.925934
vt 0.093187 0.940830
vt 0.093187 0.939296
vt 0.093187 0.951544
vt 0.093187 0.953310
vt 0.093187 0.959853
vt 0.093187 0.961095
vt 0.093187 0.961683
vt 0.093187 0.954511
vt 0.093187 0.943292
vt 0.093187 0.961007
vt 0.093187 0.953153
vt 0.093187 0.944746
vt 0.093187 0.946806
vt 0.093187 0.936199
vt 0.093187 0.957701
vt 0.093187 0.953576
vt 0.093187 0.940466
vt 0.093187 0.938863
vt 0.093187 0.952059
vt 0.093187 0.962680
vt 0.093187 0.963296
vt 0.093187 0.964526
vt 0.093187 0.968661
vt 0.093187 0.968920
vt 0.093187 0.965485
vt 0.093187 0.965646
vt 0.093187 0.968836
vt 0.093187 0.968606
vt 0.093187 0.965338
vt 0.093187 0.968278
vt 0.093187 0.964760
vt 0.093187 0.971806
vt 0.093187 0.971576
vt 0.093187 0.975439
vt 0.093187 0.975603
vt 0.093187 0.975820
vt 0.093187 0.972061
vt 0.093187 0.972411
vt 0.093187 0.972707
vt 0.093187 0.980308
vt 0.093187 0.980285
vt 0.093187 0.985050
vt 0.093187 0.980076
vt 0.093187 0.989733
vt 0.093187 0.929360
vt 0.093187 0.962679
vt 0.093187 0.966898
vt 0.093187 0.970609
vt 0.093187 0.975226
vt 0.093187 0.980878
s 1
usemtl Material.002
f 1928/1720/1928 1927/1721/1927 1930/1722/1930 1933/1723/1933
f 1927/1721/1927 1928/1720/1928 2076/1724/2076 1929/1725/1929
f 1929/1725/1929 1932/1726/1932 1930/1722/1930 1927/1721/1927
f 1933/1723/1933 1930/1722/1930 1931/1727/1931 1934/1728/1934
f 1932/1726/1932 1987/1729/1987 1931/1727/1931 1930/1722/1930
f 1936/1730/1936 1928/1720/1928 1933/1723/1933 1935/1731/1935
f 1935/1731/1935 1933/1723/1933 1934/1728/1934 1937/1732/1937
f 1938/1733/1938 1940/1734/1940 1936/1730/1936 1935/1731/1935
f 1941/1735/1941 1938/1733/1938 1935/1731/1935 1937/1732/1937
f 1939/1736/1939 2061/1737/2061 1940/1734/1940 1938/1733/1938
f 1942/1738/1942 1939/1736/1939 1938/1733/1938 1941/1735/1941
f 1944/1739/1944 1942/1738/1942 1941/1735/1941 1943/1740/1943
f 1943/1740/1943 1941/1735/1941 1937/1732/1937 1945/1741/1945
f 1947/1742/1947 1944/1739/1944 1943/1740/1943 1946/1743/1946
f 1946/1743/1946 1943/1740/1943 1945/1741/1945 1948/1744/1948
f 1950/1745/1950 1947/1742/1947 1946/1743/1946 1949/1746/1949
f 1949/1746/1949 1946/1743/1946 1948/1744/1948 1951/1747/1951
f 1953/1748/1953 1950/1745/1950 1949/1746/1949 1952/1749/1952
f 1952/1749/1952 1949/1746/1949 1951/1747/1951 1954/1750/1954
f 1956/1751/1956 1953/1748/1953 1952/1749/1952 1955/1752/1955
f 1955/1752/1955 1952/1749/1952 1954/1750/1954 1957/1753/1957
f 1960/1754/1960 1956/1751/1956 1955/1752/1955 1958/1755/1958
f 1958/1755/1958 1955/1752/1955 1957/1753/1957 1959/1756/1959
f 1964/1757/1964 1961/1758/1961 1958/1755/1958 1959/1756/1959
f 1961/1758/1961 1963/1759/1963 1960/1754/1960 1958/1755/1958
f 1962/1760/1962 2131/1761/2131 1963/1759/1963 1961/1758/1961
f 1965/1762/1965 1962/1760/1962 1961/1758/1961 1964/1757/1964
f 1966/1763/1966 1964/1757/1964 1959/1756/1959 1968/1764/1968
f 1967/1765/1967 1965/1762/1965 1964/1757/1964 1966/1763/1966
f 1971/1766/1971 1967/1765/1967 1966/1763/1966 1969/1767/1969
f 1969/1767/1969 1966/1763/1966 1968/1764/1968 1970/1768/1970
f 1972/1769/1972 1969/1767/1969 1970/1768/1970 1974/1770/1974
f 1973/1771/1973 1971/1766/1971 1969/1767/1969 1972/1769/1972
f 1977/1772/1977 1973/1771/1973 1972/1769/1972 1975/1773/1975
f 1975/1773/1975 1972/1769/1972 1974/1770/1974 1976/1774/1976
f 1978/1775/1978 1975/1773/1975 1976/1774/1976 1980/1776/1980
f 1979/1777/1979 1977/1772/1977 1975/1773/1975 1978/1775/1978
f 1983/1778/1983 1979/1777/1979 1978/1775/1978 1981/1779/1981
f 1981/1779/1981 1978/1775/1978 1980/1776/1980 1982/1780/1982
f 1984/1781/1984 1981/1779/1981 1982/1780/1982 1986/1782/1986
f 1985/1783/1985 1983/1778/1983 1981/1779/1981 1984/1781/1984
f 1988/1784/1988 1985/1783/1985 1984/1781/1984 1987/1729/1987
f 1987/1729/1987 1984/1781/1984 1986/1782/1986 1931/1727/1931
f 1989/1785/1989 1988/1784/1988 1987/1729/1987 1932/1726/1932
f 1989/1785/1989 1993/1786/1993 1990/1787/1990 1988/1784/1988
f 1988/1784/1988 1990/1787/1990 1992/1788/1992 1985/1783/1985
f 1993/1786/1993 1995/1789/1995 1991/1790/1991 1990/1787/1990
f 1990/1787/1990 1991/1790/1991 2005/1791/2005 1992/1788/1992
f 1994/1792/1994 1996/1793/1996 1995/1789/1995 1993/1786/1993
f 2075/1794/2075 1994/1792/1994 1993/1786/1993 1989/1785/1989
f 1995/1789/1995 1997/1795/1997 2000/1796/2000 1991/1790/1991
f 1996/1793/1996 1998/1797/1998 1997/1795/1997 1995/1789/1995
f 1998/1797/1998 2080/1798/2080 1999/1799/1999 1997/1795/1997
f 1997/1795/1997 1999/1799/1999 2001/1800/2001 2000/1796/2000
f 1991/1790/1991 2000/1796/2000 2002/1801/2002 2005/1791/2005
f 2000/1796/2000 2001/1800/2001 2003/1802/2003 2002/1801/2002
f 2002/1801/2002 2003/1802/2003 2113/1803/2113 2004/1804/2004
f 2005/1791/2005 2002/1801/2002 2004/1804/2004 2006/1805/2006
f 1992/1788/1992 2005/1791/2005 2006/1805/2006 2007/1806/2007
f 2007/1806/2007 2006/1805/2006 2008/1807/2008 2010/1808/2010
f 2006/1805/2006 2004/1804/2004 2011/1809/2011 2008/1807/2008
f 2008/1807/2008 2011/1809/2011 2013/1810/2013 2009/1811/2009
f 2010/1808/2010 2008/1807/2008 2009/1811/2009 2021/1812/2021
f 2004/1804/2004 2113/1803/2113 2012/1813/2012 2011/1809/2011
f 2011/1809/2011 2012/1813/2012 2014/1814/2014 2013/1810/2013
f 2009/1811/2009 2013/1810/2013 2015/1815/2015 2018/1816/2018
f 2013/1810/2013 2014/1814/2014 2016/1817/2016 2015/1815/2015
f 2015/1815/2015 2016/1817/2016 2128/1818/2128 2017/1819/2017
f 2018/1816/2018 2015/1815/2015 2017/1819/2017 2019/1820/2019
f 2020/1821/2020 2018/1816/2018 2019/1820/2019 2022/1822/2022
f 2021/1812/2021 2009/1811/2009 2018/1816/2018 2020/1821/2020
f 1977/1772/1977 2021/1812/2021 2020/1821/2020 1973/1771/1973
f 1973/1771/1973 2020/1821/2020 2022/1822/2022 1971/1766/1971
f 2022/1822/2022 2019/1820/2019 2024/1823/2024 2023/1824/2023
f 1971/1766/1971 2022/1822/2022 2023/1824/2023 1967/1765/1967
f 2023/1824/2023 2024/1823/2024 2026/1825/2026 2025/1826/2025
f 1967/1765/1967 2023/1824/2023 2025/1826/2025 1965/1762/1965
f 2027/1827/2027 1962/1760/1962 1965/1762/1965 2025/1826/2025
f 2029/1828/2029 2027/1827/2027 2025/1826/2025 2026/1825/2026
f 2028/1829/2028 2131/1761/2131 1962/1760/1962 2027/1827/2027
f 2030/1830/2030 2028/1829/2028 2027/1827/2027 2029/1828/2029
f 2029/1828/2029 2031/1831/2031 2034/1832/2034 2030/1830/2030
f 2026/1825/2026 2032/1833/2032 2031/1831/2031 2029/1828/2029
f 2032/1833/2032 2125/1834/2125 2033/1835/2033 2031/1831/2031
f 2031/1831/2031 2033/1835/2033 2035/1836/2035 2034/1832/2034
f 2030/1830/2030 2034/1832/2034 2036/1837/2036 2039/1838/2039
f 2034/1832/2034 2035/1836/2035 2037/1839/2037 2036/1837/2036
f 2036/1837/2036 2037/1839/2037 2121/1840/2121 2038/1841/2038
f 2039/1838/2039 2036/1837/2036 2038/1841/2038 2040/1842/2040
f 2041/1843/2041 2028/1829/2028 2030/1830/2030 2039/1838/2039
f 2043/1844/2043 2041/1843/2041 2039/1838/2039 2040/1842/2040
f 2042/1845/2042 2131/1761/2131 2028/1829/2028 2041/1843/2041
f 2044/1846/2044 2042/1845/2042 2041/1843/2041 2043/1844/2043
f 2043/1844/2043 2040/1842/2040 2046/1847/2046 2045/1848/2045
f 2044/1846/2044 2043/1844/2043 2045/1848/2045 2048/1849/2048
f 2045/1848/2045 2046/1847/2046 2102/1850/2102 2047/1851/2047
f 2048/1849/2048 2045/1848/2045 2047/1851/2047 2049/1852/2049
f 2048/1849/2048 2049/1852/2049 2051/1853/2051 2050/1854/2050
f 2044/1846/2044 2048/1849/2048 2050/1854/2050 2052/1855/2052
f 2050/1854/2050 2051/1853/2051 1947/1742/1947 1950/1745/1950
f 2052/1855/2052 2050/1854/2050 1950/1745/1950 1953/1748/1953
f 2053/1856/2053 2052/1855/2052 1953/1748/1953 1956/1751/1956
f 2042/1845/2042 2044/1846/2044 2052/1855/2052 2053/1856/2053
f 2131/1761/2131 2042/1845/2042 2053/1856/2053 1963/1759/1963
f 1963/1759/1963 2053/1856/2053 1956/1751/1956 1960/1754/1960
f 2051/1853/2051 2054/1857/2054 1944/1739/1944 1947/1742/1947
f 2049/1852/2049 2055/1858/2055 2054/1857/2054 2051/1853/2051
f 2055/1858/2055 2057/1859/2057 2056/1860/2056 2054/1857/2054
f 2054/1857/2054 2056/1860/2056 1942/1738/1942 1944/1739/1944
f 2056/1860/2056 2058/1861/2058 1939/1736/1939 1942/1738/1942
f 2057/1859/2057 2059/1862/2059 2058/1861/2058 2056/1860/2056
f 2059/1862/2059 2062/1863/2062 2060/1864/2060 2058/1861/2058
f 2058/1861/2058 2060/1864/2060 2061/1737/2061 1939/1736/1939
f 2063/1865/2063 1940/1734/1940 2061/1737/2061 2060/1864/2060
f 2065/1866/2065 2063/1865/2063 2060/1864/2060 2062/1863/2062
f 2064/1867/2064 1936/1730/1936 1940/1734/1940 2063/1865/2063
f 2066/1868/2066 2064/1867/2064 2063/1865/2063 2065/1866/2065
f 2065/1866/2065 2067/1869/2067 2070/1870/2070 2066/1868/2066
f 2062/1863/2062 2068/1871/2068 2067/1869/2067 2065/1866/2065
f 2068/1871/2068 2096/1872/2096 2069/1873/2069 2067/1869/2067
f 2067/1869/2067 2069/1873/2069 2071/1874/2071 2070/1870/2070
f 2070/1870/2070 2071/1874/2071 2073/1875/2073 2072/1876/2072
f 2066/1868/2066 2070/1870/2070 2072/1876/2072 2074/1877/2074
f 2072/1876/2072 2073/1875/2073 1996/1793/1996 1994/1792/1994
f 2074/1877/2074 2072/1876/2072 1994/1792/1994 2075/1794/2075
f 1929/1725/1929 2076/1724/2076 2074/1877/2074 2075/1794/2075
f 2076/1724/2076 2064/1867/2064 2066/1868/2066 2074/1877/2074
f 1928/1720/1928 1936/1730/1936 2064/1867/2064 2076/1724/2076
f 2075/1794/2075 1989/1785/1989 1932/1726/1932 1929/1725/1929
f 2073/1875/2073 2077/1878/2077 1998/1797/1998 1996/1793/1996
f 2071/1874/2071 2078/1879/2078 2077/1878/2077 2073/1875/2073
f 2078/1879/2078 2081/1880/2081 2079/1881/2079 2077/1878/2077
f 2077/1878/2077 2079/1881/2079 2080/1798/2080 1998/1797/1998
f 2082/1882/2082 1999/1799/1999 2080/1798/2080 2079/1881/2079
f 2084/1883/2084 2082/1882/2082 2079/1881/2079 2081/1880/2081
f 2083/1884/2083 2001/1800/2001 1999/1799/1999 2082/1882/2082
f 2085/1885/2085 2083/1884/2083 2082/1882/2082 2084/1883/2084
f 2087/1886/2087 2085/1885/2085 2084/1883/2084 2086/1887/2086
f 2086/1887/2086 2084/1883/2084 2081/1880/2081 2088/1888/2088
f 2091/1889/2091 2087/1886/2087 2086/1887/2086 2089/1890/2089
f 2089/1890/2089 2086/1887/2086 2088/1888/2088 2090/1891/2090
f 2092/1892/2092 2089/1890/2089 2090/1891/2090 2094/1893/2094
f 2093/1894/2093 2091/1889/2091 2089/1890/2089 2092/1892/2092
f 2097/1895/2097 2093/1894/2093 2092/1892/2092 2095/1896/2095
f 2095/1896/2095 2092/1892/2092 2094/1893/2094 2096/1872/2096
f 2098/1897/2098 2095/1896/2095 2096/1872/2096 2068/1871/2068
f 2099/1898/2099 2097/1895/2097 2095/1896/2095 2098/1897/2098
f 2057/1859/2057 2099/1898/2099 2098/1897/2098 2059/1862/2059
f 2059/1862/2059 2098/1897/2098 2068/1871/2068 2062/1863/2062
f 2100/1899/2100 2101/1900/2101 2097/1895/2097 2099/1898/2099
f 2055/1858/2055 2100/1899/2100 2099/1898/2099 2057/1859/2057
f 2047/1851/2047 2102/1850/2102 2101/1900/2101 2100/1899/2100
f 2049/1852/2049 2047/1851/2047 2100/1899/2100 2055/1858/2055
f 2101/1900/2101 2103/1901/2103 2093/1894/2093 2097/1895/2097
f 2102/1850/2102 2104/1902/2104 2103/1901/2103 2101/1900/2101
f 2104/1902/2104 2106/1903/2106 2105/1904/2105 2103/1901/2103
f 2103/1901/2103 2105/1904/2105 2091/1889/2091 2093/1894/2093
f 2105/1904/2105 2107/1905/2107 2087/1886/2087 2091/1889/2091
f 2106/1903/2106 2108/1906/2108 2107/1905/2107 2105/1904/2105
f 2108/1906/2108 2110/1907/2110 2109/1908/2109 2107/1905/2107
f 2107/1905/2107 2109/1908/2109 2085/1885/2085 2087/1886/2087
f 2110/1907/2110 2112/1909/2112 2111/1910/2111 2109/1908/2109
f 2109/1908/2109 2111/1910/2111 2083/1884/2083 2085/1885/2085
f 2112/1909/2112 2113/1803/2113 2003/1802/2003 2111/1910/2111
f 2111/1910/2111 2003/1802/2003 2001/1800/2001 2083/1884/2083
f 2116/1911/2116 2114/1912/2114 2112/1909/2112 2110/1907/2110
f 2114/1912/2114 2012/1813/2012 2113/1803/2113 2112/1909/2112
f 2115/1913/2115 2014/1814/2014 2012/1813/2012 2114/1912/2114
f 2117/1914/2117 2115/1913/2115 2114/1912/2114 2116/1911/2116
f 2119/1915/2119 2117/1914/2117 2116/1911/2116 2118/1916/2118
f 2118/1916/2118 2116/1911/2116 2110/1907/2110 2108/1906/2108
f 2121/1840/2121 2119/1915/2119 2118/1916/2118 2120/1917/2120
f 2120/1917/2120 2118/1916/2118 2108/1906/2108 2106/1903/2106
f 2122/1918/2122 2120/1917/2120 2106/1903/2106 2104/1902/2104
f 2038/1841/2038 2121/1840/2121 2120/1917/2120 2122/1918/2122
f 2040/1842/2040 2038/1841/2038 2122/1918/2122 2046/1847/2046
f 2046/1847/2046 2122/1918/2122 2104/1902/2104 2102/1850/2102
f 2037/1839/2037 2123/1919/2123 2119/1915/2119 2121/1840/2121
f 2123/1919/2123 2124/1920/2124 2117/1914/2117 2119/1915/2119
f 2033/1835/2033 2125/1834/2125 2124/1920/2124 2123/1919/2123
f 2035/1836/2035 2033/1835/2033 2123/1919/2123 2037/1839/2037
f 2125/1834/2125 2127/1921/2127 2126/1922/2126 2124/1920/2124
f 2124/1920/2124 2126/1922/2126 2115/1913/2115 2117/1914/2117
f 2127/1921/2127 2128/1818/2128 2016/1817/2016 2126/1922/2126
f 2126/1922/2126 2016/1817/2016 2014/1814/2014 2115/1913/2115
f 2129/1923/2129 2127/1921/2127 2125/1834/2125 2032/1833/2032
f 2017/1819/2017 2128/1818/2128 2127/1921/2127 2129/1923/2129
f 2019/1820/2019 2017/1819/2017 2129/1923/2129 2024/1823/2024
f 2024/1823/2024 2129/1923/2129 2032/1833/2032 2026/1825/2026
f 2096/1872/2096 2094/1893/2094 2130/1924/2130 2069/1873/2069
f 2094/1893/2094 2090/1891/2090 2088/1888/2088 2130/1924/2130
f 2130/1924/2130 2088/1888/2088 2081/1880/2081 2078/1879/2078
f 2069/1873/2069 2130/1924/2130 2078/1879/2078 2071/1874/2071
f 1979/1777/1979 2010/1808/2010 2021/1812/2021 1977/1772/1977
f 1983/1778/1983 2007/1806/2007 2010/1808/2010 1979/1777/1979
f 1985/1783/1985 1992/1788/1992 2007/1806/2007 1983/1778/1983
f 1934/1728/1934 1931/1727/1931 1986/1782/1986 2132/1925/2132
f 2132/1925/2132 1986/1782/1986 1982/1780/1982 2133/1926/2133
f 1937/1732/1937 1934/1728/1934 2132/1925/2132 1945/1741/1945
f 1945/1741/1945 2132/1925/2132 2133/1926/2133 1948/1744/1948
f 1948/1744/1948 2133/1926/2133 2134/1927/2134 1951/1747/1951
f 2133/1926/2133 1982/1780/1982 1980/1776/1980 2134/1927/2134
f 2134/1927/2134 1980/1776/1980 1976/1774/1976 2135/1928/2135
f 1951/1747/1951 2134/1927/2134 2135/1928/2135 1954/1750/1954
f 1954/1750/1954 2135/1928/2135 2136/1929/2136 1957/1753/1957
f 2135/1928/2135 1976/1774/1976 1974/1770/1974 2136/1929/2136
f 2136/1929/2136 1974/1770/1974 1970/1768/1970 1968/1764/1968
f 1957/1753/1957 2136/1929/2136 1968/1764/1968 1959/1756/1959
o RetopoModel.007
v 0.628074 -0.042952 1.179256
v 0.617555 -0.025141 1.164657
v 0.628799 -0.072223 1.190950
v 0.642995 -0.056608 1.180974
v 0.645606 -0.039468 1.157137
v 0.630241 -0.050065 1.198146
v 0.616004 -0.024282 1.196992
v 0.602338 -0.014137 1.216631
v 0.604857 -0.014559 1.184305
v 0.624481 -0.032516 1.209745
v 0.637583 -0.046224 1.229761
v 0.612839 -0.021747 1.228196
v 0.628757 -0.034939 1.246950
v 0.595072 -0.018919 1.249003
v 0.612699 -0.032205 1.266013
v 0.574996 -0.028067 1.265065
v 0.583920 -0.011487 1.238051
v 0.563606 -0.020543 1.255148
v 0.571948 -0.003853 1.226414
v 0.551860 -0.012631 1.244416
v 0.560337 0.003338 1.215224
v 0.590312 -0.005948 1.204717
v 0.578500 0.001714 1.193512
v 0.593650 -0.005673 1.172946
v 0.566021 0.009553 1.182225
v 0.531681 0.030489 1.152978
v 0.547576 0.010791 1.203797
v 0.581871 0.002856 1.161564
v 0.549447 0.025056 1.131476
v 0.596496 -0.005527 1.141542
v 0.565847 0.017246 1.110101
v 0.607335 -0.014873 1.153154
v 0.611704 -0.012450 1.121397
v 0.581429 0.008649 1.088417
v 0.626482 -0.021465 1.100823
v 0.622944 -0.020702 1.133506
v 0.638113 -0.028869 1.113252
v 0.633844 -0.029430 1.145279
v 0.649498 -0.036312 1.125032
v 0.661402 -0.044439 1.137109
v 0.662768 -0.050446 1.104139
v 0.651309 -0.043333 1.092743
v 0.668573 -0.072507 1.087279
v 0.674596 -0.058005 1.115969
v 0.679437 -0.079967 1.099198
v 0.685605 -0.065364 1.127113
v 0.672662 -0.052437 1.147653
v 0.689593 -0.086858 1.110777
v 0.702230 -0.078137 1.145472
v 0.705430 -0.097884 1.130442
v 0.690246 -0.066485 1.164163
v 0.724571 -0.103118 1.177363
v 0.715870 -0.094175 1.191589
v 0.727171 -0.117771 1.165807
v 0.743340 -0.129680 1.209317
v 0.744799 -0.138451 1.202198
v 0.738299 -0.124254 1.218145
v 0.750093 -0.146093 1.227126
v 0.747352 -0.143426 1.231921
v 0.750749 -0.150589 1.223051
v 0.749862 -0.153759 1.233326
v 0.750596 -0.154825 1.230095
v 0.748236 -0.152396 1.236352
v 0.748967 -0.157801 1.234893
v 0.748086 -0.160690 1.235107
v 0.747434 -0.156882 1.237639
v 0.750019 -0.158020 1.230330
v 0.748970 -0.161253 1.230156
v 0.749840 -0.155883 1.220880
v 0.747905 -0.161039 1.220262
v 0.742902 -0.148256 1.198366
v 0.739342 -0.157658 1.197341
v 0.724199 -0.133781 1.159959
v 0.718502 -0.148949 1.158488
v 0.701316 -0.118807 1.123283
v 0.693734 -0.138375 1.121470
v 0.685412 -0.109705 1.103112
v 0.676930 -0.131107 1.100934
v 0.675526 -0.103956 1.091282
v 0.666745 -0.126611 1.089110
v 0.665172 -0.097685 1.079126
v 0.655039 -0.091574 1.067387
v 0.656693 -0.121961 1.077558
v 0.646570 -0.117315 1.066085
v 0.644304 -0.144113 1.081457
v 0.627987 -0.162488 1.091527
v 0.653599 -0.147259 1.091346
v 0.634273 -0.140731 1.070881
v 0.617933 -0.159638 1.082061
v 0.619581 -0.135688 1.055575
v 0.600983 -0.154187 1.065880
v 0.633990 -0.111853 1.052121
v 0.585144 -0.122257 1.019275
v 0.565400 -0.141259 1.030032
v 0.600872 -0.097418 1.015855
v 0.521733 -0.096018 0.952578
v 0.504659 -0.117495 0.967749
v 0.535192 -0.068471 0.945365
v 0.455606 -0.067923 0.884659
v 0.440426 -0.091402 0.902666
v 0.467313 -0.038438 0.874864
v 0.414046 -0.050002 0.843764
v 0.395337 -0.072615 0.858486
v 0.428844 -0.021356 0.836883
v 0.389525 -0.039057 0.821131
v 0.366392 -0.059718 0.831538
v 0.408443 -0.012201 0.818064
v 0.367962 -0.028611 0.802947
v 0.344947 -0.048527 0.813070
v 0.387037 -0.002496 0.800121
v 0.346613 -0.017102 0.788436
v 0.363136 0.008267 0.784427
v 0.326635 -0.037064 0.799427
v 0.325858 -0.004723 0.779980
v 0.339606 0.018687 0.775565
v 0.305551 0.005964 0.781198
v 0.309440 -0.023459 0.790319
v 0.297942 -0.010837 0.788229
v 0.290567 -0.034839 0.806225
v 0.282164 -0.013994 0.798804
v 0.270224 -0.040173 0.826807
v 0.305529 -0.049836 0.816630
v 0.283628 -0.055882 0.838449
v 0.321592 -0.061047 0.829629
v 0.342646 -0.072551 0.848376
v 0.298227 -0.067042 0.851298
v 0.318944 -0.078720 0.870323
v 0.274474 -0.066604 0.877460
v 0.295074 -0.078408 0.896871
v 0.260802 -0.055317 0.864194
v 0.251844 -0.059207 0.906008
v 0.238784 -0.047997 0.892037
v 0.272360 -0.070999 0.925740
v 0.232300 -0.044967 0.934241
v 0.219670 -0.034215 0.919573
v 0.217559 -0.025657 0.959906
v 0.252561 -0.056598 0.954109
v 0.237565 -0.036971 0.979888
v 0.288149 -0.070897 0.985026
v 0.307840 -0.084863 0.957375
v 0.272329 -0.051657 1.009906
v 0.342142 -0.089160 1.029462
v 0.325730 -0.071502 1.052947
v 0.361086 -0.101967 1.003440
v 0.411835 -0.111027 1.085393
v 0.429306 -0.122007 1.061746
v 0.395886 -0.096214 1.107537
v 0.476250 -0.129375 1.136094
v 0.461043 -0.117859 1.157214
v 0.492245 -0.138344 1.114719
v 0.515338 -0.139148 1.166524
v 0.530745 -0.146267 1.146333
v 0.500299 -0.130132 1.187181
v 0.534818 -0.143011 1.181508
v 0.519542 -0.135674 1.202080
v 0.550267 -0.148376 1.161637
v 0.545840 -0.144956 1.190086
v 0.561450 -0.149028 1.170192
v 0.530308 -0.138467 1.210496
v 0.554856 -0.146071 1.198022
v 0.575824 -0.146938 1.180072
v 0.538919 -0.140750 1.217877
v 0.566405 -0.147051 1.210207
v 0.584474 -0.142220 1.197993
v 0.551112 -0.143467 1.228888
v 0.588017 -0.147871 1.231597
v 0.574024 -0.147197 1.249138
v 0.602311 -0.139403 1.220330
v 0.622756 -0.148228 1.265654
v 0.634063 -0.141410 1.256045
v 0.611672 -0.147427 1.279287
v 0.655855 -0.144803 1.298396
v 0.648579 -0.143767 1.306862
v 0.663387 -0.140822 1.291752
v 0.673172 -0.138524 1.315619
v 0.677121 -0.136443 1.311656
v 0.669234 -0.137851 1.320202
v 0.679182 -0.133279 1.320829
v 0.677136 -0.132806 1.323793
v 0.680419 -0.133283 1.317830
v 0.681814 -0.130039 1.321891
v 0.680278 -0.129377 1.324648
v 0.683497 -0.127558 1.321922
v 0.682471 -0.130838 1.317752
v 0.684277 -0.128061 1.317388
v 0.680557 -0.132472 1.309489
v 0.683305 -0.127855 1.308689
v 0.669714 -0.133205 1.288538
v 0.674820 -0.124458 1.287550
v 0.644727 -0.129802 1.252120
v 0.653646 -0.115514 1.251165
v 0.617297 -0.124893 1.216724
v 0.630378 -0.105578 1.216334
v 0.603733 -0.124860 1.196177
v 0.618895 -0.100806 1.197877
v 0.601770 -0.128306 1.192243
v 0.618548 -0.100974 1.194290
v 0.607050 -0.126562 1.191712
v 0.596112 -0.148191 1.182324
v 0.621865 -0.102330 1.193878
v 0.629771 -0.131292 1.199930
v 0.622846 -0.149938 1.192683
v 0.640448 -0.110743 1.202777
v 0.668715 -0.142107 1.219825
v 0.664548 -0.157049 1.215001
v 0.675764 -0.126862 1.221386
v 0.708201 -0.152950 1.236722
v 0.706260 -0.162817 1.234030
v 0.712040 -0.143553 1.237439
v 0.730579 -0.158135 1.242142
v 0.729949 -0.163545 1.240530
v 0.732380 -0.153031 1.242617
v 0.739027 -0.159853 1.241607
v 0.737562 -0.162598 1.240895
v 0.740266 -0.156784 1.242006
v 0.742687 -0.161269 1.239934
v 0.739757 -0.164355 1.239275
v 0.744131 -0.158665 1.240288
v 0.744784 -0.162470 1.237800
v 0.741793 -0.165976 1.236741
v 0.746468 -0.159837 1.238064
v 0.746401 -0.163203 1.235049
v 0.747131 -0.164094 1.230509
v 0.743799 -0.166500 1.233692
v 0.745019 -0.166563 1.230440
v 0.737892 -0.171851 1.227881
v 0.741675 -0.169680 1.223619
v 0.720517 -0.177874 1.210728
v 0.734203 -0.171181 1.232731
v 0.713326 -0.176984 1.219689
v 0.731343 -0.168367 1.237300
v 0.708114 -0.171613 1.228037
v 0.666731 -0.170788 1.206449
v 0.675056 -0.179945 1.193950
v 0.624885 -0.166784 1.181960
v 0.635570 -0.178772 1.166275
v 0.598873 -0.163707 1.166494
v 0.611073 -0.174228 1.148158
v 0.584493 -0.161275 1.158119
v 0.598076 -0.171098 1.138231
v 0.574765 -0.159794 1.151144
v 0.589364 -0.168764 1.130986
v 0.564048 -0.158006 1.142153
v 0.579162 -0.166261 1.121810
v 0.545406 -0.154573 1.126041
v 0.561237 -0.161395 1.105137
v 0.508354 -0.145845 1.092870
v 0.525366 -0.150858 1.070613
v 0.447558 -0.129354 1.037296
v 0.466307 -0.132341 1.012725
v 0.381512 -0.109357 0.976456
v 0.402221 -0.110744 0.949962
v 0.329818 -0.092274 0.928925
v 0.352483 -0.092778 0.901989
v 0.374471 -0.086460 0.878402
v 0.422161 -0.105272 0.925138
v 0.485560 -0.129230 0.988851
v 0.544574 -0.150544 1.048508
v 0.580266 -0.162717 1.083830
v 0.597978 -0.168347 1.100507
v 0.608016 -0.171302 1.109596
v 0.616512 -0.173715 1.116949
v 0.636635 -0.164769 1.099658
v 0.628945 -0.177025 1.127515
v 0.651837 -0.181585 1.147360
v 0.648288 -0.167673 1.110734
v 0.669043 -0.172371 1.131655
v 0.664375 -0.150672 1.102884
v 0.682914 -0.156365 1.123825
v 0.710351 -0.162854 1.160736
v 0.699931 -0.174990 1.167352
v 0.734353 -0.166307 1.198894
v 0.728063 -0.173793 1.203232
v 0.745155 -0.165762 1.221172
v 0.687182 -0.181696 1.179511
v 0.745220 -0.155919 1.239777
v 0.741843 -0.153905 1.241427
v 0.745731 -0.151734 1.238902
v 0.743017 -0.151074 1.240549
v 0.743457 -0.142786 1.236549
v 0.738916 -0.144611 1.239964
v 0.731034 -0.123221 1.226620
v 0.723193 -0.127068 1.232979
v 0.703803 -0.092942 1.204301
v 0.691983 -0.099510 1.213413
v 0.674522 -0.065175 1.180028
v 0.660357 -0.073598 1.191195
v 0.656989 -0.049193 1.165978
v 0.650132 -0.090011 1.199115
v 0.632811 -0.077025 1.190432
v 0.683130 -0.111895 1.218990
v 0.716857 -0.134681 1.236178
v 0.735173 -0.148437 1.241850
v 0.628148 -0.074633 1.196710
v 0.637476 -0.083518 1.216154
v 0.639595 -0.062946 1.219150
v 0.659118 -0.099576 1.251320
v 0.661462 -0.083852 1.254504
v 0.678360 -0.114931 1.288008
v 0.680315 -0.105071 1.290707
v 0.685143 -0.122771 1.309208
v 0.686077 -0.117504 1.311103
v 0.685282 -0.124889 1.317578
v 0.685868 -0.121755 1.317492
v 0.684347 -0.124689 1.321734
v 0.685156 -0.120658 1.320459
v 0.682929 -0.123789 1.324487
v 0.683578 -0.119225 1.323404
v 0.681977 -0.126751 1.324892
v 0.680754 -0.122806 1.326731
v 0.677054 -0.120588 1.328566
v 0.681044 -0.118454 1.325980
v 0.679670 -0.125591 1.327219
v 0.675457 -0.123540 1.329131
v 0.678191 -0.128210 1.326884
v 0.674993 -0.131201 1.326329
v 0.674175 -0.126666 1.328734
v 0.672552 -0.129386 1.328006
v 0.664753 -0.124515 1.329421
v 0.666494 -0.119273 1.329870
v 0.664372 -0.130021 1.327698
v 0.641291 -0.118564 1.324189
v 0.640391 -0.128815 1.321271
v 0.644562 -0.109033 1.324950
v 0.600642 -0.106571 1.308444
v 0.606164 -0.091317 1.309736
v 0.598741 -0.123077 1.303590
v 0.560897 -0.093767 1.288104
v 0.557560 -0.115178 1.281750
v 0.568621 -0.074189 1.289917
v 0.537979 -0.085828 1.273059
v 0.547189 -0.064548 1.275611
v 0.533553 -0.108811 1.265208
v 0.525247 -0.081412 1.264153
v 0.520750 -0.105317 1.255681
v 0.534776 -0.058908 1.266788
v 0.514389 -0.077464 1.256370
v 0.502749 -0.073256 1.247958
v 0.522698 -0.053219 1.257964
v 0.511367 -0.102660 1.248539
v 0.500514 -0.099400 1.240148
v 0.517261 -0.124742 1.231787
v 0.506778 -0.121559 1.223295
v 0.525864 -0.127210 1.238994
v 0.538358 -0.130553 1.249477
v 0.562218 -0.135608 1.268020
v 0.602689 -0.138350 1.293269
v 0.642952 -0.138081 1.315158
v 0.666055 -0.134997 1.324600
v 0.487861 -0.115311 1.208240
v 0.448516 -0.101264 1.177837
v 0.482239 -0.093269 1.225752
v 0.442723 -0.078323 1.195199
v 0.485893 -0.067103 1.235566
v 0.446551 -0.051156 1.205872
v 0.495861 -0.040990 1.238093
v 0.510664 -0.047592 1.249064
v 0.457343 -0.023785 1.209096
v 0.509867 -0.016809 1.233978
v 0.527674 0.002122 1.222502
v 0.523352 -0.024015 1.244685
v 0.472354 0.001369 1.204918
v 0.491050 0.020882 1.193124
v 0.396761 0.037045 1.145562
v 0.416427 0.057572 1.133358
v 0.382317 0.009957 1.151190
v 0.320915 0.072221 1.084245
v 0.341269 0.093509 1.071985
v 0.306874 0.043871 1.090873
v 0.281573 0.090228 1.050799
v 0.302467 0.111649 1.038924
v 0.265867 0.062255 1.056309
v 0.262998 0.098703 1.033849
v 0.284355 0.119993 1.022344
v 0.245310 0.071490 1.037699
v 0.243079 0.107223 1.014323
v 0.264346 0.128286 1.003151
v 0.225352 0.080451 1.017807
v 0.223051 0.114224 0.991123
v 0.206843 0.088449 0.994853
v 0.243255 0.134543 0.980502
v 0.208902 0.116678 0.967698
v 0.194331 0.093216 0.971158
v 0.204773 0.115471 0.944529
v 0.226917 0.135120 0.958664
v 0.218748 0.130063 0.943034
v 0.246099 0.146178 0.943254
v 0.265512 0.147282 0.964335
v 0.229012 0.134883 0.927855
v 0.266587 0.151181 0.923052
v 0.288697 0.153303 0.943374
v 0.245664 0.137250 0.907610
v 0.288476 0.149878 0.898714
v 0.312388 0.152765 0.917825
v 0.265181 0.135061 0.884257
v 0.309686 0.142556 0.872089
v 0.284860 0.127874 0.859245
v 0.334876 0.145358 0.889731
v 0.328018 0.129592 0.845476
v 0.302271 0.116033 0.834321
v 0.342103 0.112440 0.821381
v 0.354075 0.131379 0.861699
v 0.368334 0.112447 0.836154
v 0.379351 0.125028 0.881866
v 0.359909 0.139320 0.910625
v 0.393564 0.105646 0.855369
v 0.400427 0.116213 0.900744
v 0.414504 0.096987 0.873823
v 0.381058 0.130429 0.929721
v 0.418072 0.107328 0.917607
v 0.398861 0.121258 0.946439
v 0.432123 0.088499 0.890646
v 0.452983 0.087847 0.952970
v 0.467116 0.070315 0.926766
v 0.434408 0.100851 0.980618
v 0.518264 0.049009 1.021023
v 0.501208 0.059997 1.045800
v 0.532462 0.034414 0.996866
v 0.595851 -0.002431 1.066583
v 0.542835 0.015110 0.974732
v 0.476143 0.048663 0.903924
v 0.547395 -0.009618 0.957027
v 0.607720 -0.018869 1.045416
v 0.613579 -0.041978 1.028156
v 0.639328 -0.036279 1.080265
v 0.645850 -0.058505 1.063394
v 0.657731 -0.065437 1.075995
v 0.643353 -0.085290 1.054258
v 0.610856 -0.069685 1.018445
v 0.544353 -0.038673 0.946850
v 0.475879 -0.007279 0.875608
v 0.479367 0.022662 0.886055
v 0.438846 0.009544 0.839054
v 0.420336 0.017985 0.822014
v 0.442903 0.039602 0.849846
v 0.424837 0.047922 0.833205
v 0.440426 0.065949 0.867675
v 0.422614 0.074246 0.851005
v 0.401708 0.082899 0.832948
v 0.376566 0.090309 0.814817
v 0.403802 0.056742 0.815392
v 0.378685 0.065064 0.798165
v 0.399118 0.027172 0.804238
v 0.374138 0.036713 0.787706
v 0.349501 0.044549 0.778402
v 0.354045 0.069901 0.787505
v 0.327371 0.052576 0.779469
v 0.316668 0.028767 0.776681
v 0.335817 0.070004 0.785417
v 0.309700 0.064292 0.789659
v 0.295551 0.038085 0.787771
v 0.327728 0.084240 0.794949
v 0.294193 0.077462 0.806597
v 0.276487 0.046972 0.805356
v 0.316618 0.100849 0.812080
v 0.278140 0.090032 0.828022
v 0.260882 0.100649 0.851809
v 0.258442 0.056237 0.826798
v 0.240746 0.065527 0.850236
v 0.245561 0.019629 0.830787
v 0.227086 0.027599 0.854542
v 0.242289 -0.014273 0.839656
v 0.265015 0.014258 0.809161
v 0.262566 -0.016355 0.816889
v 0.285091 0.011050 0.791805
v 0.222767 -0.007159 0.864579
v 0.248913 -0.039248 0.851488
v 0.228122 -0.032127 0.878070
v 0.209748 -0.019156 0.904218
v 0.205404 0.004650 0.889317
v 0.195287 -0.001729 0.927700
v 0.204926 -0.015507 0.944409
v 0.191871 0.019913 0.912070
v 0.186164 0.018723 0.946789
v 0.195503 0.006609 0.964764
v 0.183681 0.036530 0.931396
v 0.182637 0.041594 0.961042
v 0.180995 0.049159 0.945680
v 0.192086 0.031962 0.980578
v 0.185578 0.067244 0.968847
v 0.196111 0.060109 0.991066
v 0.183106 0.068781 0.946053
v 0.190647 0.093418 0.946350
v 0.186932 0.061408 0.923962
v 0.196175 0.049575 0.901845
v 0.196078 0.089117 0.921697
v 0.207768 0.082226 0.897876
v 0.211421 0.114711 0.921977
v 0.225219 0.112848 0.899461
v 0.242553 0.108289 0.875935
v 0.223319 0.074256 0.874087
v 0.210093 0.037825 0.878539
v 0.212442 0.051174 1.012331
v 0.232420 0.041541 1.032651
v 0.206611 0.022443 0.999319
v 0.226546 0.012026 1.019820
v 0.208762 -0.003162 0.981539
v 0.228701 -0.014094 1.001788
v 0.261478 -0.028492 1.030531
v 0.255960 -0.001111 1.046138
v 0.312798 -0.049166 1.072380
v 0.304141 -0.021485 1.086155
v 0.382758 -0.076490 1.127259
v 0.374880 -0.050915 1.142478
v 0.374734 -0.020604 1.150490
v 0.301518 0.011127 1.092116
v 0.257159 0.030485 1.054991
v 0.350952 0.092386 0.802084
v 0.481818 0.067706 1.070093
v 0.460768 0.071195 1.093392
v 0.412364 0.108685 1.007658
v 0.388519 0.110637 1.032585
v 0.375693 0.129069 0.974664
v 0.350725 0.130258 1.000237
v 0.357723 0.138122 0.958239
v 0.332666 0.138971 0.984006
v 0.336765 0.146875 0.939202
v 0.312074 0.147452 0.965083
v 0.287707 0.141384 0.986434
v 0.307941 0.133076 1.005396
v 0.325998 0.124654 1.021737
v 0.364457 0.105960 1.054293
v 0.438580 0.068595 1.115098
v 0.511820 0.030330 1.174533
v 0.540548 -0.005319 1.233765
v 0.535135 -0.030973 1.254204
v 0.547306 -0.038177 1.263912
v 0.559203 -0.044957 1.273035
v 0.579387 -0.056255 1.287442
v 0.594073 -0.040756 1.280368
v 0.614504 -0.077505 1.307648
v 0.626004 -0.065870 1.302014
v 0.649840 -0.100513 1.323661
v 0.657129 -0.093475 1.320234
v 0.669432 -0.114632 1.329138
v 0.673417 -0.110916 1.327168
v 0.678117 -0.117641 1.327679
v 0.678254 -0.109238 1.323847
v 0.665777 -0.089888 1.313745
v 0.682383 -0.110096 1.319393
v 0.673552 -0.091037 1.305319
v 0.685285 -0.112943 1.314869
v 0.678774 -0.096411 1.296980
v 0.659811 -0.070373 1.263530
v 0.652492 -0.061661 1.276918
v 0.640099 -0.059782 1.291093
vn 0.7325 0.6042 0.3138
vn 0.6217 0.7645 0.1704
vn 0.8142 0.0769 0.5754
vn 0.2409 0.5831 0.7759
vn 0.4835 0.8088 0.3347
vn 0.9580 0.2151 -0.1896
vn 0.7319 0.6814 0.0002
vn 0.5069 0.8536 0.1200
vn 0.6412 0.7663 0.0410
vn 0.7956 0.6001 -0.0836
vn 0.8304 0.5315 -0.1673
vn 0.5522 0.8266 0.1086
vn 0.6128 0.7796 0.1288
vn 0.2463 0.8810 0.4040
vn 0.3006 0.8366 0.4579
vn -0.0905 0.7285 0.6791
vn 0.2315 0.8944 0.3828
vn -0.0953 0.7471 0.6579
vn 0.2259 0.9003 0.3720
vn -0.0897 0.7631 0.6400
vn 0.2193 0.9051 0.3644
vn 0.4707 0.8716 0.1374
vn 0.4400 0.8851 0.1515
vn 0.5675 0.8210 0.0620
vn 0.4088 0.8962 0.1725
vn 0.3590 0.9090 0.2120
vn 0.2040 0.9062 0.3703
vn 0.5213 0.8494 0.0818
vn 0.4707 0.8756 0.1088
vn 0.5427 0.8356 0.0847
vn 0.5199 0.8520 0.0615
vn 0.5683 0.8152 0.1115
vn 0.5373 0.8413 0.0603
vn 0.5519 0.8339 -0.0006
vn 0.5930 0.8017 -0.0754
vn 0.5267 0.8420 0.1170
vn 0.5818 0.8124 -0.0394
vn 0.5157 0.8307 0.2098
vn 0.5756 0.8177 -0.0039
vn 0.5671 0.8227 0.0390
vn 0.7050 0.6545 -0.2731
vn 0.6976 0.6597 -0.2796
vn 0.7835 0.3151 -0.5356
vn 0.7144 0.6466 -0.2674
vn 0.7918 0.2920 -0.5365
vn 0.7337 0.6309 -0.2522
vn 0.5640 0.8206 0.0928
vn 0.8058 0.2686 -0.5277
vn 0.7851 0.5881 -0.1944
vn 0.8494 0.2336 -0.4732
vn 0.5872 0.7928 0.1633
vn 0.8401 0.5291 -0.1196
vn 0.6362 0.7393 0.2206
vn 0.9012 0.1930 -0.3881
vn 0.8900 0.4546 -0.0367
vn 0.9471 0.1429 -0.2875
vn 0.7061 0.6522 0.2760
vn 0.9438 0.3049 0.1274
vn 0.7920 0.4634 0.3975
vn 0.9931 0.0442 -0.1089
vn 0.9461 0.0584 0.3186
vn 0.9941 -0.0597 0.0903
vn 0.8217 0.1779 0.5415
vn 0.9099 -0.1645 0.3809
vn 0.8400 -0.3879 0.3793
vn 0.7805 -0.0676 0.6215
vn 0.9684 -0.2364 0.0789
vn 0.9026 -0.4271 0.0528
vn 0.9522 -0.2086 -0.2232
vn 0.8729 -0.4212 -0.2464
vn 0.8980 -0.1529 -0.4127
vn 0.8061 -0.3950 -0.4406
vn 0.8465 -0.1224 -0.5181
vn 0.7505 -0.3725 -0.5459
vn 0.7933 -0.0965 -0.6011
vn 0.6960 -0.3497 -0.6271
vn 0.7549 -0.0751 -0.6516
vn 0.6576 -0.3330 -0.6758
vn 0.7443 -0.0622 -0.6649
vn 0.6457 -0.3274 -0.6899
vn 0.7408 -0.0481 -0.6700
vn 0.7388 -0.0319 -0.6732
vn 0.6415 -0.3234 -0.6956
vn 0.6385 -0.3201 -0.6999
vn 0.4936 -0.5724 -0.6548
vn 0.2434 -0.8299 -0.5020
vn 0.5017 -0.5705 -0.6502
vn 0.4846 -0.5768 -0.6576
vn 0.2292 -0.8338 -0.5023
vn 0.4727 -0.5839 -0.6600
vn 0.2162 -0.8357 -0.5048
vn 0.6342 -0.3190 -0.7043
vn 0.4625 -0.5880 -0.6636
vn 0.2143 -0.8308 -0.5137
vn 0.6283 -0.3180 -0.7100
vn 0.4525 -0.5870 -0.6713
vn 0.2199 -0.8183 -0.5311
vn 0.6190 -0.3155 -0.7193
vn 0.4398 -0.5819 -0.6841
vn 0.2237 -0.8032 -0.5521
vn 0.6044 -0.3107 -0.7336
vn 0.4203 -0.5729 -0.7037
vn 0.2143 -0.7881 -0.5771
vn 0.5837 -0.3025 -0.7535
vn 0.3889 -0.5570 -0.7338
vn 0.1822 -0.7669 -0.6154
vn 0.5553 -0.2888 -0.7799
vn 0.3299 -0.5238 -0.7853
vn 0.1204 -0.7297 -0.6731
vn 0.4984 -0.2604 -0.8269
vn 0.2129 -0.4564 -0.8639
vn 0.3730 -0.2023 -0.9055
vn 0.0089 -0.6590 -0.7521
vn -0.0068 -0.3193 -0.9476
vn 0.1202 -0.0887 -0.9888
vn -0.3224 -0.1329 -0.9372
vn -0.1827 -0.5129 -0.8388
vn -0.3845 -0.3093 -0.8698
vn -0.3867 -0.6071 -0.6941
vn -0.5545 -0.3111 -0.7719
vn -0.5427 -0.6189 -0.5678
vn -0.2007 -0.7755 -0.5986
vn -0.3753 -0.8096 -0.4512
vn -0.0874 -0.8499 -0.5197
vn -0.0193 -0.8898 -0.4560
vn -0.2615 -0.8933 -0.3655
vn -0.1853 -0.9373 -0.2952
vn -0.4049 -0.8880 -0.2179
vn -0.3227 -0.9360 -0.1405
vn -0.5156 -0.7965 -0.3159
vn -0.5270 -0.8471 -0.0686
vn -0.6304 -0.7550 -0.1805
vn -0.4429 -0.8965 0.0126
vn -0.6286 -0.7733 0.0833
vn -0.7226 -0.6903 -0.0373
vn -0.7095 -0.6635 0.2376
vn -0.5481 -0.8204 0.1630
vn -0.6359 -0.7061 0.3115
vn -0.4887 -0.8482 0.2042
vn -0.3867 -0.9200 0.0634
vn -0.5806 -0.7375 0.3448
vn -0.4538 -0.8669 0.2063
vn -0.5454 -0.7674 0.3370
vn -0.3627 -0.9281 0.0843
vn -0.4202 -0.8876 0.1888
vn -0.3472 -0.9327 0.0975
vn -0.5104 -0.8043 0.3044
vn -0.3757 -0.9125 0.1620
vn -0.4693 -0.8436 0.2610
vn -0.3266 -0.9382 0.1149
vn -0.3172 -0.9387 0.1352
vn -0.2927 -0.9455 0.1428
vn -0.4271 -0.8763 0.2231
vn -0.2599 -0.9593 0.1103
vn -0.3912 -0.8984 0.1999
vn -0.2602 -0.9507 0.1690
vn -0.1894 -0.9774 0.0938
vn -0.1987 -0.9558 0.2166
vn -0.3676 -0.9120 0.1822
vn -0.0922 -0.9932 0.0704
vn -0.0232 -0.9398 0.3409
vn -0.3448 -0.9234 0.1687
vn 0.0075 -0.9999 -0.0114
vn 0.4116 -0.9043 -0.1132
vn -0.2991 -0.9406 0.1609
vn 0.0990 -0.9886 -0.1132
vn -0.2191 -0.9591 0.1792
vn 0.4346 -0.8288 -0.3525
vn 0.1522 -0.9821 -0.1109
vn 0.4378 -0.8105 -0.3891
vn -0.1393 -0.9621 0.2346
vn 0.2190 -0.9757 -0.0009
vn -0.0504 -0.9451 0.3228
vn 0.4972 -0.8204 -0.2824
vn 0.3587 -0.9155 0.1823
vn 0.5984 -0.7970 -0.0820
vn 0.1404 -0.8794 0.4549
vn 0.5595 -0.7510 0.3506
vn 0.3927 -0.7210 0.5709
vn 0.6806 -0.7230 0.1187
vn 0.7177 -0.5828 0.3811
vn 0.5729 -0.5391 0.6174
vn 0.8465 -0.3902 0.3623
vn 0.7987 -0.5956 0.0857
vn 0.9036 -0.4258 0.0473
vn 0.7635 -0.6060 -0.2232
vn 0.8704 -0.4190 -0.2586
vn 0.6820 -0.5937 -0.4270
vn 0.7947 -0.3897 -0.4655
vn 0.6265 -0.5762 -0.5249
vn 0.7418 -0.3680 -0.5607
vn 0.6387 -0.5772 -0.5088
vn 0.7422 -0.3658 -0.5616
vn 0.7464 -0.6254 -0.2273
vn 0.8578 -0.4142 -0.3044
vn 0.4190 -0.7002 0.5780
vn 0.6948 -0.3269 0.6406
vn -0.1465 -0.1673 0.9750
vn -0.2568 -0.5614 0.7867
vn -0.1046 0.0795 0.9913
vn -0.4146 -0.0368 0.9093
vn -0.4330 -0.3837 0.8156
vn -0.3541 0.1966 0.9143
vn -0.4326 -0.0329 0.9010
vn -0.4579 -0.3511 0.8168
vn -0.3541 0.1943 0.9148
vn -0.3333 -0.0728 0.9400
vn -0.3470 -0.3873 0.8542
vn -0.2595 0.1512 0.9538
vn -0.1305 -0.1473 0.9804
vn -0.1284 -0.4242 0.8964
vn -0.0617 0.0592 0.9963
vn 0.1557 -0.2657 0.9514
vn 0.1008 -0.4255 0.8993
vn 0.2154 -0.0728 0.9738
vn 0.3902 -0.4148 0.8220
vn 0.2521 -0.5933 0.7645
vn 0.4831 -0.2038 0.8515
vn 0.5610 -0.5330 0.6333
vn 0.3966 -0.7230 0.5656
vn 0.6924 -0.3095 0.6518
vn 0.7109 -0.5838 0.3923
vn 0.7964 -0.5980 0.0900
vn 0.5612 -0.7539 0.3416
vn 0.6768 -0.7279 0.1101
vn 0.3669 -0.9159 0.1631
vn 0.5928 -0.8009 -0.0838
vn 0.2123 -0.9772 0.0053
vn 0.1539 -0.8864 0.4366
vn -0.0503 -0.9452 0.3227
vn -0.0203 -0.7210 0.6926
vn -0.2497 -0.7353 0.6301
vn -0.3715 -0.7134 0.5941
vn -0.1642 -0.9492 0.2683
vn -0.3943 -0.7355 0.5509
vn -0.2397 -0.9485 0.2070
vn -0.3409 -0.8212 0.4577
vn -0.2775 -0.9516 0.1319
vn -0.3020 -0.8856 0.3528
vn -0.2809 -0.9562 0.0828
vn -0.3102 -0.9155 0.2564
vn -0.2733 -0.9604 0.0553
vn -0.3143 -0.9314 0.1836
vn -0.2615 -0.9649 0.0253
vn -0.3057 -0.9446 0.1198
vn -0.2464 -0.9690 -0.0202
vn -0.2940 -0.9544 0.0520
vn -0.2170 -0.9730 -0.0786
vn -0.2778 -0.9606 -0.0029
vn -0.1803 -0.9736 -0.1399
vn -0.2673 -0.9626 -0.0448
vn -0.1517 -0.9694 -0.1930
vn -0.2751 -0.9578 -0.0833
vn -0.1472 -0.9599 -0.2387
vn 0.0129 -0.9135 -0.4067
vn 0.0089 -0.9297 -0.3682
vn -0.0167 -0.9452 -0.3262
vn -0.0470 -0.9580 -0.2830
vn -0.0666 -0.9658 -0.2505
vn -0.0692 -0.9706 -0.2305
vn -0.0674 -0.9726 -0.2226
vn -0.0608 -0.9733 -0.2216
vn 0.2573 -0.8250 -0.5032
vn -0.0357 -0.9776 -0.2075
vn 0.0332 -0.9881 -0.1505
vn 0.2837 -0.8210 -0.4955
vn 0.3425 -0.8285 -0.4430
vn 0.5182 -0.5702 -0.6374
vn 0.5612 -0.5831 -0.5874
vn 0.6181 -0.6030 -0.5043
vn 0.4117 -0.8379 -0.3584
vn 0.6777 -0.6179 -0.3987
vn 0.4834 -0.8363 -0.2586
vn 0.7588 -0.6164 -0.2105
vn 0.1190 -0.9900 -0.0758
vn 0.5855 0.0005 0.8107
vn 0.3257 0.0944 0.9408
vn 0.6337 0.2174 0.7424
vn 0.4125 0.2348 0.8802
vn 0.5589 0.5049 0.6579
vn 0.2664 0.4103 0.8722
vn 0.4240 0.6881 0.5889
vn 0.0986 0.5537 0.8269
vn 0.3287 0.7658 0.5527
vn -0.0010 0.6141 0.7893
vn 0.3213 0.7927 0.5181
vn 0.0225 0.6135 0.7894
vn 0.4052 0.8003 0.4419
vn -0.2229 0.3910 0.8930
vn 0.0235 0.2809 0.9594
vn -0.2286 0.3977 0.8886
vn -0.1336 0.3487 0.9277
vn 0.0539 0.2417 0.9688
vn 0.9419 -0.1902 -0.2770
vn 0.8342 -0.1514 -0.5303
vn 0.9036 0.1615 -0.3968
vn 0.8306 -0.1457 -0.5375
vn 0.8954 0.1542 -0.4176
vn 0.8817 -0.1721 -0.4393
vn 0.9430 0.1205 -0.3101
vn 0.9477 -0.2168 -0.2344
vn 0.9936 0.0372 -0.1069
vn 0.9690 -0.2356 0.0746
vn 0.9931 -0.0631 0.0984
vn 0.9147 -0.1683 0.3675
vn 0.9441 0.0581 0.3245
vn 0.7945 -0.0748 0.6026
vn 0.8208 0.1783 0.5427
vn 0.7095 -0.3183 0.6287
vn 0.5968 -0.0039 0.8024
vn 0.3290 0.0916 0.9399
vn 0.6293 0.2209 0.7451
vn 0.4964 -0.2117 0.8419
vn 0.2195 -0.0767 0.9726
vn 0.3973 -0.4229 0.8144
vn 0.2439 -0.5911 0.7688
vn 0.1579 -0.2704 0.9497
vn 0.0903 -0.4270 0.8997
vn -0.1245 -0.1632 0.9787
vn -0.0509 0.0527 0.9973
vn -0.1331 -0.4285 0.8937
vn -0.3181 -0.1070 0.9420
vn -0.3363 -0.4158 0.8450
vn -0.2356 0.1394 0.9618
vn -0.4264 -0.0671 0.9020
vn -0.3397 0.1867 0.9218
vn -0.4492 -0.3962 0.8008
vn -0.5125 -0.0323 0.8581
vn -0.5444 -0.3735 0.7511
vn -0.4222 0.2239 0.8784
vn -0.5670 -0.0135 0.8236
vn -0.4727 0.2468 0.8460
vn -0.6084 -0.3633 0.7056
vn -0.5841 -0.0135 0.8116
vn -0.6257 -0.3720 0.6856
vn -0.4873 0.2539 0.8355
vn -0.5915 -0.0157 0.8062
vn -0.5986 -0.0211 0.8008
vn -0.4924 0.2583 0.8311
vn -0.6311 -0.3813 0.6755
vn -0.6377 -0.3891 0.6648
vn -0.5429 -0.7286 0.4176
vn -0.5497 -0.7241 0.4165
vn -0.5399 -0.7275 0.4235
vn -0.5203 -0.7290 0.4448
vn -0.4497 -0.7403 0.4997
vn -0.3550 -0.7469 0.5623
vn -0.2471 -0.7415 0.6238
vn -0.0344 -0.7100 0.7034
vn -0.5647 -0.7103 0.4202
vn -0.5838 -0.6826 0.4396
vn -0.6451 -0.3939 0.6548
vn -0.6519 -0.3864 0.6525
vn -0.6072 -0.0299 0.7940
vn -0.6153 -0.0350 0.7875
vn -0.5012 0.2634 0.8243
vn -0.4962 0.2620 0.8277
vn -0.5079 0.2649 0.8197
vn -0.3404 0.5313 0.7758
vn -0.0838 0.7830 0.6164
vn -0.3416 0.5223 0.7813
vn -0.3446 0.5356 0.7710
vn -0.1001 0.7788 0.6192
vn -0.3548 0.5398 0.7634
vn -0.1269 0.7707 0.6244
vn -0.5184 0.2680 0.8120
vn -0.3717 0.5445 0.7519
vn -0.1572 0.7641 0.6256
vn -0.5344 0.2736 0.7997
vn -0.3942 0.5519 0.7348
vn -0.1865 0.7653 0.6161
vn -0.5564 0.2824 0.7815
vn -0.4212 0.5644 0.7100
vn -0.2156 0.7753 0.5937
vn -0.5848 0.2961 0.7552
vn -0.4721 0.5863 0.6584
vn -0.2680 0.7955 0.5435
vn -0.6364 0.3218 0.7010
vn -0.5707 0.6189 0.5396
vn -0.7297 0.3634 0.5791
vn -0.3706 0.8252 0.4263
vn -0.7117 0.6371 0.2961
vn -0.8531 0.4106 0.3217
vn -0.7885 0.6110 -0.0703
vn -0.5238 0.8284 0.1985
vn -0.6512 0.7559 -0.0667
vn -0.3530 0.9353 0.0247
vn -0.1726 0.9486 0.2654
vn -0.5658 0.7864 -0.2478
vn -0.2375 0.9613 -0.1398
vn -0.0163 0.9948 0.1004
vn -0.4840 0.7837 -0.3893
vn -0.1452 0.9495 -0.2780
vn 0.1079 0.9926 -0.0554
vn -0.4217 0.7651 -0.4867
vn -0.0625 0.9163 -0.3956
vn -0.3707 0.7423 -0.5582
vn 0.2174 0.9549 -0.2024
vn 0.0226 0.8635 -0.5039
vn -0.3183 0.7120 -0.6258
vn 0.1152 0.7803 -0.6147
vn 0.3203 0.8836 -0.3415
vn 0.4140 0.7740 -0.4790
vn 0.4757 0.8492 -0.2293
vn 0.3711 0.9254 -0.0770
vn 0.5611 0.7349 -0.3810
vn 0.5383 0.8247 -0.1734
vn 0.6201 0.7122 -0.3291
vn 0.4356 0.9000 -0.0194
vn 0.5655 0.8129 -0.1395
vn 0.4670 0.8842 0.0100
vn 0.6450 0.7049 -0.2952
vn 0.5736 0.8122 -0.1067
vn 0.6505 0.7150 -0.2562
vn 0.4854 0.8738 0.0276
vn 0.5666 0.8217 -0.0617
vn 0.5005 0.8647 0.0423
vn 0.6376 0.7438 -0.2007
vn 0.6144 0.7779 -0.1318
vn 0.7143 0.5874 -0.3804
vn 0.7163 0.5536 -0.4248
vn 0.7593 0.3161 -0.5688
vn 0.7056 0.6265 -0.3311
vn 0.7669 0.3340 -0.5480
vn 0.6979 0.6529 -0.2945
vn 0.7714 0.3442 -0.5352
vn 0.7757 0.3370 -0.5336
vn 0.7373 -0.0216 -0.6752
vn 0.7331 -0.0173 -0.6799
vn 0.7242 -0.0137 -0.6894
vn 0.7099 -0.0104 -0.7042
vn 0.7476 0.2999 -0.5926
vn 0.6895 -0.0041 -0.7242
vn 0.6625 0.0085 -0.7490
vn 0.7294 0.2954 -0.6170
vn 0.7029 0.3041 -0.6430
vn 0.7054 0.5400 -0.4591
vn 0.6803 0.5456 -0.4893
vn 0.6240 0.5672 -0.5376
vn 0.4883 0.6095 -0.6245
vn 0.6474 0.3258 -0.6890
vn 0.5189 0.3689 -0.7712
vn 0.6068 0.0328 -0.7942
vn 0.4792 0.0803 -0.8740
vn 0.2228 0.1577 -0.9620
vn 0.2669 0.4228 -0.8660
vn -0.1336 0.2749 -0.9521
vn -0.2311 0.0713 -0.9703
vn -0.0340 0.4393 -0.8977
vn -0.3877 0.3963 -0.8323
vn -0.5031 0.1981 -0.8412
vn -0.1525 0.5744 -0.8043
vn -0.4995 0.4683 -0.7288
vn -0.6333 0.2617 -0.7284
vn -0.2487 0.6630 -0.7061
vn -0.5532 0.5000 -0.6663
vn -0.5820 0.5157 -0.6288
vn -0.6850 0.2903 -0.6682
vn -0.7063 0.3027 -0.6399
vn -0.7593 0.0444 -0.6493
vn -0.7899 0.0613 -0.6101
vn -0.7626 -0.2772 -0.5845
vn -0.6994 0.0169 -0.7145
vn -0.6792 -0.3001 -0.6698
vn -0.5749 -0.0218 -0.8179
vn -0.8204 -0.2514 -0.5136
vn -0.6603 -0.5988 -0.4532
vn -0.7520 -0.5621 -0.3443
vn -0.8275 -0.5130 -0.2282
vn -0.8709 -0.2217 -0.4387
vn -0.8934 -0.4391 -0.0957
vn -0.7964 -0.5937 0.1156
vn -0.9240 -0.1745 -0.3402
vn -0.9455 -0.3205 0.0582
vn -0.8530 -0.4409 0.2795
vn -0.9734 -0.0962 -0.2078
vn -0.9693 -0.1094 0.2203
vn -0.9991 0.0060 -0.0423
vn -0.8751 -0.2055 0.4381
vn -0.9385 0.1587 0.3067
vn -0.8341 0.0807 0.5457
vn -0.9776 0.2032 -0.0551
vn -0.9065 0.4178 -0.0610
vn -0.9244 0.1575 -0.3474
vn -0.8645 0.1016 -0.4922
vn -0.8463 0.3742 -0.3791
vn -0.7718 0.3328 -0.5418
vn -0.7320 0.5729 -0.3687
vn -0.6565 0.5489 -0.5174
vn -0.6101 0.5291 -0.5898
vn -0.7277 0.3122 -0.6107
vn -0.8192 0.0751 -0.5686
vn -0.7468 0.0286 0.6644
vn -0.6922 -0.0024 0.7217
vn -0.7905 -0.2624 0.5534
vn -0.7309 -0.2985 0.6138
vn -0.7690 -0.5002 0.3980
vn -0.7028 -0.5391 0.4641
vn -0.6562 -0.5702 0.4942
vn -0.6931 -0.3225 0.6446
vn -0.6293 -0.6023 0.4911
vn -0.6730 -0.3432 0.6552
vn -0.6067 -0.6425 0.4681
vn -0.6610 -0.3664 0.6549
vn -0.6253 -0.0341 0.7797
vn -0.6391 -0.0283 0.7686
vn -0.6601 -0.0186 0.7509
vn 0.2101 0.6464 -0.7335
vn 0.4183 0.8978 0.1380
vn 0.2955 0.9193 0.2600
vn 0.3781 0.9124 0.1565
vn 0.2417 0.9247 0.2942
vn 0.3468 0.9251 0.1549
vn 0.2023 0.9320 0.3008
vn 0.3116 0.9410 0.1318
vn 0.1664 0.9449 0.2818
vn 0.2489 0.9655 0.0760
vn 0.1079 0.9674 0.2292
vn -0.0632 0.9197 0.3875
vn -0.0084 0.8990 0.4380
vn 0.0249 0.8891 0.4570
vn 0.0633 0.8886 0.4543
vn 0.1127 0.8960 0.4294
vn 0.1659 0.9034 0.3954
vn -0.0834 0.7777 0.6231
vn -0.3434 0.5082 0.7898
vn -0.3425 0.4954 0.7983
vn -0.3314 0.4822 0.8110
vn -0.2809 0.4546 0.8452
vn -0.0392 0.6895 0.7232
vn -0.1983 0.4136 0.8886
vn 0.0398 0.6349 0.7716
vn -0.0982 0.3582 0.9285
vn 0.1273 0.5635 0.8163
vn 0.0681 0.2449 0.9671
vn 0.2667 0.4168 0.8690
vn 0.4068 0.2415 0.8810
vn 0.5434 0.5103 0.6666
vn 0.4308 0.6901 0.5815
vn 0.7796 0.4697 0.4142
vn 0.7061 0.6521 0.2759
vn 0.9398 0.3094 0.1450
vn 0.8933 0.4473 -0.0430
vn 0.8543 0.4961 -0.1549
vn 0.6623 0.7259 0.1855
vn 0.3657 0.7725 0.5192
vt 0.092390 0.977042
vt 0.092373 0.974208
vt 0.089149 0.974168
vt 0.089067 0.976558
vt 0.095611 0.976706
vt 0.095564 0.974305
vt 0.090987 0.979003
vt 0.091995 0.979745
vt 0.092498 0.979257
vt 0.093791 0.979069
vt 0.093012 0.979769
vt 0.095915 0.978820
vt 0.088736 0.978650
vt 0.085804 0.976451
vt 0.085700 0.978601
vt 0.085815 0.974113
vt 0.088238 0.981938
vt 0.085496 0.982019
vt 0.090105 0.981990
vt 0.082382 0.978535
vt 0.082468 0.981961
vt 0.082389 0.976391
vt 0.079929 0.978410
vt 0.080247 0.981782
vt 0.079816 0.976337
vt 0.082400 0.974113
vt 0.079741 0.974152
vt 0.082411 0.971919
vt 0.079713 0.972036
vt 0.085794 0.971871
vt 0.089133 0.971908
vt 0.089096 0.969611
vt 0.085729 0.969555
vt 0.082357 0.969595
vt 0.088926 0.963431
vt 0.085401 0.963352
vt 0.082000 0.963362
vt 0.092383 0.971960
vt 0.092401 0.969687
vt 0.092464 0.963517
vt 0.095707 0.969737
vt 0.096021 0.963546
vt 0.095621 0.972040
vt 0.099122 0.969813
vt 0.099622 0.963581
vt 0.098996 0.972139
vt 0.098918 0.974394
vt 0.098874 0.976746
vt 0.102414 0.976844
vt 0.102461 0.974544
vt 0.102510 0.972329
vt 0.105372 0.974704
vt 0.105454 0.972563
vt 0.105243 0.976911
vt 0.098932 0.978914
vt 0.102368 0.979008
vt 0.105076 0.979004
vt 0.099079 0.982363
vt 0.102213 0.982461
vt 0.104669 0.982400
vt 0.101595 0.987966
vt 0.103470 0.987892
vt 0.099245 0.987927
vt 0.099368 0.993183
vt 0.100789 0.993169
vt 0.101922 0.993091
vt 0.100151 0.995769
vt 0.100765 0.995686
vt 0.099393 0.995788
vt 0.099370 0.996541
vt 0.099828 0.996508
vt 0.100233 0.996368
vt 0.100293 0.996452
vt 0.099770 0.996696
vt 0.099364 0.996732
vt 0.099801 0.996740
vt 0.099371 0.996787
vt 0.100362 0.996464
vt 0.101116 0.995636
vt 0.101240 0.995606
vt 0.102745 0.992961
vt 0.102537 0.993001
vt 0.104437 0.987813
vt 0.104749 0.987795
vt 0.106231 0.982350
vt 0.105863 0.982350
vt 0.106384 0.979012
vt 0.106789 0.979007
vt 0.107062 0.977026
vt 0.106636 0.976988
vt 0.106867 0.974874
vt 0.107313 0.975072
vt 0.107079 0.972818
vt 0.107551 0.973118
vt 0.106879 0.975258
vt 0.106683 0.976940
vt 0.107081 0.973453
vt 0.105460 0.975415
vt 0.105357 0.976858
vt 0.105573 0.973730
vt 0.105761 0.970850
vt 0.107355 0.970823
vt 0.107830 0.970729
vt 0.106279 0.964619
vt 0.107980 0.964571
vt 0.108513 0.964484
vt 0.107202 0.953874
vt 0.109057 0.953050
vt 0.109712 0.952233
vt 0.108065 0.921671
vt 0.109993 0.920268
vt 0.110715 0.918885
vt 0.108509 0.913875
vt 0.110399 0.912965
vt 0.111089 0.912014
vt 0.108632 0.908948
vt 0.110483 0.908761
vt 0.111156 0.908476
vt 0.108524 0.905328
vt 0.110364 0.905158
vt 0.111049 0.904904
vt 0.108165 0.902295
vt 0.109874 0.901798
vt 0.110515 0.901266
vt 0.108818 0.898903
vt 0.109364 0.898218
vt 0.107379 0.899569
vt 0.106935 0.896890
vt 0.107312 0.896021
vt 0.106351 0.897848
vt 0.105021 0.900054
vt 0.104407 0.897695
vt 0.105581 0.902773
vt 0.101947 0.900443
vt 0.101498 0.897794
vt 0.102318 0.903164
vt 0.105838 0.905554
vt 0.102491 0.905804
vt 0.105903 0.909151
vt 0.102513 0.909383
vt 0.098499 0.909599
vt 0.098516 0.906012
vt 0.098435 0.903415
vt 0.094121 0.909696
vt 0.094173 0.906104
vt 0.094194 0.903511
vt 0.089814 0.906028
vt 0.089940 0.903441
vt 0.089728 0.909599
vt 0.085791 0.905836
vt 0.086012 0.903216
vt 0.085666 0.909385
vt 0.089700 0.915262
vt 0.085677 0.914948
vt 0.094011 0.915386
vt 0.093834 0.923679
vt 0.089748 0.923538
vt 0.085866 0.923163
vt 0.089875 0.955041
vt 0.086240 0.954742
vt 0.093598 0.955170
vt 0.093372 0.964871
vt 0.090012 0.964769
vt 0.086633 0.964600
vt 0.090073 0.970641
vt 0.086836 0.970554
vt 0.093225 0.970712
vt 0.093143 0.973557
vt 0.090081 0.973527
vt 0.086898 0.973481
vt 0.090066 0.975163
vt 0.086912 0.975116
vt 0.093094 0.975154
vt 0.093021 0.977011
vt 0.089949 0.976553
vt 0.086866 0.976476
vt 0.091713 0.978887
vt 0.089592 0.978470
vt 0.086726 0.978427
vt 0.090656 0.981965
vt 0.089012 0.981928
vt 0.086448 0.982016
vt 0.088065 0.987469
vt 0.086037 0.987496
vt 0.089427 0.987467
vt 0.087923 0.992702
vt 0.086968 0.992685
vt 0.085654 0.992639
vt 0.086193 0.995281
vt 0.085474 0.995250
vt 0.086740 0.995258
vt 0.086233 0.995901
vt 0.085867 0.996017
vt 0.085431 0.996040
vt 0.085800 0.996213
vt 0.085409 0.996259
vt 0.086272 0.995989
vt 0.085802 0.996275
vt 0.085385 0.996333
vt 0.086308 0.996021
vt 0.087005 0.995254
vt 0.087068 0.995269
vt 0.088328 0.992734
vt 0.088394 0.992783
vt 0.090024 0.987650
vt 0.090118 0.987801
vt 0.091393 0.982397
vt 0.091513 0.982718
vt 0.092452 0.979679
vt 0.092327 0.980120
vt 0.092834 0.979356
vt 0.092655 0.979824
vt 0.094184 0.978946
vt 0.093163 0.979696
vt 0.092969 0.980136
vt 0.095033 0.982076
vt 0.094070 0.982465
vt 0.093690 0.982774
vt 0.095956 0.987649
vt 0.095187 0.987795
vt 0.094906 0.987936
vt 0.097152 0.992984
vt 0.096639 0.992988
vt 0.096460 0.993029
vt 0.098154 0.995621
vt 0.097831 0.995599
vt 0.097708 0.995607
vt 0.098598 0.996299
vt 0.098522 0.996384
vt 0.098449 0.996412
vt 0.098971 0.996439
vt 0.098988 0.996640
vt 0.098951 0.996701
vt 0.099417 0.996491
vt 0.099383 0.996711
vt 0.099788 0.996676
vt 0.099868 0.996460
vt 0.100311 0.996430
vt 0.100268 0.996325
vt 0.100231 0.995685
vt 0.100818 0.995622
vt 0.099488 0.995696
vt 0.100928 0.993060
vt 0.102009 0.993011
vt 0.099548 0.993064
vt 0.098746 0.995681
vt 0.098192 0.993028
vt 0.097447 0.987731
vt 0.099541 0.987874
vt 0.096834 0.982125
vt 0.099481 0.982346
vt 0.096458 0.978632
vt 0.099390 0.978725
vt 0.096206 0.976694
vt 0.099344 0.976758
vt 0.096165 0.975297
vt 0.099360 0.975389
vt 0.096237 0.973657
vt 0.099453 0.973746
vt 0.096393 0.970765
vt 0.099649 0.970806
vt 0.096737 0.964882
vt 0.100120 0.964826
vt 0.097320 0.955131
vt 0.100943 0.954917
vt 0.097912 0.923593
vt 0.101769 0.923268
vt 0.098311 0.915285
vt 0.102294 0.914991
vt 0.105720 0.914538
vt 0.105210 0.922662
vt 0.104342 0.954505
vt 0.103461 0.964721
vt 0.102970 0.970844
vt 0.102791 0.973812
vt 0.102715 0.975460
vt 0.102680 0.976828
vt 0.102638 0.978809
vt 0.105201 0.978808
vt 0.102467 0.982436
vt 0.104791 0.982364
vt 0.106441 0.978888
vt 0.105911 0.982322
vt 0.104483 0.987793
vt 0.103580 0.987854
vt 0.102577 0.992961
vt 0.101143 0.995604
vt 0.101799 0.987916
vt 0.098969 0.996659
vt 0.098500 0.996404
vt 0.098926 0.996483
vt 0.098556 0.996338
vt 0.098651 0.995764
vt 0.098081 0.995681
vt 0.098002 0.993137
vt 0.096999 0.993064
vt 0.097119 0.987777
vt 0.095684 0.987684
vt 0.096381 0.982144
vt 0.094660 0.982105
vt 0.093860 0.982493
vt 0.095037 0.987815
vt 0.096558 0.993028
vt 0.097793 0.995630
vt 0.091102 0.982423
vt 0.089005 0.987497
vt 0.089809 0.987669
vt 0.087644 0.992777
vt 0.088187 0.992772
vt 0.086583 0.995315
vt 0.086925 0.995283
vt 0.086136 0.995939
vt 0.086222 0.996008
vt 0.085759 0.996059
vt 0.085754 0.996231
vt 0.085313 0.996087
vt 0.085360 0.996279
vt 0.084963 0.996217
vt 0.084869 0.996025
vt 0.084964 0.996259
vt 0.084453 0.995942
vt 0.084481 0.995861
vt 0.084421 0.995950
vt 0.085011 0.996198
vt 0.084509 0.995921
vt 0.084983 0.995980
vt 0.084588 0.995821
vt 0.083743 0.995050
vt 0.084117 0.995091
vt 0.083589 0.995045
vt 0.082206 0.992335
vt 0.082478 0.992348
vt 0.083135 0.992436
vt 0.080862 0.987134
vt 0.081906 0.987247
vt 0.080430 0.987116
vt 0.079177 0.981667
vt 0.079712 0.981661
vt 0.081018 0.981763
vt 0.079340 0.978250
vt 0.080785 0.978234
vt 0.078752 0.978345
vt 0.078555 0.976380
vt 0.079185 0.976318
vt 0.080723 0.976302
vt 0.080688 0.974873
vt 0.079063 0.974652
vt 0.078378 0.974444
vt 0.078939 0.972865
vt 0.078213 0.972510
vt 0.080652 0.973205
vt 0.083519 0.976395
vt 0.083545 0.975040
vt 0.083543 0.973405
vt 0.083470 0.978357
vt 0.083458 0.981955
vt 0.083773 0.987410
vt 0.084270 0.992551
vt 0.084730 0.995192
vt 0.080589 0.970356
vt 0.083492 0.970461
vt 0.083260 0.964384
vt 0.080328 0.964188
vt 0.078778 0.970262
vt 0.078407 0.964082
vt 0.078026 0.970146
vt 0.077584 0.963973
vt 0.078236 0.969946
vt 0.078393 0.972227
vt 0.077816 0.963748
vt 0.079637 0.969733
vt 0.079273 0.963499
vt 0.078592 0.950912
vt 0.077089 0.951286
vt 0.076850 0.951887
vt 0.078067 0.917335
vt 0.076559 0.917826
vt 0.076313 0.918731
vt 0.077947 0.910737
vt 0.076450 0.911232
vt 0.076190 0.911975
vt 0.078007 0.907580
vt 0.076510 0.908037
vt 0.076248 0.908497
vt 0.078197 0.904080
vt 0.076726 0.904542
vt 0.076475 0.904985
vt 0.078737 0.900352
vt 0.077349 0.900846
vt 0.077119 0.901404
vt 0.078561 0.897838
vt 0.078345 0.898392
vt 0.079751 0.897386
vt 0.080538 0.895803
vt 0.080424 0.896201
vt 0.080937 0.895854
vt 0.081974 0.896947
vt 0.082832 0.895135
vt 0.081155 0.900008
vt 0.084434 0.899744
vt 0.085040 0.896580
vt 0.085751 0.894629
vt 0.088521 0.899537
vt 0.088907 0.896363
vt 0.089376 0.894359
vt 0.093107 0.899441
vt 0.093238 0.896273
vt 0.093408 0.894269
vt 0.097622 0.896306
vt 0.097482 0.894297
vt 0.097754 0.899491
vt 0.101632 0.896473
vt 0.101220 0.894514
vt 0.102009 0.899658
vt 0.097768 0.903446
vt 0.102142 0.903554
vt 0.093009 0.903414
vt 0.092939 0.907122
vt 0.097717 0.907130
vt 0.102121 0.907178
vt 0.097629 0.910390
vt 0.102021 0.910405
vt 0.092887 0.910396
vt 0.092790 0.917118
vt 0.097333 0.917113
vt 0.101607 0.917113
vt 0.096687 0.950877
vt 0.100645 0.950881
vt 0.092618 0.950870
vt 0.103186 0.963705
vt 0.104309 0.950969
vt 0.105331 0.917198
vt 0.107304 0.951201
vt 0.108285 0.917449
vt 0.106176 0.963936
vt 0.102630 0.969985
vt 0.105598 0.970235
vt 0.107312 0.970512
vt 0.107958 0.964242
vt 0.109146 0.951614
vt 0.110142 0.917961
vt 0.108643 0.910752
vt 0.110492 0.911258
vt 0.110546 0.908009
vt 0.108695 0.907547
vt 0.105737 0.910496
vt 0.105813 0.907290
vt 0.108633 0.903995
vt 0.105794 0.903715
vt 0.105529 0.899892
vt 0.108244 0.900216
vt 0.110454 0.904456
vt 0.109964 0.900703
vt 0.108859 0.897660
vt 0.107376 0.897218
vt 0.106926 0.895622
vt 0.106301 0.895681
vt 0.104468 0.894789
vt 0.104292 0.894420
vt 0.104284 0.894980
vt 0.101171 0.894242
vt 0.101104 0.893823
vt 0.097471 0.893575
vt 0.097574 0.894049
vt 0.093613 0.893543
vt 0.093823 0.894035
vt 0.101258 0.895619
vt 0.097740 0.895564
vt 0.094007 0.895593
vt 0.097974 0.897946
vt 0.094136 0.898031
vt 0.104359 0.895924
vt 0.098240 0.900717
vt 0.094191 0.900827
vt 0.090130 0.900753
vt 0.090289 0.897991
vt 0.086385 0.900513
vt 0.086734 0.897880
vt 0.082670 0.902851
vt 0.083239 0.900157
vt 0.083765 0.897816
vt 0.079954 0.902397
vt 0.080761 0.899700
vt 0.081757 0.897991
vt 0.079135 0.899059
vt 0.081028 0.897052
vt 0.078036 0.901920
vt 0.083256 0.894943
vt 0.083626 0.896063
vt 0.086749 0.895719
vt 0.086522 0.894353
vt 0.083124 0.894578
vt 0.086225 0.893938
vt 0.089785 0.893636
vt 0.090087 0.894106
vt 0.090275 0.895616
vt 0.077461 0.905230
vt 0.079529 0.905390
vt 0.077228 0.908776
vt 0.079313 0.908959
vt 0.082188 0.909158
vt 0.082358 0.905601
vt 0.082176 0.914482
vt 0.079260 0.913815
vt 0.082369 0.922518
vt 0.079409 0.921503
vt 0.082798 0.954254
vt 0.079833 0.953563
vt 0.077780 0.952708
vt 0.077297 0.920100
vt 0.077163 0.912912
vt 0.104903 0.896803
vt 0.088303 0.917080
vt 0.088589 0.950797
vt 0.084752 0.950724
vt 0.084190 0.917050
vt 0.088209 0.910387
vt 0.083992 0.910399
vt 0.088227 0.907142
vt 0.084002 0.907200
vt 0.088314 0.903475
vt 0.084118 0.903608
vt 0.080722 0.903788
vt 0.080570 0.907319
vt 0.080535 0.910486
vt 0.080710 0.917107
vt 0.081297 0.950740
vt 0.078543 0.974262
vt 0.078711 0.976356
vt 0.078898 0.978363
vt 0.079310 0.981679
vt 0.080560 0.987146
vt 0.081331 0.987272
vt 0.082301 0.992383
vt 0.082796 0.992506
vt 0.083650 0.995080
vt 0.083938 0.995150
vt 0.084499 0.995270
vt 0.083827 0.992650
vt 0.085232 0.995336
vt 0.085197 0.992749
vt 0.085977 0.995360
vt 0.086573 0.992787
vt 0.087455 0.987507
vt 0.085301 0.987536
vt 0.083034 0.987446
s 1
usemtl Material.002
f 2137/1930/2137 2138/1931/2138 2145/1932/2145 2143/1933/2143
f 2137/1930/2137 2141/1934/2141 2174/1935/2174 2138/1931/2138
f 2142/1936/2142 2430/1937/2430 2139/1938/2139 2137/1930/2137
f 2140/1939/2140 2137/1930/2137 2139/1938/2139 2426/1940/2426
f 2140/1939/2140 2424/1941/2424 2141/1934/2141 2137/1930/2137
f 2142/1936/2142 2137/1930/2137 2143/1933/2143 2146/1942/2146
f 2146/1942/2146 2143/1933/2143 2144/1943/2144 2148/1944/2148
f 2143/1933/2143 2145/1932/2145 2158/1945/2158 2144/1943/2144
f 2147/1946/2147 2146/1942/2146 2148/1944/2148 2149/1947/2149
f 2432/1948/2432 2142/1936/2142 2146/1942/2146 2147/1946/2147
f 2149/1947/2149 2148/1944/2148 2150/1949/2150 2151/1950/2151
f 2148/1944/2148 2144/1943/2144 2153/1951/2153 2150/1949/2150
f 2151/1950/2151 2150/1949/2150 2152/1952/2152 2666/1953/2666
f 2150/1949/2150 2153/1951/2153 2154/1954/2154 2152/1952/2152
f 2144/1943/2144 2158/1945/2158 2155/1955/2155 2153/1951/2153
f 2153/1951/2153 2155/1955/2155 2156/1956/2156 2154/1954/2154
f 2155/1955/2155 2157/1957/2157 2661/1958/2661 2156/1956/2156
f 2158/1945/2158 2159/1959/2159 2157/1957/2157 2155/1955/2155
f 2145/1932/2145 2160/1960/2160 2159/1959/2159 2158/1945/2158
f 2160/1960/2160 2164/1961/2164 2161/1962/2161 2159/1959/2159
f 2159/1959/2159 2161/1962/2161 2163/1963/2163 2157/1957/2157
f 2164/1961/2164 2165/1964/2165 2162/1965/2162 2161/1962/2161
f 2161/1962/2161 2162/1965/2162 2660/1966/2660 2163/1963/2163
f 2168/1967/2168 2166/1968/2166 2164/1961/2164 2160/1960/2160
f 2166/1968/2166 2167/1969/2167 2165/1964/2165 2164/1961/2164
f 2166/1968/2166 2169/1970/2169 2170/1971/2170 2167/1969/2167
f 2168/1967/2168 2172/1972/2172 2169/1970/2169 2166/1968/2166
f 2169/1970/2169 2171/1973/2171 2555/1974/2555 2170/1971/2170
f 2172/1972/2172 2173/1975/2173 2171/1973/2171 2169/1970/2169
f 2174/1935/2174 2175/1976/2175 2173/1975/2173 2172/1972/2172
f 2138/1931/2138 2174/1935/2174 2172/1972/2172 2168/1967/2168
f 2141/1934/2141 2176/1977/2176 2175/1976/2175 2174/1935/2174
f 2176/1977/2176 2180/1978/2180 2177/1979/2177 2175/1976/2175
f 2175/1976/2175 2177/1979/2177 2178/1980/2178 2173/1975/2173
f 2177/1979/2177 2179/1981/2179 2563/1982/2563 2178/1980/2178
f 2180/1978/2180 2181/1983/2181 2179/1981/2179 2177/1979/2177
f 2183/1984/2183 2182/1985/2182 2180/1978/2180 2176/1977/2176
f 2182/1985/2182 2184/1986/2184 2181/1983/2181 2180/1978/2180
f 2187/1987/2187 2185/1988/2185 2182/1985/2182 2183/1984/2183
f 2185/1988/2185 2186/1989/2186 2184/1986/2184 2182/1985/2182
f 2188/1990/2188 2190/1991/2190 2186/1989/2186 2185/1988/2185
f 2189/1992/2189 2188/1990/2188 2185/1988/2185 2187/1987/2187
f 2193/1993/2193 2191/1994/2191 2188/1990/2188 2189/1992/2189
f 2191/1994/2191 2192/1995/2192 2190/1991/2190 2188/1990/2188
f 2194/1996/2194 2196/1997/2196 2192/1995/2192 2191/1994/2191
f 2195/1998/2195 2194/1996/2194 2191/1994/2191 2193/1993/2193
f 2199/1999/2199 2197/2000/2197 2194/1996/2194 2195/1998/2195
f 2197/2000/2197 2198/2001/2198 2196/1997/2196 2194/1996/2194
f 2203/2002/2203 2198/2001/2198 2197/2000/2197 2200/2003/2200
f 2200/2003/2200 2197/2000/2197 2199/1999/2199 2202/2004/2202
f 2201/2005/2201 2200/2003/2200 2202/2004/2202 2357/2006/2357
f 2204/2007/2204 2203/2002/2203 2200/2003/2200 2201/2005/2201
f 2205/2008/2205 2196/1997/2196 2198/2001/2198 2203/2002/2203
f 2206/2009/2206 2205/2008/2205 2203/2002/2203 2204/2007/2204
f 2208/2010/2208 2207/2011/2207 2205/2008/2205 2206/2009/2206
f 2207/2011/2207 2192/1995/2192 2196/1997/2196 2205/2008/2205
f 2209/2012/2209 2190/1991/2190 2192/1995/2192 2207/2011/2207
f 2210/2013/2210 2209/2012/2209 2207/2011/2207 2208/2010/2208
f 2212/2014/2212 2211/2015/2211 2209/2012/2209 2210/2013/2210
f 2211/2015/2211 2186/1989/2186 2190/1991/2190 2209/2012/2209
f 2213/2016/2213 2184/1986/2184 2186/1989/2186 2211/2015/2211
f 2214/2017/2214 2213/2016/2213 2211/2015/2211 2212/2014/2212
f 2216/2018/2216 2215/2019/2215 2213/2016/2213 2214/2017/2214
f 2215/2019/2215 2181/1983/2181 2184/1986/2184 2213/2016/2213
f 2179/1981/2179 2181/1983/2181 2215/2019/2215 2217/2020/2217
f 2217/2020/2217 2215/2019/2215 2216/2018/2216 2219/2021/2219
f 2218/2022/2218 2217/2020/2217 2219/2021/2219 2220/2023/2220
f 2563/1982/2563 2179/1981/2179 2217/2020/2217 2218/2022/2218
f 2221/2024/2221 2219/2021/2219 2216/2018/2216 2223/2025/2223
f 2224/2026/2224 2220/2023/2220 2219/2021/2219 2221/2024/2221
f 2222/2027/2222 2221/2024/2221 2223/2025/2223 2399/2028/2399
f 2225/2029/2225 2224/2026/2224 2221/2024/2221 2222/2027/2222
f 2227/2030/2227 2226/2031/2226 2224/2026/2224 2225/2029/2225
f 2226/2031/2226 2228/2032/2228 2220/2023/2220 2224/2026/2224
f 2230/2033/2230 2229/2034/2229 2226/2031/2226 2227/2030/2227
f 2229/2034/2229 2231/2035/2231 2228/2032/2228 2226/2031/2226
f 2233/2036/2233 2232/2037/2232 2229/2034/2229 2230/2033/2230
f 2232/2037/2232 2234/2038/2234 2231/2035/2231 2229/2034/2229
f 2236/2039/2236 2235/2040/2235 2232/2037/2232 2233/2036/2233
f 2235/2040/2235 2237/2041/2237 2234/2038/2234 2232/2037/2232
f 2239/2042/2239 2238/2043/2238 2235/2040/2235 2236/2039/2236
f 2238/2043/2238 2240/2044/2240 2237/2041/2237 2235/2040/2235
f 2242/2045/2242 2241/2046/2241 2238/2043/2238 2239/2042/2239
f 2241/2046/2241 2243/2047/2243 2240/2044/2240 2238/2043/2238
f 2245/2048/2245 2244/2049/2244 2241/2046/2241 2242/2045/2242
f 2244/2049/2244 2246/2050/2246 2243/2047/2243 2241/2046/2241
f 2249/2051/2249 2247/2052/2247 2244/2049/2244 2245/2048/2245
f 2247/2052/2247 2248/2053/2248 2246/2050/2246 2244/2049/2244
f 2248/2053/2248 2247/2052/2247 2250/2054/2250 2251/2055/2251
f 2247/2052/2247 2249/2051/2249 2253/2056/2253 2250/2054/2250
f 2251/2055/2251 2250/2054/2250 2252/2057/2252 2584/2058/2584
f 2250/2054/2250 2253/2056/2253 2254/2059/2254 2252/2057/2252
f 2253/2056/2253 2255/2060/2255 2256/2061/2256 2254/2059/2254
f 2249/2051/2249 2258/2062/2258 2255/2060/2255 2253/2056/2253
f 2255/2060/2255 2257/2063/2257 2600/2064/2600 2256/2061/2256
f 2258/2062/2258 2259/2065/2259 2257/2063/2257 2255/2060/2255
f 2260/2066/2260 2258/2062/2258 2249/2051/2249 2245/2048/2245
f 2262/2067/2262 2259/2065/2259 2258/2062/2258 2260/2066/2260
f 2261/2068/2261 2260/2066/2260 2245/2048/2245 2242/2045/2242
f 2263/2069/2263 2262/2067/2262 2260/2066/2260 2261/2068/2261
f 2265/2070/2265 2264/2071/2264 2262/2067/2262 2263/2069/2263
f 2264/2071/2264 2266/2072/2266 2259/2065/2259 2262/2067/2262
f 2269/2073/2269 2267/2074/2267 2264/2071/2264 2265/2070/2265
f 2267/2074/2267 2268/2075/2268 2266/2072/2266 2264/2071/2264
f 2267/2074/2267 2270/2076/2270 2271/2077/2271 2268/2075/2268
f 2269/2073/2269 2273/2078/2273 2270/2076/2270 2267/2074/2267
f 2270/2076/2270 2272/2079/2272 2608/2080/2608 2271/2077/2271
f 2273/2078/2273 2274/2081/2274 2272/2079/2272 2270/2076/2270
f 2275/2082/2275 2277/2083/2277 2274/2081/2274 2273/2078/2273
f 2276/2084/2276 2275/2082/2275 2273/2078/2273 2269/2073/2269
f 2280/2085/2280 2278/2086/2278 2275/2082/2275 2276/2084/2276
f 2278/2086/2278 2279/2087/2279 2277/2083/2277 2275/2082/2275
f 2281/2088/2281 2283/2089/2283 2279/2087/2279 2278/2086/2278
f 2282/2090/2282 2281/2088/2281 2278/2086/2278 2280/2085/2280
f 2286/2091/2286 2284/2092/2284 2281/2088/2281 2282/2090/2282
f 2284/2092/2284 2285/2093/2285 2283/2089/2283 2281/2088/2281
f 2287/2094/2287 2289/2095/2289 2285/2093/2285 2284/2092/2284
f 2288/2096/2288 2287/2094/2287 2284/2092/2284 2286/2091/2286
f 2292/2097/2292 2290/2098/2290 2287/2094/2287 2288/2096/2288
f 2290/2098/2290 2291/2099/2291 2289/2095/2289 2287/2094/2287
f 2293/2100/2293 2295/2101/2295 2291/2099/2291 2290/2098/2290
f 2294/2102/2294 2293/2100/2293 2290/2098/2290 2292/2097/2292
f 2297/2103/2297 2296/2104/2296 2293/2100/2293 2294/2102/2294
f 2296/2104/2296 2298/2105/2298 2295/2101/2295 2293/2100/2293
f 2300/2106/2300 2299/2107/2299 2296/2104/2296 2297/2103/2297
f 2299/2107/2299 2301/2108/2301 2298/2105/2298 2296/2104/2296
f 2304/2109/2304 2302/2110/2302 2299/2107/2299 2300/2106/2300
f 2302/2110/2302 2303/2111/2303 2301/2108/2301 2299/2107/2299
f 2305/2112/2305 2307/2113/2307 2303/2111/2303 2302/2110/2302
f 2306/2114/2306 2305/2112/2305 2302/2110/2302 2304/2109/2304
f 2310/2115/2310 2308/2116/2308 2305/2112/2305 2306/2114/2306
f 2308/2116/2308 2309/2117/2309 2307/2113/2307 2305/2112/2305
f 2311/2118/2311 2313/2119/2313 2309/2117/2309 2308/2116/2308
f 2312/2120/2312 2311/2118/2311 2308/2116/2308 2310/2115/2310
f 2316/2121/2316 2314/2122/2314 2311/2118/2311 2312/2120/2312
f 2314/2122/2314 2315/2123/2315 2313/2119/2313 2311/2118/2311
f 2315/2123/2315 2314/2122/2314 2317/2124/2317 2318/2125/2318
f 2314/2122/2314 2316/2121/2316 2320/2126/2320 2317/2124/2317
f 2318/2125/2318 2317/2124/2317 2319/2127/2319 2445/2128/2445
f 2317/2124/2317 2320/2126/2320 2321/2129/2321 2319/2127/2319
f 2316/2121/2316 2312/2120/2312 2322/2130/2322 2320/2126/2320
f 2320/2126/2320 2322/2130/2322 2323/2131/2323 2321/2129/2321
f 2322/2130/2322 2324/2132/2324 2325/2133/2325 2323/2131/2323
f 2312/2120/2312 2310/2115/2310 2324/2132/2324 2322/2130/2322
f 2310/2115/2310 2306/2114/2306 2326/2134/2326 2324/2132/2324
f 2324/2132/2324 2326/2134/2326 2327/2135/2327 2325/2133/2325
f 2326/2134/2326 2328/2136/2328 2329/2137/2329 2327/2135/2327
f 2306/2114/2306 2304/2109/2304 2328/2136/2328 2326/2134/2326
f 2304/2109/2304 2300/2106/2300 2330/2138/2330 2328/2136/2328
f 2328/2136/2328 2330/2138/2330 2331/2139/2331 2329/2137/2329
f 2330/2138/2330 2332/2140/2332 2333/2141/2333 2331/2139/2331
f 2300/2106/2300 2297/2103/2297 2332/2140/2332 2330/2138/2330
f 2335/2142/2335 2334/2143/2334 2332/2140/2332 2297/2103/2297
f 2334/2143/2334 2336/2144/2336 2333/2141/2333 2332/2140/2332
f 2338/2145/2338 2337/2146/2337 2334/2143/2334 2335/2142/2335
f 2337/2146/2337 2339/2147/2339 2336/2144/2336 2334/2143/2334
f 2341/2148/2341 2340/2149/2340 2337/2146/2337 2338/2145/2338
f 2340/2149/2340 2342/2150/2342 2339/2147/2339 2337/2146/2337
f 2344/2151/2344 2343/2152/2343 2340/2149/2340 2341/2148/2341
f 2343/2152/2343 2345/2153/2345 2342/2150/2342 2340/2149/2340
f 2347/2154/2347 2346/2155/2346 2343/2152/2343 2344/2151/2344
f 2346/2155/2346 2348/2156/2348 2345/2153/2345 2343/2152/2343
f 2350/2157/2350 2349/2158/2349 2346/2155/2346 2347/2154/2347
f 2349/2158/2349 2351/2159/2351 2348/2156/2348 2346/2155/2346
f 2353/2160/2353 2352/2161/2352 2349/2158/2349 2350/2157/2350
f 2352/2161/2352 2354/2162/2354 2351/2159/2351 2349/2158/2349
f 2356/2163/2356 2355/2164/2355 2352/2161/2352 2353/2160/2353
f 2355/2164/2355 2357/2006/2357 2354/2162/2354 2352/2161/2352
f 2358/2165/2358 2355/2164/2355 2356/2163/2356 2360/2166/2360
f 2201/2005/2201 2357/2006/2357 2355/2164/2355 2358/2165/2358
f 2359/2167/2359 2358/2165/2358 2360/2166/2360 2361/2168/2361
f 2204/2007/2204 2201/2005/2201 2358/2165/2358 2359/2167/2359
f 2360/2166/2360 2362/2169/2362 2363/2170/2363 2361/2168/2361
f 2356/2163/2356 2365/2171/2365 2362/2169/2362 2360/2166/2360
f 2362/2169/2362 2364/2172/2364 2409/2173/2409 2363/2170/2363
f 2365/2171/2365 2366/2174/2366 2364/2172/2364 2362/2169/2362
f 2353/2160/2353 2367/2175/2367 2365/2171/2365 2356/2163/2356
f 2367/2175/2367 2368/2176/2368 2366/2174/2366 2365/2171/2365
f 2350/2157/2350 2347/2154/2347 2367/2175/2367 2353/2160/2353
f 2347/2154/2347 2344/2151/2344 2368/2176/2368 2367/2175/2367
f 2368/2176/2368 2369/2177/2369 2370/2178/2370 2366/2174/2366
f 2344/2151/2344 2341/2148/2341 2369/2177/2369 2368/2176/2368
f 2369/2177/2369 2371/2179/2371 2372/2180/2372 2370/2178/2370
f 2341/2148/2341 2338/2145/2338 2371/2179/2371 2369/2177/2369
f 2371/2179/2371 2373/2181/2373 2374/2182/2374 2372/2180/2372
f 2338/2145/2338 2335/2142/2335 2373/2181/2373 2371/2179/2371
f 2373/2181/2373 2375/2183/2375 2376/2184/2376 2374/2182/2374
f 2335/2142/2335 2297/2103/2297 2375/2183/2375 2373/2181/2373
f 2297/2103/2297 2294/2102/2294 2377/2185/2377 2375/2183/2375
f 2375/2183/2375 2377/2185/2377 2378/2186/2378 2376/2184/2376
f 2377/2185/2377 2379/2187/2379 2380/2188/2380 2378/2186/2378
f 2294/2102/2294 2292/2097/2292 2379/2187/2379 2377/2185/2377
f 2379/2187/2379 2381/2189/2381 2382/2190/2382 2380/2188/2380
f 2292/2097/2292 2288/2096/2288 2381/2189/2381 2379/2187/2379
f 2381/2189/2381 2383/2191/2383 2384/2192/2384 2382/2190/2382
f 2288/2096/2288 2286/2091/2286 2383/2191/2383 2381/2189/2381
f 2383/2191/2383 2385/2193/2385 2386/2194/2386 2384/2192/2384
f 2286/2091/2286 2282/2090/2282 2385/2193/2385 2383/2191/2383
f 2385/2193/2385 2387/2195/2387 2388/2196/2388 2386/2194/2386
f 2282/2090/2282 2280/2085/2280 2387/2195/2387 2385/2193/2385
f 2387/2195/2387 2389/2197/2389 2390/2198/2390 2388/2196/2388
f 2280/2085/2280 2276/2084/2276 2389/2197/2389 2387/2195/2387
f 2389/2197/2389 2265/2070/2265 2263/2069/2263 2390/2198/2390
f 2276/2084/2276 2269/2073/2269 2265/2070/2265 2389/2197/2389
f 2388/2196/2388 2390/2198/2390 2391/2199/2391 2392/2200/2392
f 2390/2198/2390 2263/2069/2263 2261/2068/2261 2391/2199/2391
f 2392/2200/2392 2391/2199/2391 2239/2042/2239 2236/2039/2236
f 2391/2199/2391 2261/2068/2261 2242/2045/2242 2239/2042/2239
f 2393/2201/2393 2392/2200/2392 2236/2039/2236 2233/2036/2233
f 2386/2194/2386 2388/2196/2388 2392/2200/2392 2393/2201/2393
f 2394/2202/2394 2393/2201/2393 2233/2036/2233 2230/2033/2230
f 2384/2192/2384 2386/2194/2386 2393/2201/2393 2394/2202/2394
f 2395/2203/2395 2394/2202/2394 2230/2033/2230 2227/2030/2227
f 2382/2190/2382 2384/2192/2384 2394/2202/2394 2395/2203/2395
f 2396/2204/2396 2395/2203/2395 2227/2030/2227 2225/2029/2225
f 2380/2188/2380 2382/2190/2382 2395/2203/2395 2396/2204/2396
f 2397/2205/2397 2396/2204/2396 2225/2029/2225 2222/2027/2222
f 2378/2186/2378 2380/2188/2380 2396/2204/2396 2397/2205/2397
f 2398/2206/2398 2397/2205/2397 2222/2027/2222 2399/2028/2399
f 2376/2184/2376 2378/2186/2378 2397/2205/2397 2398/2206/2398
f 2374/2182/2374 2376/2184/2376 2398/2206/2398 2400/2207/2400
f 2400/2207/2400 2398/2206/2398 2399/2028/2399 2402/2208/2402
f 2401/2209/2401 2400/2207/2400 2402/2208/2402 2403/2210/2403
f 2372/2180/2372 2374/2182/2374 2400/2207/2400 2401/2209/2401
f 2223/2025/2223 2404/2211/2404 2402/2208/2402 2399/2028/2399
f 2404/2211/2404 2405/2212/2405 2403/2210/2403 2402/2208/2402
f 2216/2018/2216 2214/2017/2214 2404/2211/2404 2223/2025/2223
f 2214/2017/2214 2212/2014/2212 2405/2212/2405 2404/2211/2404
f 2405/2212/2405 2406/2213/2406 2407/2214/2407 2403/2210/2403
f 2212/2014/2212 2210/2013/2210 2406/2213/2406 2405/2212/2405
f 2406/2213/2406 2408/2215/2408 2409/2173/2409 2407/2214/2407
f 2210/2013/2210 2208/2010/2208 2408/2215/2408 2406/2213/2406
f 2408/2215/2408 2410/2216/2410 2363/2170/2363 2409/2173/2409
f 2208/2010/2208 2206/2009/2206 2410/2216/2410 2408/2215/2408
f 2410/2216/2410 2359/2167/2359 2361/2168/2361 2363/2170/2363
f 2206/2009/2206 2204/2007/2204 2359/2167/2359 2410/2216/2410
f 2364/2172/2364 2411/2217/2411 2407/2214/2407 2409/2173/2409
f 2411/2217/2411 2401/2209/2401 2403/2210/2403 2407/2214/2407
f 2366/2174/2366 2370/2178/2370 2411/2217/2411 2364/2172/2364
f 2370/2178/2370 2372/2180/2372 2401/2209/2401 2411/2217/2411
f 2202/2004/2202 2412/2218/2412 2354/2162/2354 2357/2006/2357
f 2412/2218/2412 2413/2219/2413 2351/2159/2351 2354/2162/2354
f 2199/1999/2199 2414/2220/2414 2412/2218/2412 2202/2004/2202
f 2414/2220/2414 2415/2221/2415 2413/2219/2413 2412/2218/2412
f 2414/2220/2414 2199/1999/2199 2195/1998/2195 2416/2222/2416
f 2415/2221/2415 2414/2220/2414 2416/2222/2416 2417/2223/2417
f 2417/2223/2417 2416/2222/2416 2418/2224/2418 2419/2225/2419
f 2416/2222/2416 2195/1998/2195 2193/1993/2193 2418/2224/2418
f 2418/2224/2418 2193/1993/2193 2189/1992/2189 2420/2226/2420
f 2419/2225/2419 2418/2224/2418 2420/2226/2420 2421/2227/2421
f 2421/2227/2421 2420/2226/2420 2422/2228/2422 2423/2229/2423
f 2420/2226/2420 2189/1992/2189 2187/1987/2187 2422/2228/2422
f 2422/2228/2422 2187/1987/2187 2183/1984/2183 2424/1941/2424
f 2423/2229/2423 2422/2228/2422 2424/1941/2424 2140/1939/2140
f 2424/1941/2424 2183/1984/2183 2176/1977/2176 2141/1934/2141
f 2423/2229/2423 2140/1939/2140 2426/1940/2426 2425/2230/2425
f 2421/2227/2421 2423/2229/2423 2425/2230/2425 2427/2231/2427
f 2427/2231/2427 2425/2230/2425 2339/2147/2339 2342/2150/2342
f 2425/2230/2425 2426/1940/2426 2336/2144/2336 2339/2147/2339
f 2428/2232/2428 2427/2231/2427 2342/2150/2342 2345/2153/2345
f 2419/2225/2419 2421/2227/2421 2427/2231/2427 2428/2232/2428
f 2417/2223/2417 2419/2225/2419 2428/2232/2428 2429/2233/2429
f 2429/2233/2429 2428/2232/2428 2345/2153/2345 2348/2156/2348
f 2413/2219/2413 2429/2233/2429 2348/2156/2348 2351/2159/2351
f 2415/2221/2415 2417/2223/2417 2429/2233/2429 2413/2219/2413
f 2426/1940/2426 2139/1938/2139 2333/2141/2333 2336/2144/2336
f 2430/1937/2430 2331/2139/2331 2333/2141/2333 2139/1938/2139
f 2431/2234/2431 2329/2137/2329 2331/2139/2331 2430/1937/2430
f 2432/1948/2432 2431/2234/2431 2430/1937/2430 2142/1936/2142
f 2434/2235/2434 2433/2236/2433 2431/2234/2431 2432/1948/2432
f 2433/2236/2433 2327/2135/2327 2329/2137/2329 2431/2234/2431
f 2436/2237/2436 2435/2238/2435 2433/2236/2433 2434/2235/2434
f 2435/2238/2435 2325/2133/2325 2327/2135/2327 2433/2236/2433
f 2438/2239/2438 2437/2240/2437 2435/2238/2435 2436/2237/2436
f 2437/2240/2437 2323/2131/2323 2325/2133/2325 2435/2238/2435
f 2440/2241/2440 2439/2242/2439 2437/2240/2437 2438/2239/2438
f 2439/2242/2439 2321/2129/2321 2323/2131/2323 2437/2240/2437
f 2442/2243/2442 2441/2244/2441 2439/2242/2439 2440/2241/2440
f 2441/2244/2441 2319/2127/2319 2321/2129/2321 2439/2242/2439
f 2444/2245/2444 2443/2246/2443 2441/2244/2441 2442/2243/2442
f 2443/2246/2443 2445/2128/2445 2319/2127/2319 2441/2244/2441
f 2446/2247/2446 2443/2246/2443 2444/2245/2444 2448/2248/2448
f 2449/2249/2449 2445/2128/2445 2443/2246/2443 2446/2247/2446
f 2447/2250/2447 2446/2247/2446 2448/2248/2448 2673/2251/2673
f 2450/2252/2450 2449/2249/2449 2446/2247/2446 2447/2250/2447
f 2449/2249/2449 2451/2253/2451 2318/2125/2318 2445/2128/2445
f 2450/2252/2450 2453/2254/2453 2451/2253/2451 2449/2249/2449
f 2451/2253/2451 2452/2255/2452 2315/2123/2315 2318/2125/2318
f 2453/2254/2453 2454/2256/2454 2452/2255/2452 2451/2253/2451
f 2455/2257/2455 2457/2258/2457 2454/2256/2454 2453/2254/2453
f 2456/2259/2456 2455/2257/2455 2453/2254/2453 2450/2252/2450
f 2460/2260/2460 2458/2261/2458 2455/2257/2455 2456/2259/2456
f 2458/2261/2458 2459/2262/2459 2457/2258/2457 2455/2257/2455
f 2461/2263/2461 2463/2264/2463 2459/2262/2459 2458/2261/2458
f 2462/2265/2462 2461/2263/2461 2458/2261/2458 2460/2260/2460
f 2466/2266/2466 2464/2267/2464 2461/2263/2461 2462/2265/2462
f 2464/2267/2464 2465/2268/2465 2463/2264/2463 2461/2263/2461
f 2467/2269/2467 2469/2270/2469 2465/2268/2465 2464/2267/2464
f 2468/2271/2468 2467/2269/2467 2464/2267/2464 2466/2266/2466
f 2472/2272/2472 2470/2273/2470 2467/2269/2467 2468/2271/2468
f 2470/2273/2470 2471/2274/2471 2469/2270/2469 2467/2269/2467
f 2476/2275/2476 2471/2274/2471 2470/2273/2470 2473/2276/2473
f 2473/2276/2473 2470/2273/2470 2472/2272/2472 2475/2277/2475
f 2474/2278/2474 2473/2276/2473 2475/2277/2475 2493/2279/2493
f 2477/2280/2477 2476/2275/2476 2473/2276/2473 2474/2278/2474
f 2480/2281/2480 2471/2274/2471 2476/2275/2476 2478/2282/2478
f 2478/2282/2478 2476/2275/2476 2477/2280/2477 2479/2283/2479
f 2295/2101/2295 2478/2282/2478 2479/2283/2479 2291/2099/2291
f 2298/2105/2298 2480/2281/2480 2478/2282/2478 2295/2101/2295
f 2301/2108/2301 2481/2284/2481 2480/2281/2480 2298/2105/2298
f 2481/2284/2481 2469/2270/2469 2471/2274/2471 2480/2281/2480
f 2303/2111/2303 2482/2285/2482 2481/2284/2481 2301/2108/2301
f 2482/2285/2482 2465/2268/2465 2469/2270/2469 2481/2284/2481
f 2483/2286/2483 2463/2264/2463 2465/2268/2465 2482/2285/2482
f 2307/2113/2307 2483/2286/2483 2482/2285/2482 2303/2111/2303
f 2309/2117/2309 2484/2287/2484 2483/2286/2483 2307/2113/2307
f 2484/2287/2484 2459/2262/2459 2463/2264/2463 2483/2286/2483
f 2485/2288/2485 2457/2258/2457 2459/2262/2459 2484/2287/2484
f 2313/2119/2313 2485/2288/2485 2484/2287/2484 2309/2117/2309
f 2315/2123/2315 2452/2255/2452 2485/2288/2485 2313/2119/2313
f 2452/2255/2452 2454/2256/2454 2457/2258/2457 2485/2288/2485
f 2479/2283/2479 2477/2280/2477 2488/2289/2488 2486/2290/2486
f 2291/2099/2291 2479/2283/2479 2486/2290/2486 2289/2095/2289
f 2289/2095/2289 2486/2290/2486 2487/2291/2487 2285/2093/2285
f 2486/2290/2486 2488/2289/2488 2489/2292/2489 2487/2291/2487
f 2488/2289/2488 2477/2280/2477 2474/2278/2474 2490/2293/2490
f 2489/2292/2489 2488/2289/2488 2490/2293/2490 2491/2294/2491
f 2491/2294/2491 2490/2293/2490 2492/2295/2492 2494/2296/2494
f 2490/2293/2490 2474/2278/2474 2493/2279/2493 2492/2295/2492
f 2495/2297/2495 2492/2295/2492 2493/2279/2493 2497/2298/2497
f 2498/2299/2498 2494/2296/2494 2492/2295/2492 2495/2297/2495
f 2496/2300/2496 2495/2297/2495 2497/2298/2497 2661/1958/2661
f 2499/2301/2499 2498/2299/2498 2495/2297/2495 2496/2300/2496
f 2501/2302/2501 2500/2303/2500 2498/2299/2498 2499/2301/2499
f 2500/2303/2500 2502/2304/2502 2494/2296/2494 2498/2299/2498
f 2504/2305/2504 2503/2306/2503 2500/2303/2500 2501/2302/2501
f 2503/2306/2503 2505/2307/2505 2502/2304/2502 2500/2303/2500
f 2507/2308/2507 2506/2309/2506 2503/2306/2503 2504/2305/2504
f 2506/2309/2506 2508/2310/2508 2505/2307/2505 2503/2306/2503
f 2510/2311/2510 2509/2312/2509 2506/2309/2506 2507/2308/2507
f 2509/2312/2509 2511/2313/2511 2508/2310/2508 2506/2309/2506
f 2513/2314/2513 2512/2315/2512 2509/2312/2509 2510/2311/2510
f 2512/2315/2512 2514/2316/2514 2511/2313/2511 2509/2312/2509
f 2517/2317/2517 2515/2318/2515 2512/2315/2512 2513/2314/2513
f 2515/2318/2515 2516/2319/2516 2514/2316/2514 2512/2315/2512
f 2515/2318/2515 2518/2320/2518 2519/2321/2519 2516/2319/2516
f 2517/2317/2517 2521/2322/2521 2518/2320/2518 2515/2318/2515
f 2518/2320/2518 2520/2323/2520 2619/2324/2619 2519/2321/2519
f 2521/2322/2521 2522/2325/2522 2520/2323/2520 2518/2320/2518
f 2523/2326/2523 2525/2327/2525 2522/2325/2522 2521/2322/2521
f 2524/2328/2524 2523/2326/2523 2521/2322/2521 2517/2317/2517
f 2527/2329/2527 2526/2330/2526 2523/2326/2523 2524/2328/2524
f 2526/2330/2526 2528/2331/2528 2525/2327/2525 2523/2326/2523
f 2530/2332/2530 2529/2333/2529 2526/2330/2526 2527/2329/2527
f 2529/2333/2529 2531/2334/2531 2528/2331/2528 2526/2330/2526
f 2534/2335/2534 2532/2336/2532 2529/2333/2529 2530/2332/2530
f 2532/2336/2532 2533/2337/2533 2531/2334/2531 2529/2333/2529
f 2532/2336/2532 2535/2338/2535 2536/2339/2536 2533/2337/2533
f 2534/2335/2534 2538/2340/2538 2535/2338/2535 2532/2336/2532
f 2535/2338/2535 2537/2341/2537 2591/2342/2591 2536/2339/2536
f 2538/2340/2538 2539/2343/2539 2537/2341/2537 2535/2338/2535
f 2540/2344/2540 2542/2345/2542 2539/2343/2539 2538/2340/2538
f 2541/2346/2541 2540/2344/2540 2538/2340/2538 2534/2335/2534
f 2545/2347/2545 2543/2348/2543 2540/2344/2540 2541/2346/2541
f 2543/2348/2543 2544/2349/2544 2542/2345/2542 2540/2344/2540
f 2546/2350/2546 2548/2351/2548 2544/2349/2544 2543/2348/2543
f 2547/2352/2547 2546/2350/2546 2543/2348/2543 2545/2347/2545
f 2551/2353/2551 2549/2354/2549 2546/2350/2546 2547/2352/2547
f 2549/2354/2549 2550/2355/2550 2548/2351/2548 2546/2350/2546
f 2552/2356/2552 2554/2357/2554 2550/2355/2550 2549/2354/2549
f 2553/2358/2553 2552/2356/2552 2549/2354/2549 2551/2353/2551
f 2167/1969/2167 2170/1971/2170 2552/2356/2552 2553/2358/2553
f 2170/1971/2170 2555/1974/2555 2554/2357/2554 2552/2356/2552
f 2555/1974/2555 2559/2359/2559 2556/2360/2556 2554/2357/2554
f 2554/2357/2554 2556/2360/2556 2557/2361/2557 2550/2355/2550
f 2556/2360/2556 2558/2362/2558 2568/2363/2568 2557/2361/2557
f 2559/2359/2559 2560/2364/2560 2558/2362/2558 2556/2360/2556
f 2561/2365/2561 2562/2366/2562 2560/2364/2560 2559/2359/2559
f 2171/1973/2171 2561/2365/2561 2559/2359/2559 2555/1974/2555
f 2173/1975/2173 2178/1980/2178 2561/2365/2561 2171/1973/2171
f 2178/1980/2178 2563/1982/2563 2562/2366/2562 2561/2365/2561
f 2562/2366/2562 2563/1982/2563 2218/2022/2218 2564/2367/2564
f 2560/2364/2560 2562/2366/2562 2564/2367/2564 2565/2368/2565
f 2565/2368/2565 2564/2367/2564 2228/2032/2228 2231/2035/2231
f 2564/2367/2564 2218/2022/2218 2220/2023/2220 2228/2032/2228
f 2558/2362/2558 2560/2364/2560 2565/2368/2565 2566/2369/2566
f 2566/2369/2566 2565/2368/2565 2231/2035/2231 2234/2038/2234
f 2567/2370/2567 2566/2369/2566 2234/2038/2234 2237/2041/2237
f 2568/2363/2568 2558/2362/2558 2566/2369/2566 2567/2370/2567
f 2571/2371/2571 2568/2363/2568 2567/2370/2567 2569/2372/2569
f 2569/2372/2569 2567/2370/2567 2237/2041/2237 2240/2044/2240
f 2570/2373/2570 2569/2372/2569 2240/2044/2240 2243/2047/2243
f 2572/2374/2572 2571/2371/2571 2569/2372/2569 2570/2373/2570
f 2557/2361/2557 2568/2363/2568 2571/2371/2571 2573/2375/2573
f 2573/2375/2573 2571/2371/2571 2572/2374/2572 2574/2376/2574
f 2548/2351/2548 2573/2375/2573 2574/2376/2574 2544/2349/2544
f 2550/2355/2550 2557/2361/2557 2573/2375/2573 2548/2351/2548
f 2574/2376/2574 2572/2374/2572 2577/2377/2577 2575/2378/2575
f 2544/2349/2544 2574/2376/2574 2575/2378/2575 2542/2345/2542
f 2542/2345/2542 2575/2378/2575 2576/2379/2576 2539/2343/2539
f 2575/2378/2575 2577/2377/2577 2578/2380/2578 2576/2379/2576
f 2577/2377/2577 2572/2374/2572 2570/2373/2570 2579/2381/2579
f 2578/2380/2578 2577/2377/2577 2579/2381/2579 2580/2382/2580
f 2580/2382/2580 2579/2381/2579 2246/2050/2246 2248/2053/2248
f 2579/2381/2579 2570/2373/2570 2243/2047/2243 2246/2050/2246
f 2580/2382/2580 2248/2053/2248 2251/2055/2251 2581/2383/2581
f 2578/2380/2578 2580/2382/2580 2581/2383/2581 2582/2384/2582
f 2582/2384/2582 2581/2383/2581 2583/2385/2583 2585/2386/2585
f 2581/2383/2581 2251/2055/2251 2584/2058/2584 2583/2385/2583
f 2587/2387/2587 2586/2388/2586 2583/2385/2583 2584/2058/2584
f 2586/2388/2586 2588/2389/2588 2585/2386/2585 2583/2385/2583
f 2590/2390/2590 2589/2391/2589 2586/2388/2586 2587/2387/2587
f 2589/2391/2589 2591/2342/2591 2588/2389/2588 2586/2388/2586
f 2592/2392/2592 2589/2391/2589 2590/2390/2590 2594/2393/2594
f 2536/2339/2536 2591/2342/2591 2589/2391/2589 2592/2392/2592
f 2593/2394/2593 2592/2392/2592 2594/2393/2594 2595/2395/2595
f 2533/2337/2533 2536/2339/2536 2592/2392/2592 2593/2394/2593
f 2594/2393/2594 2590/2390/2590 2599/2396/2599 2596/2397/2596
f 2595/2395/2595 2594/2393/2594 2596/2397/2596 2597/2398/2597
f 2597/2398/2597 2596/2397/2596 2598/2399/2598 2602/2400/2602
f 2596/2397/2596 2599/2396/2599 2600/2064/2600 2598/2399/2598
f 2601/2401/2601 2256/2061/2256 2600/2064/2600 2599/2396/2599
f 2587/2387/2587 2601/2401/2601 2599/2396/2599 2590/2390/2590
f 2584/2058/2584 2252/2057/2252 2601/2401/2601 2587/2387/2587
f 2252/2057/2252 2254/2059/2254 2256/2061/2256 2601/2401/2601
f 2257/2063/2257 2603/2402/2603 2598/2399/2598 2600/2064/2600
f 2603/2402/2603 2604/2403/2604 2602/2400/2602 2598/2399/2598
f 2259/2065/2259 2266/2072/2266 2603/2402/2603 2257/2063/2257
f 2266/2072/2266 2268/2075/2268 2604/2403/2604 2603/2402/2603
f 2271/2077/2271 2605/2404/2605 2604/2403/2604 2268/2075/2268
f 2605/2404/2605 2606/2405/2606 2602/2400/2602 2604/2403/2604
f 2608/2080/2608 2607/2406/2607 2605/2404/2605 2271/2077/2271
f 2607/2406/2607 2609/2407/2609 2606/2405/2606 2605/2404/2605
f 2611/2408/2611 2610/2409/2610 2607/2406/2607 2608/2080/2608
f 2610/2409/2610 2612/2410/2612 2609/2407/2609 2607/2406/2607
f 2615/2411/2615 2613/2412/2613 2610/2409/2610 2611/2408/2611
f 2613/2412/2613 2614/2413/2614 2612/2410/2612 2610/2409/2610
f 2616/2414/2616 2618/2415/2618 2614/2413/2614 2613/2412/2613
f 2617/2416/2617 2616/2414/2616 2613/2412/2613 2615/2411/2615
f 2516/2319/2516 2519/2321/2519 2616/2414/2616 2617/2416/2617
f 2519/2321/2519 2619/2324/2619 2618/2415/2618 2616/2414/2616
f 2619/2324/2619 2622/2417/2622 2620/2418/2620 2618/2415/2618
f 2618/2415/2618 2620/2418/2620 2612/2410/2612 2614/2413/2614
f 2620/2418/2620 2621/2419/2621 2609/2407/2609 2612/2410/2612
f 2622/2417/2622 2623/2420/2623 2621/2419/2621 2620/2418/2620
f 2622/2417/2622 2619/2324/2619 2520/2323/2520 2624/2421/2624
f 2623/2420/2623 2622/2417/2622 2624/2421/2624 2625/2422/2625
f 2625/2422/2625 2624/2421/2624 2525/2327/2525 2528/2331/2528
f 2624/2421/2624 2520/2323/2520 2522/2325/2522 2525/2327/2525
f 2626/2423/2626 2627/2424/2627 2623/2420/2623 2625/2422/2625
f 2531/2334/2531 2626/2423/2626 2625/2422/2625 2528/2331/2528
f 2533/2337/2533 2593/2394/2593 2626/2423/2626 2531/2334/2531
f 2593/2394/2593 2595/2395/2595 2627/2424/2627 2626/2423/2626
f 2627/2424/2627 2628/2425/2628 2621/2419/2621 2623/2420/2623
f 2595/2395/2595 2597/2398/2597 2628/2425/2628 2627/2424/2627
f 2628/2425/2628 2606/2405/2606 2609/2407/2609 2621/2419/2621
f 2597/2398/2597 2602/2400/2602 2606/2405/2606 2628/2425/2628
f 2617/2416/2617 2629/2426/2629 2514/2316/2514 2516/2319/2516
f 2615/2411/2615 2631/2427/2631 2629/2426/2629 2617/2416/2617
f 2629/2426/2629 2630/2428/2630 2511/2313/2511 2514/2316/2514
f 2631/2427/2631 2632/2429/2632 2630/2428/2630 2629/2426/2629
f 2634/2430/2634 2632/2429/2632 2631/2427/2631 2633/2431/2633
f 2633/2431/2633 2631/2427/2631 2615/2411/2615 2611/2408/2611
f 2272/2079/2272 2633/2431/2633 2611/2408/2611 2608/2080/2608
f 2274/2081/2274 2634/2430/2634 2633/2431/2633 2272/2079/2272
f 2635/2432/2635 2636/2433/2636 2632/2429/2632 2634/2430/2634
f 2277/2083/2277 2635/2432/2635 2634/2430/2634 2274/2081/2274
f 2279/2087/2279 2637/2434/2637 2635/2432/2635 2277/2083/2277
f 2637/2434/2637 2638/2435/2638 2636/2433/2636 2635/2432/2635
f 2639/2436/2639 2640/2437/2640 2638/2435/2638 2637/2434/2637
f 2283/2089/2283 2639/2436/2639 2637/2434/2637 2279/2087/2279
f 2285/2093/2285 2487/2291/2487 2639/2436/2639 2283/2089/2283
f 2487/2291/2487 2489/2292/2489 2640/2437/2640 2639/2436/2639
f 2640/2437/2640 2489/2292/2489 2491/2294/2491 2641/2438/2641
f 2638/2435/2638 2640/2437/2640 2641/2438/2641 2642/2439/2642
f 2642/2439/2642 2641/2438/2641 2502/2304/2502 2505/2307/2505
f 2641/2438/2641 2491/2294/2491 2494/2296/2494 2502/2304/2502
f 2636/2433/2636 2638/2435/2638 2642/2439/2642 2643/2440/2643
f 2643/2440/2643 2642/2439/2642 2505/2307/2505 2508/2310/2508
f 2630/2428/2630 2643/2440/2643 2508/2310/2508 2511/2313/2511
f 2632/2429/2632 2636/2433/2636 2643/2440/2643 2630/2428/2630
f 2537/2341/2537 2644/2441/2644 2588/2389/2588 2591/2342/2591
f 2644/2441/2644 2582/2384/2582 2585/2386/2585 2588/2389/2588
f 2539/2343/2539 2576/2379/2576 2644/2441/2644 2537/2341/2537
f 2576/2379/2576 2578/2380/2578 2582/2384/2582 2644/2441/2644
f 2553/2358/2553 2551/2353/2551 2647/2442/2647 2645/2443/2645
f 2167/1969/2167 2553/2358/2553 2645/2443/2645 2165/1964/2165
f 2165/1964/2165 2645/2443/2645 2646/2444/2646 2162/1965/2162
f 2645/2443/2645 2647/2442/2647 2648/2445/2648 2646/2444/2646
f 2647/2442/2647 2649/2446/2649 2650/2447/2650 2648/2445/2648
f 2551/2353/2551 2547/2352/2547 2649/2446/2649 2647/2442/2647
f 2649/2446/2649 2651/2448/2651 2652/2449/2652 2650/2447/2650
f 2547/2352/2547 2545/2347/2545 2651/2448/2651 2649/2446/2649
f 2651/2448/2651 2653/2450/2653 2654/2451/2654 2652/2449/2652
f 2545/2347/2545 2541/2346/2541 2653/2450/2653 2651/2448/2651
f 2653/2450/2653 2530/2332/2530 2527/2329/2527 2654/2451/2654
f 2541/2346/2541 2534/2335/2534 2530/2332/2530 2653/2450/2653
f 2652/2449/2652 2654/2451/2654 2655/2452/2655 2656/2453/2656
f 2654/2451/2654 2527/2329/2527 2524/2328/2524 2655/2452/2655
f 2656/2453/2656 2655/2452/2655 2513/2314/2513 2510/2311/2510
f 2655/2452/2655 2524/2328/2524 2517/2317/2517 2513/2314/2513
f 2657/2454/2657 2656/2453/2656 2510/2311/2510 2507/2308/2507
f 2650/2447/2650 2652/2449/2652 2656/2453/2656 2657/2454/2657
f 2658/2455/2658 2657/2454/2657 2507/2308/2507 2504/2305/2504
f 2648/2445/2648 2650/2447/2650 2657/2454/2657 2658/2455/2658
f 2659/2456/2659 2658/2455/2658 2504/2305/2504 2501/2302/2501
f 2646/2444/2646 2648/2445/2648 2658/2455/2658 2659/2456/2659
f 2660/1966/2660 2659/2456/2659 2501/2302/2501 2499/2301/2499
f 2162/1965/2162 2646/2444/2646 2659/2456/2659 2660/1966/2660
f 2163/1963/2163 2660/1966/2660 2499/2301/2499 2496/2300/2496
f 2661/1958/2661 2497/2298/2497 2662/2457/2662 2156/1956/2156
f 2497/2298/2497 2493/2279/2493 2475/2277/2475 2662/2457/2662
f 2156/1956/2156 2662/2457/2662 2663/2458/2663 2154/1954/2154
f 2662/2457/2662 2475/2277/2475 2472/2272/2472 2663/2458/2663
f 2663/2458/2663 2664/2459/2664 2152/1952/2152 2154/1954/2154
f 2472/2272/2472 2468/2271/2468 2664/2459/2664 2663/2458/2663
f 2664/2459/2664 2665/2460/2665 2666/1953/2666 2152/1952/2152
f 2468/2271/2468 2466/2266/2466 2665/2460/2665 2664/2459/2664
f 2665/2460/2665 2667/2461/2667 2668/2462/2668 2666/1953/2666
f 2466/2266/2466 2462/2265/2462 2667/2461/2667 2665/2460/2665
f 2667/2461/2667 2669/2463/2669 2670/2464/2670 2668/2462/2668
f 2462/2265/2462 2460/2260/2460 2669/2463/2669 2667/2461/2667
f 2669/2463/2669 2671/2465/2671 2672/2466/2672 2670/2464/2670
f 2460/2260/2460 2456/2259/2456 2671/2465/2671 2669/2463/2669
f 2671/2465/2671 2447/2250/2447 2673/2251/2673 2672/2466/2672
f 2456/2259/2456 2450/2252/2450 2447/2250/2447 2671/2465/2671
f 2674/2467/2674 2675/2468/2675 2670/2464/2670 2672/2466/2672
f 2448/2248/2448 2674/2467/2674 2672/2466/2672 2673/2251/2673
f 2444/2245/2444 2676/2469/2676 2674/2467/2674 2448/2248/2448
f 2676/2469/2676 2677/2470/2677 2675/2468/2675 2674/2467/2674
f 2442/2243/2442 2678/2471/2678 2676/2469/2676 2444/2245/2444
f 2678/2471/2678 2679/2472/2679 2677/2470/2677 2676/2469/2676
f 2440/2241/2440 2438/2239/2438 2678/2471/2678 2442/2243/2442
f 2438/2239/2438 2436/2237/2436 2679/2472/2679 2678/2471/2678
f 2679/2472/2679 2680/2473/2680 2681/2474/2681 2677/2470/2677
f 2436/2237/2436 2434/2235/2434 2680/2473/2680 2679/2472/2679
f 2680/2473/2680 2147/1946/2147 2149/1947/2149 2681/2474/2681
f 2434/2235/2434 2432/1948/2432 2147/1946/2147 2680/2473/2680
f 2677/2470/2677 2681/2474/2681 2682/2475/2682 2675/2468/2675
f 2681/2474/2681 2149/1947/2149 2151/1950/2151 2682/2475/2682
f 2675/2468/2675 2682/2475/2682 2668/2462/2668 2670/2464/2670
f 2682/2475/2682 2151/1950/2151 2666/1953/2666 2668/2462/2668
f 2157/1957/2157 2163/1963/2163 2496/2300/2496 2661/1958/2661
f 2138/1931/2138 2168/1967/2168 2160/1960/2160 2145/1932/2145
o RetopoModel.008
v 0.375132 -1.298355 0.809580
v 0.384268 -1.278810 0.819056
v 0.355600 -1.311224 0.789321
v 0.378129 -1.310164 0.795665
v 0.402147 -1.293687 0.795551
v 0.361117 -1.310164 0.812067
v 0.360126 -1.293687 0.836065
v 0.341521 -1.293045 0.854256
v 0.364274 -1.278404 0.839613
v 0.355231 -1.307058 0.834059
v 0.346122 -1.337625 0.830384
v 0.339456 -1.306633 0.851964
v 0.333362 -1.337558 0.846005
v 0.319332 -1.306740 0.861430
v 0.316233 -1.337735 0.854406
v 0.298123 -1.307178 0.862024
v 0.319688 -1.293080 0.863696
v 0.297236 -1.293514 0.864234
v 0.319246 -1.278191 0.865489
v 0.295308 -1.278583 0.865898
v 0.318849 -1.261901 0.867501
v 0.343178 -1.278163 0.856529
v 0.344737 -1.261850 0.859057
v 0.367592 -1.261898 0.843198
v 0.346070 -1.241139 0.862058
v 0.348595 -1.183226 0.868875
v 0.319048 -1.241194 0.870208
v 0.370141 -1.241154 0.846627
v 0.374434 -1.183248 0.853421
v 0.391938 -1.241167 0.827012
v 0.397849 -1.183265 0.833142
v 0.388593 -1.261933 0.823542
v 0.412337 -1.241154 0.805945
v 0.418969 -1.183248 0.810484
v 0.428637 -1.241139 0.782454
v 0.409003 -1.261898 0.803273
v 0.425687 -1.261850 0.781013
v 0.405542 -1.278404 0.799827
v 0.423216 -1.278163 0.779362
v 0.421006 -1.293045 0.777623
v 0.433045 -1.278191 0.755773
v 0.435070 -1.261901 0.755450
v 0.434328 -1.278583 0.731866
v 0.431236 -1.293080 0.756150
v 0.432594 -1.293514 0.733732
v 0.428986 -1.306740 0.755711
v 0.418791 -1.306633 0.775476
v 0.430353 -1.307178 0.734538
v 0.422079 -1.337735 0.752358
v 0.423378 -1.338076 0.734018
v 0.413059 -1.337558 0.769169
v 0.407834 -1.398463 0.744936
v 0.401477 -1.398286 0.756277
v 0.408984 -1.398582 0.732356
v 0.393250 -1.458253 0.737292
v 0.394206 -1.458181 0.730635
v 0.389681 -1.458119 0.743132
v 0.385478 -1.485979 0.733242
v 0.383418 -1.485913 0.736150
v 0.386281 -1.485826 0.729839
v 0.382585 -1.491790 0.731405
v 0.383648 -1.491236 0.729661
v 0.380922 -1.491883 0.733341
v 0.380912 -1.492943 0.729502
v 0.379259 -1.493234 0.727513
v 0.379135 -1.493214 0.731298
v 0.382736 -1.491687 0.727794
v 0.381200 -1.491790 0.725643
v 0.385571 -1.485689 0.726377
v 0.383593 -1.485600 0.723335
v 0.392504 -1.458026 0.724128
v 0.388610 -1.457940 0.718498
v 0.405155 -1.398796 0.720356
v 0.397517 -1.398926 0.709911
v 0.417484 -1.338718 0.716665
v 0.406216 -1.339096 0.701524
v 0.423585 -1.308014 0.714580
v 0.410696 -1.308503 0.697204
v 0.425744 -1.294355 0.713048
v 0.412667 -1.294846 0.695305
v 0.427520 -1.279356 0.710863
v 0.429380 -1.262961 0.708758
v 0.414635 -1.279809 0.693407
v 0.416592 -1.263379 0.691520
v 0.397679 -1.279489 0.679908
v 0.377065 -1.279647 0.672440
v 0.395419 -1.294403 0.681593
v 0.399855 -1.263106 0.678125
v 0.378939 -1.263411 0.670599
v 0.401217 -1.242346 0.675897
v 0.379536 -1.241826 0.667948
v 0.418466 -1.242649 0.689708
v 0.403093 -1.185146 0.670525
v 0.379296 -1.184870 0.661620
v 0.422451 -1.184840 0.685825
v 0.406612 -1.071074 0.660444
v 0.378917 -1.073487 0.650090
v 0.429982 -1.069203 0.678476
v 0.410027 -0.955376 0.650973
v 0.378577 -0.959137 0.639489
v 0.437182 -0.952978 0.671465
v 0.411211 -0.893196 0.647785
v 0.378199 -0.893703 0.636194
v 0.439747 -0.892887 0.669003
v 0.409388 -0.863584 0.651058
v 0.377227 -0.860234 0.639904
v 0.436992 -0.865587 0.671722
v 0.404481 -0.833846 0.659356
v 0.375202 -0.830446 0.648558
v 0.429523 -0.835822 0.678989
v 0.397851 -0.800405 0.670288
v 0.419503 -0.800770 0.688714
v 0.372542 -0.799561 0.659731
v 0.343849 -0.798670 0.660340
v 0.315245 -0.798385 0.669195
v 0.343462 -0.826170 0.648857
v 0.343451 -0.855971 0.639749
v 0.312323 -0.822885 0.657765
v 0.310541 -0.852576 0.648567
v 0.284602 -0.822062 0.672146
v 0.280579 -0.851501 0.663821
v 0.290205 -0.799053 0.682544
v 0.260843 -0.822267 0.691037
v 0.269017 -0.799595 0.699516
v 0.254489 -0.851554 0.684447
v 0.241097 -0.822062 0.714090
v 0.251283 -0.799053 0.720069
v 0.225712 -0.822885 0.741268
v 0.232924 -0.851501 0.709766
v 0.216586 -0.852576 0.739151
v 0.228851 -0.895567 0.708627
v 0.251784 -0.895745 0.681642
v 0.211909 -0.895083 0.739306
v 0.231269 -0.969525 0.711712
v 0.214217 -0.967771 0.742099
v 0.254585 -0.969826 0.684546
v 0.241025 -1.078861 0.719062
v 0.263451 -1.079032 0.693742
v 0.224363 -1.077970 0.747256
v 0.252518 -1.182864 0.727223
v 0.236191 -1.183122 0.752635
v 0.273730 -1.182896 0.704404
v 0.260119 -1.242174 0.732849
v 0.280793 -1.242316 0.711730
v 0.243549 -1.241895 0.756211
v 0.264548 -1.269032 0.736525
v 0.247318 -1.267753 0.758311
v 0.285303 -1.269344 0.716407
v 0.267839 -1.284854 0.739678
v 0.289332 -1.285396 0.720587
v 0.249743 -1.283562 0.759747
v 0.270475 -1.295926 0.743104
v 0.297370 -1.299681 0.728924
v 0.251489 -1.295008 0.760914
v 0.271954 -1.307323 0.747685
v 0.294128 -1.310305 0.742586
v 0.253471 -1.306878 0.762784
v 0.275247 -1.337625 0.756871
v 0.259170 -1.337558 0.769052
v 0.294228 -1.339569 0.753479
v 0.281768 -1.398066 0.773951
v 0.294732 -1.398817 0.771750
v 0.270751 -1.398285 0.781943
v 0.288345 -1.457765 0.791086
v 0.282548 -1.458119 0.795088
v 0.295139 -1.457597 0.789903
v 0.291829 -1.485598 0.800132
v 0.295252 -1.485165 0.799473
v 0.288811 -1.485913 0.802071
v 0.293400 -1.491564 0.803440
v 0.291307 -1.491883 0.804880
v 0.295190 -1.490794 0.802496
v 0.295023 -1.492784 0.805328
v 0.293094 -1.493214 0.806922
v 0.296767 -1.493085 0.807046
v 0.296863 -1.491244 0.803566
v 0.298759 -1.491339 0.805125
v 0.298590 -1.484932 0.800389
v 0.301472 -1.484835 0.802509
v 0.301668 -1.457913 0.792125
v 0.307409 -1.458184 0.796785
v 0.306952 -1.401080 0.776834
v 0.317986 -1.402515 0.786588
v 0.312040 -1.344131 0.761522
v 0.328398 -1.346913 0.776549
v 0.314692 -1.316876 0.752978
v 0.333888 -1.320643 0.771257
v 0.316648 -1.311315 0.748919
v 0.336114 -1.315728 0.769110
v 0.320775 -1.316876 0.747113
v 0.311141 -1.310305 0.726183
v 0.338341 -1.320643 0.766964
v 0.329410 -1.344131 0.744775
v 0.322023 -1.339569 0.726681
v 0.343830 -1.346913 0.761671
v 0.344898 -1.401080 0.740249
v 0.340263 -1.398817 0.727852
v 0.354242 -1.402515 0.751633
v 0.360371 -1.457914 0.735527
v 0.358390 -1.457597 0.728922
v 0.364819 -1.458184 0.741435
v 0.368742 -1.484932 0.732754
v 0.367950 -1.485165 0.729385
v 0.370756 -1.484835 0.735711
v 0.371981 -1.491244 0.731143
v 0.370972 -1.490794 0.729433
v 0.373470 -1.491339 0.733095
v 0.373809 -1.492784 0.729369
v 0.371981 -1.491564 0.727678
v 0.375461 -1.493086 0.731175
v 0.375473 -1.493214 0.727499
v 0.373497 -1.491883 0.725639
v 0.377351 -1.493588 0.729353
v 0.377332 -1.492943 0.725789
v 0.379105 -1.491687 0.724028
v 0.375492 -1.491790 0.724047
v 0.377274 -1.491236 0.723050
v 0.373762 -1.485979 0.721089
v 0.377192 -1.485827 0.720412
v 0.369998 -1.458253 0.713175
v 0.370780 -1.485913 0.723042
v 0.364032 -1.458119 0.716528
v 0.368733 -1.485598 0.725987
v 0.359820 -1.457765 0.722176
v 0.342937 -1.398066 0.714977
v 0.351326 -1.398286 0.704260
v 0.326107 -1.337625 0.707836
v 0.338866 -1.337558 0.692215
v 0.317047 -1.307323 0.704210
v 0.332811 -1.306878 0.686291
v 0.312523 -1.295926 0.702565
v 0.331014 -1.295008 0.684242
v 0.309196 -1.284854 0.699805
v 0.329912 -1.283562 0.682454
v 0.306164 -1.269032 0.696401
v 0.328566 -1.267753 0.679979
v 0.302653 -1.242174 0.691841
v 0.326604 -1.241895 0.676135
v 0.297308 -1.182864 0.684040
v 0.323299 -1.183122 0.668652
v 0.289573 -1.078861 0.672256
v 0.318356 -1.077970 0.656635
v 0.282584 -0.969525 0.662238
v 0.313573 -0.967771 0.646307
v 0.279589 -0.895567 0.659710
v 0.310867 -0.895083 0.643899
v 0.344177 -0.894394 0.635400
v 0.345948 -0.963827 0.638239
v 0.348789 -1.076008 0.648916
v 0.351645 -1.183983 0.660936
v 0.353423 -1.241699 0.667920
v 0.353948 -1.265387 0.671094
v 0.353432 -1.281393 0.673104
v 0.352700 -1.294245 0.674662
v 0.375044 -1.293901 0.674030
v 0.352917 -1.306885 0.676807
v 0.355995 -1.337735 0.683814
v 0.374112 -1.307226 0.676202
v 0.374370 -1.338076 0.683186
v 0.393804 -1.308020 0.683690
v 0.391496 -1.338718 0.689711
v 0.387358 -1.398796 0.701896
v 0.375506 -1.398582 0.697631
v 0.383126 -1.458026 0.714401
v 0.376686 -1.458181 0.712462
v 0.380625 -1.485689 0.721247
v 0.362892 -1.398463 0.698321
v 0.377205 -1.492784 0.732892
v 0.375366 -1.491244 0.734654
v 0.378828 -1.491564 0.734781
v 0.377038 -1.490794 0.735725
v 0.380400 -1.485598 0.738088
v 0.376976 -1.485165 0.738747
v 0.383883 -1.457765 0.747134
v 0.377090 -1.457597 0.748317
v 0.390460 -1.398066 0.764269
v 0.377497 -1.398817 0.766471
v 0.396982 -1.337625 0.781349
v 0.378000 -1.339569 0.784741
v 0.400321 -1.307058 0.790587
v 0.360189 -1.344131 0.776698
v 0.357542 -1.316854 0.785248
v 0.365277 -1.401080 0.761386
v 0.370561 -1.457914 0.746096
v 0.373638 -1.484932 0.737832
v 0.351459 -1.316854 0.791113
v 0.342818 -1.344131 0.793446
v 0.350205 -1.339569 0.811539
v 0.327331 -1.401080 0.797971
v 0.331965 -1.398817 0.810369
v 0.311857 -1.457914 0.802693
v 0.313839 -1.457597 0.809299
v 0.303486 -1.484932 0.805467
v 0.304279 -1.485165 0.808836
v 0.300248 -1.491244 0.807077
v 0.301256 -1.490794 0.808787
v 0.298420 -1.492784 0.808851
v 0.300248 -1.491564 0.810542
v 0.296756 -1.493214 0.810721
v 0.298732 -1.491883 0.812581
v 0.294878 -1.493588 0.808867
v 0.294896 -1.492943 0.812432
v 0.293123 -1.491687 0.814192
v 0.296737 -1.491790 0.814173
v 0.292969 -1.493234 0.810707
v 0.291029 -1.491790 0.812578
v 0.291316 -1.492943 0.808719
v 0.289643 -1.491790 0.806815
v 0.289492 -1.491687 0.810426
v 0.288581 -1.491236 0.808560
v 0.286657 -1.485689 0.811843
v 0.288635 -1.485600 0.814885
v 0.285948 -1.485826 0.808381
v 0.279724 -1.458026 0.814092
v 0.278022 -1.458181 0.807585
v 0.283618 -1.457940 0.819722
v 0.267073 -1.398796 0.817865
v 0.274712 -1.398926 0.828310
v 0.263244 -1.398582 0.805865
v 0.254745 -1.338718 0.821555
v 0.248850 -1.338076 0.804202
v 0.266013 -1.339096 0.836696
v 0.248644 -1.308020 0.823642
v 0.261532 -1.308503 0.841016
v 0.241880 -1.307226 0.803689
v 0.246490 -1.294403 0.825179
v 0.239675 -1.293901 0.804541
v 0.259562 -1.294846 0.842916
v 0.244723 -1.279489 0.827376
v 0.242862 -1.263106 0.829486
v 0.257594 -1.279809 0.844814
v 0.238013 -1.279647 0.806503
v 0.236104 -1.263411 0.808308
v 0.239539 -1.281393 0.782910
v 0.237512 -1.265387 0.783352
v 0.241123 -1.294245 0.782235
v 0.243259 -1.306885 0.782530
v 0.250149 -1.337735 0.785863
v 0.264394 -1.398463 0.793285
v 0.278979 -1.458253 0.800928
v 0.286750 -1.485979 0.804979
v 0.234359 -1.241699 0.782711
v 0.227446 -1.183983 0.780680
v 0.233433 -1.241826 0.808808
v 0.227119 -1.184870 0.808337
v 0.240586 -1.242346 0.830765
v 0.235149 -1.185147 0.832444
v 0.253757 -1.242649 0.848506
v 0.255637 -1.263379 0.846700
v 0.249732 -1.184841 0.852347
v 0.271009 -1.242209 0.862315
v 0.292758 -1.241526 0.870232
v 0.272396 -1.262961 0.860110
v 0.269021 -1.184182 0.867644
v 0.292738 -1.183552 0.876419
v 0.265273 -1.068130 0.877692
v 0.292757 -1.067651 0.888030
v 0.242112 -1.069203 0.859605
v 0.261593 -0.951927 0.887240
v 0.292676 -0.951666 0.899024
v 0.234842 -0.952978 0.866544
v 0.260223 -0.892739 0.890672
v 0.292663 -0.892684 0.902966
v 0.232289 -0.892887 0.869017
v 0.262064 -0.866277 0.887576
v 0.293584 -0.866239 0.899612
v 0.235106 -0.865587 0.866364
v 0.267276 -0.836323 0.879164
v 0.296142 -0.835979 0.890548
v 0.242642 -0.835822 0.859165
v 0.274378 -0.800405 0.867933
v 0.252726 -0.800770 0.849507
v 0.299687 -0.799561 0.878490
v 0.328380 -0.798670 0.877881
v 0.356984 -0.798385 0.869026
v 0.327616 -0.835516 0.891194
v 0.326996 -0.866092 0.901225
v 0.359016 -0.835373 0.882989
v 0.360358 -0.866053 0.893514
v 0.387774 -0.835728 0.868462
v 0.391926 -0.866177 0.878070
v 0.382024 -0.799053 0.855677
v 0.412835 -0.836014 0.848687
v 0.403212 -0.799595 0.838705
v 0.419997 -0.866275 0.856115
v 0.433513 -0.835728 0.824364
v 0.420946 -0.799053 0.818152
v 0.449080 -0.835373 0.796156
v 0.442963 -0.866177 0.828864
v 0.459549 -0.866053 0.797881
v 0.446476 -0.892692 0.830036
v 0.422419 -0.892713 0.858626
v 0.463559 -0.892662 0.797964
v 0.442419 -0.951628 0.826662
v 0.459511 -0.951608 0.795531
v 0.418560 -0.951641 0.854624
v 0.431043 -1.067483 0.818707
v 0.408473 -1.067500 0.844161
v 0.447801 -1.067459 0.790406
v 0.435356 -1.183226 0.785227
v 0.456632 -1.067479 0.760217
v 0.468225 -0.951609 0.763082
v 0.456539 -1.067651 0.730125
v 0.444344 -1.183268 0.757273
v 0.444936 -1.183552 0.729683
v 0.437768 -1.241194 0.755748
v 0.438752 -1.241526 0.729476
v 0.436232 -1.262254 0.730099
v 0.431634 -1.242209 0.707453
v 0.437033 -1.184182 0.705661
v 0.447211 -1.068130 0.702282
v 0.456887 -0.951927 0.698953
v 0.467528 -0.951666 0.730446
v 0.460367 -0.892739 0.697709
v 0.457206 -0.866277 0.699437
v 0.471467 -0.892684 0.730577
v 0.468082 -0.866238 0.731375
v 0.472282 -0.892659 0.764441
v 0.468474 -0.866092 0.764823
v 0.458427 -0.835516 0.765077
v 0.445095 -0.798670 0.765354
v 0.458931 -0.835979 0.733600
v 0.446751 -0.799561 0.736702
v 0.448609 -0.836323 0.704338
v 0.437126 -0.800405 0.711025
v 0.435201 -0.798385 0.793615
v 0.382211 -1.067483 0.865788
v 0.353316 -1.067459 0.881500
v 0.389745 -0.951628 0.877446
v 0.358011 -0.951608 0.893390
v 0.392969 -0.892692 0.881624
v 0.360294 -0.892662 0.897524
v 0.326474 -0.892659 0.905017
v 0.325265 -0.951609 0.900912
v 0.322825 -1.067479 0.889223
v 0.320332 -1.183268 0.876835
v 0.235103 -0.800405 0.827196
v 0.225478 -0.799561 0.801518
v 0.223937 -0.833846 0.833422
v 0.215464 -0.863584 0.838023
v 0.214215 -0.830446 0.803769
v 0.205493 -0.860234 0.805477
v 0.215673 -0.826170 0.772061
v 0.227134 -0.798670 0.772867
v 0.206572 -0.855971 0.771717
v 0.202199 -0.894394 0.772283
v 0.201749 -0.893703 0.806312
v 0.204971 -0.963827 0.774157
v 0.205029 -0.959137 0.806810
v 0.215537 -1.076008 0.777386
v 0.215611 -1.073487 0.807538
v 0.224945 -1.071074 0.835592
v 0.215357 -0.955376 0.838659
v 0.212127 -0.893196 0.839725
v 0.237028 -0.798385 0.744606
v 0.293473 -1.262254 0.867736
v 0.274568 -1.279356 0.858327
v 0.276816 -1.294355 0.856633
v 0.278425 -1.308014 0.854531
v 0.280732 -1.338718 0.848510
v 0.297859 -1.338076 0.855034
v 0.284871 -1.398796 0.836325
v 0.296723 -1.398582 0.840589
v 0.289103 -1.458026 0.823819
v 0.295543 -1.458181 0.825758
v 0.291603 -1.485689 0.816973
v 0.295037 -1.485826 0.817809
v 0.294955 -1.491236 0.815171
v 0.298467 -1.485979 0.817131
v 0.302231 -1.458253 0.825046
v 0.301448 -1.485913 0.815178
v 0.308197 -1.458119 0.821692
v 0.303495 -1.485598 0.812233
v 0.312408 -1.457765 0.816045
v 0.329292 -1.398066 0.823243
v 0.320903 -1.398286 0.833961
v 0.309336 -1.398463 0.839899
vn 0.5466 -0.6163 0.5669
vn 0.6371 -0.3966 0.6609
vn 0.2620 -0.9260 0.2717
vn 0.0612 -0.5372 0.8412
vn 0.5722 -0.3983 0.7169
vn 0.8384 -0.5372 0.0919
vn 0.6955 -0.3983 0.5980
vn 0.5346 -0.2220 0.8154
vn 0.6461 -0.3231 0.6915
vn 0.7786 -0.3717 0.5055
vn 0.8476 -0.2985 0.4387
vn 0.5727 -0.2528 0.7798
vn 0.5959 -0.2700 0.7563
vn 0.2299 -0.2071 0.9509
vn 0.2389 -0.2450 0.9396
vn -0.1525 -0.1944 0.9690
vn 0.2121 -0.1525 0.9653
vn -0.1552 -0.1524 0.9761
vn 0.1853 -0.1298 0.9741
vn -0.1620 -0.1336 0.9777
vn 0.1613 -0.1324 0.9780
vn 0.4852 -0.1971 0.8519
vn 0.4430 -0.1752 0.8792
vn 0.6151 -0.2356 0.7524
vn 0.4146 -0.1434 0.8986
vn 0.3900 -0.1212 0.9128
vn 0.1445 -0.1250 0.9816
vn 0.5981 -0.1658 0.7840
vn 0.5791 -0.1298 0.8049
vn 0.6831 -0.1771 0.7085
vn 0.6878 -0.1342 0.7134
vn 0.6693 -0.2650 0.6942
vn 0.7617 -0.1658 0.6264
vn 0.7832 -0.1298 0.6081
vn 0.8829 -0.1434 0.4472
vn 0.7294 -0.2356 0.6422
vn 0.8624 -0.1752 0.4749
vn 0.6674 -0.3231 0.6709
vn 0.8336 -0.1971 0.5160
vn 0.7954 -0.2220 0.5640
vn 0.9667 -0.1298 0.2207
vn 0.9714 -0.1324 0.1969
vn 0.9830 -0.1336 -0.1262
vn 0.9569 -0.1525 0.2473
vn 0.9811 -0.1524 -0.1194
vn 0.9419 -0.2071 0.2645
vn 0.7583 -0.2528 0.6008
vn 0.9739 -0.1944 -0.1170
vn 0.9303 -0.2450 0.2731
vn 0.9680 -0.2225 -0.1162
vn 0.7341 -0.2700 0.6231
vn 0.9219 -0.2567 0.2901
vn 0.7162 -0.2772 0.6405
vn 0.9674 -0.2322 -0.1007
vn 0.9036 -0.2804 0.3240
vn 0.9646 -0.2560 -0.0638
vn 0.6883 -0.2998 0.6606
vn 0.8386 -0.3984 0.3715
vn 0.6206 -0.4229 0.6603
vn 0.9299 -0.3673 -0.0186
vn 0.6298 -0.7251 0.2786
vn 0.7870 -0.6169 0.0031
vn 0.4342 -0.7391 0.5150
vn 0.3726 -0.9280 0.0057
vn 0.2157 -0.9540 -0.2080
vn 0.1708 -0.9574 0.2329
vn 0.6644 -0.6982 -0.2668
vn 0.5130 -0.7015 -0.4946
vn 0.8508 -0.3540 -0.3883
vn 0.6730 -0.3550 -0.6489
vn 0.8796 -0.2344 -0.4140
vn 0.7013 -0.2259 -0.6761
vn 0.8737 -0.2110 -0.4383
vn 0.7050 -0.2027 -0.6797
vn 0.8704 -0.2051 -0.4476
vn 0.7056 -0.1987 -0.6802
vn 0.8732 -0.1952 -0.4466
vn 0.7059 -0.1965 -0.6805
vn 0.8775 -0.1765 -0.4458
vn 0.7074 -0.1871 -0.6816
vn 0.8794 -0.1613 -0.4480
vn 0.8810 -0.1403 -0.4519
vn 0.7094 -0.1724 -0.6833
vn 0.7127 -0.1449 -0.6864
vn 0.4817 -0.1624 -0.8612
vn 0.1642 -0.1351 -0.9771
vn 0.4785 -0.1778 -0.8599
vn 0.4859 -0.1406 -0.8626
vn 0.1718 -0.1310 -0.9764
vn 0.4875 -0.1117 -0.8660
vn 0.1765 -0.1181 -0.9772
vn 0.7160 -0.1099 -0.6894
vn 0.4887 -0.0957 -0.8672
vn 0.1880 -0.1055 -0.9765
vn 0.7175 -0.0923 -0.6904
vn 0.4877 -0.0892 -0.8684
vn 0.1999 -0.0959 -0.9751
vn 0.7174 -0.0874 -0.6912
vn 0.4803 -0.0691 -0.8744
vn 0.1960 -0.0687 -0.9782
vn 0.7156 -0.0713 -0.6949
vn 0.4737 0.0365 -0.8799
vn 0.1840 0.0343 -0.9823
vn 0.7140 0.0387 -0.6991
vn 0.4744 0.2156 -0.8535
vn 0.1874 0.2036 -0.9609
vn 0.6987 0.2261 -0.6787
vn 0.4814 0.3325 -0.8110
vn 0.1956 0.3261 -0.9249
vn 0.6788 0.3399 -0.6509
vn 0.4858 0.3586 -0.7971
vn 0.6739 0.3605 -0.6450
vn 0.1891 0.3617 -0.9129
vn -0.1170 0.3875 -0.9144
vn -0.3324 0.4250 -0.8419
vn -0.1043 0.3380 -0.9353
vn -0.1064 0.2004 -0.9739
vn -0.3308 0.3602 -0.8723
vn -0.3417 0.1991 -0.9185
vn -0.5043 0.3731 -0.7788
vn -0.5281 0.1945 -0.8266
vn -0.4912 0.4495 -0.7461
vn -0.6433 0.3756 -0.6672
vn -0.6176 0.4564 -0.6406
vn -0.6812 0.1916 -0.7066
vn -0.7598 0.3731 -0.5324
vn -0.7277 0.4495 -0.5181
vn -0.8596 0.3602 -0.3624
vn -0.8068 0.1945 -0.5579
vn -0.9054 0.1990 -0.3750
vn -0.8221 0.0199 -0.5689
vn -0.6940 0.0169 -0.7198
vn -0.9229 0.0267 -0.3841
vn -0.8162 -0.0807 -0.5722
vn -0.9208 -0.0751 -0.3827
vn -0.6916 -0.0835 -0.7174
vn -0.8020 -0.1217 -0.5847
vn -0.6886 -0.1255 -0.7142
vn -0.9120 -0.1137 -0.3942
vn -0.7818 -0.1441 -0.6067
vn -0.8976 -0.1317 -0.4206
vn -0.6862 -0.1500 -0.7118
vn -0.7560 -0.1799 -0.6294
vn -0.6812 -0.1920 -0.7065
vn -0.8792 -0.1545 -0.4507
vn -0.7223 -0.2365 -0.6499
vn -0.8577 -0.1769 -0.4828
vn -0.6691 -0.2657 -0.6940
vn -0.6588 -0.3385 -0.6719
vn -0.6279 -0.4261 -0.6513
vn -0.8295 -0.1946 -0.5234
vn -0.5611 -0.4294 -0.7077
vn -0.5224 -0.6584 -0.5419
vn -0.7923 -0.2249 -0.5672
vn -0.4743 -0.3829 -0.7927
vn -0.0620 -0.5541 -0.8301
vn -0.7573 -0.2555 -0.6010
vn -0.4074 -0.2988 -0.8630
vn -0.7340 -0.2702 -0.6231
vn 0.0648 -0.3155 -0.9467
vn -0.3795 -0.2909 -0.8783
vn 0.0757 -0.2916 -0.9535
vn -0.7162 -0.2772 -0.6405
vn -0.3538 -0.3098 -0.8825
vn -0.6883 -0.2998 -0.6606
vn 0.0730 -0.3076 -0.9487
vn -0.3203 -0.4181 -0.8500
vn 0.0751 -0.4054 -0.9110
vn -0.6206 -0.4229 -0.6603
vn -0.1786 -0.7184 -0.6723
vn -0.4342 -0.7391 -0.5149
vn 0.0828 -0.6130 -0.7857
vn 0.0690 -0.9065 -0.4164
vn -0.1708 -0.9574 -0.2329
vn 0.2585 -0.9333 -0.2492
vn 0.3290 -0.6878 -0.6471
vn 0.5210 -0.6901 -0.5023
vn 0.4367 -0.3955 -0.8080
vn 0.6614 -0.3949 -0.6377
vn 0.4581 -0.2883 -0.8409
vn 0.6916 -0.2776 -0.6668
vn 0.4798 -0.2684 -0.8353
vn 0.6960 -0.2555 -0.6710
vn 0.4879 -0.2858 -0.8248
vn 0.6936 -0.2678 -0.6687
vn 0.4213 -0.4980 -0.7580
vn 0.6507 -0.4283 -0.6270
vn -0.2502 -0.9328 -0.2595
vn 0.0006 -1.0000 0.0006
vn -0.7728 -0.4980 0.3933
vn -0.8273 -0.5541 -0.0923
vn -0.6504 -0.4283 0.6273
vn -0.8421 -0.2858 0.4574
vn -0.9484 -0.3155 0.0302
vn -0.6936 -0.2678 0.6687
vn -0.8523 -0.2684 0.4489
vn -0.9557 -0.2916 0.0409
vn -0.6960 -0.2555 0.6710
vn -0.8570 -0.2883 0.4271
vn -0.9507 -0.3076 0.0383
vn -0.6916 -0.2776 0.6668
vn -0.8235 -0.3955 0.4068
vn -0.9132 -0.4054 0.0418
vn -0.6614 -0.3949 0.6377
vn -0.6587 -0.6878 0.3051
vn -0.7882 -0.6130 0.0541
vn -0.5210 -0.6901 0.5023
vn -0.4187 -0.9065 0.0538
vn -0.6653 -0.7184 -0.2030
vn -0.2585 -0.9333 0.2492
vn -0.2265 -0.9574 -0.1792
vn -0.4987 -0.7391 -0.4527
vn -0.0208 -0.9996 0.0200
vn 0.0079 -0.9279 -0.3726
vn 0.2908 -0.6982 -0.6542
vn -0.2554 -0.7251 -0.6396
vn 0.0256 -0.6170 -0.7866
vn -0.3406 -0.3984 -0.8516
vn 0.0526 -0.3674 -0.9286
vn -0.2907 -0.2804 -0.9148
vn -0.6372 -0.4229 -0.6443
vn -0.6350 -0.2998 -0.7119
vn -0.8378 -0.4181 -0.3511
vn -0.8690 -0.3098 -0.3858
vn -0.8638 -0.2909 -0.4113
vn -0.6139 -0.2772 -0.7391
vn -0.8475 -0.2988 -0.4386
vn -0.5959 -0.2702 -0.7563
vn -0.7749 -0.3829 -0.5030
vn -0.5730 -0.2555 -0.7787
vn -0.6867 -0.4294 -0.5866
vn -0.5379 -0.2248 -0.8125
vn -0.6474 -0.3385 -0.6829
vn -0.4928 -0.1946 -0.8481
vn -0.6230 -0.2365 -0.7456
vn -0.4512 -0.1769 -0.8747
vn -0.6014 -0.1799 -0.7785
vn -0.4183 -0.1545 -0.8951
vn -0.5777 -0.1441 -0.8034
vn -0.3876 -0.1317 -0.9124
vn -0.5551 -0.1217 -0.8229
vn -0.3606 -0.1137 -0.9258
vn -0.5420 -0.0807 -0.8365
vn -0.3488 -0.0751 -0.9342
vn -0.5385 0.0199 -0.8424
vn -0.3501 0.0267 -0.9363
vn -0.1096 0.0321 -0.9935
vn -0.0986 -0.0707 -0.9926
vn -0.1009 -0.1050 -0.9893
vn -0.1215 -0.1185 -0.9855
vn -0.1438 -0.1317 -0.9808
vn -0.1627 -0.1350 -0.9774
vn -0.1875 -0.1276 -0.9739
vn -0.2148 -0.1510 -0.9649
vn 0.1557 -0.1537 -0.9758
vn -0.2304 -0.2081 -0.9506
vn -0.2389 -0.2452 -0.9396
vn 0.1528 -0.1955 -0.9687
vn 0.1516 -0.2226 -0.9631
vn 0.4784 -0.1957 -0.8561
vn 0.4792 -0.2051 -0.8534
vn 0.4699 -0.2110 -0.8571
vn 0.1359 -0.2322 -0.9631
vn 0.4458 -0.2344 -0.8639
vn 0.0990 -0.2560 -0.9616
vn 0.4192 -0.3540 -0.8361
vn -0.2563 -0.2567 -0.9319
vn -0.0691 -0.9065 0.4164
vn -0.3290 -0.6878 0.6471
vn 0.1786 -0.7185 0.6723
vn -0.0829 -0.6130 0.7857
vn 0.3203 -0.4181 0.8500
vn -0.0751 -0.4054 0.9110
vn 0.3538 -0.3098 0.8825
vn -0.0730 -0.3076 0.9487
vn 0.3795 -0.2909 0.8783
vn -0.0757 -0.2916 0.9535
vn 0.4075 -0.2985 0.8630
vn -0.0647 -0.3152 0.9468
vn 0.4768 -0.3717 0.7966
vn -0.4878 -0.2857 0.8249
vn -0.4220 -0.4911 0.7620
vn -0.4798 -0.2684 0.8353
vn -0.4581 -0.2883 0.8409
vn -0.4366 -0.3955 0.8080
vn 0.7769 -0.4911 -0.3939
vn 0.8422 -0.2857 -0.4573
vn 0.9485 -0.3152 -0.0301
vn 0.8523 -0.2684 -0.4489
vn 0.9557 -0.2916 -0.0409
vn 0.8570 -0.2883 -0.4271
vn 0.9507 -0.3076 -0.0383
vn 0.8234 -0.3955 -0.4068
vn 0.9132 -0.4054 -0.0418
vn 0.6587 -0.6878 -0.3051
vn 0.7882 -0.6130 -0.0541
vn 0.4187 -0.9065 -0.0538
vn 0.6653 -0.7184 0.2030
vn 0.2265 -0.9574 0.1792
vn 0.4988 -0.7391 0.4527
vn 0.0208 -0.9996 -0.0200
vn -0.0079 -0.9280 0.3726
vn -0.2908 -0.6982 0.6542
vn 0.2554 -0.7250 0.6396
vn -0.2157 -0.9540 0.2080
vn -0.5130 -0.7015 0.4946
vn -0.3727 -0.9280 -0.0057
vn -0.6298 -0.7251 -0.2786
vn -0.6644 -0.6982 0.2668
vn -0.7870 -0.6169 -0.0031
vn -0.8508 -0.3540 0.3883
vn -0.6730 -0.3550 0.6489
vn -0.9299 -0.3673 0.0186
vn -0.8796 -0.2344 0.4140
vn -0.9646 -0.2560 0.0638
vn -0.7013 -0.2259 0.6761
vn -0.8737 -0.2110 0.4383
vn -0.7050 -0.2027 0.6797
vn -0.9674 -0.2322 0.1007
vn -0.8704 -0.2051 0.4477
vn -0.9680 -0.2226 0.1163
vn -0.7055 -0.1987 0.6802
vn -0.8730 -0.1957 0.4468
vn -0.7058 -0.1965 0.6806
vn -0.9737 -0.1955 0.1173
vn -0.8768 -0.1778 0.4468
vn -0.9808 -0.1537 0.1199
vn -0.7070 -0.1871 0.6820
vn -0.8782 -0.1624 0.4499
vn -0.8798 -0.1406 0.4541
vn -0.7088 -0.1724 0.6840
vn -0.9825 -0.1351 0.1284
vn -0.9820 -0.1310 0.1361
vn -0.9664 -0.1276 -0.2229
vn -0.9708 -0.1350 -0.1982
vn -0.9564 -0.1510 -0.2499
vn -0.9415 -0.2081 -0.2649
vn -0.9302 -0.2452 -0.2730
vn -0.9219 -0.2567 -0.2901
vn -0.9036 -0.2804 -0.3240
vn -0.8386 -0.3984 -0.3715
vn -0.9749 -0.1317 -0.1795
vn -0.9804 -0.1185 -0.1574
vn -0.9830 -0.1181 0.1407
vn -0.9827 -0.1055 0.1522
vn -0.8832 -0.1117 0.4555
vn -0.8845 -0.0957 0.4567
vn -0.7151 -0.1099 0.6903
vn -0.7119 -0.1449 0.6871
vn -0.7162 -0.0923 0.6918
vn -0.4853 -0.1111 0.8672
vn -0.1730 -0.1154 0.9781
vn -0.4837 -0.1403 0.8639
vn -0.4856 -0.0946 0.8691
vn -0.1825 -0.1024 0.9779
vn -0.4854 -0.0895 0.8697
vn -0.1956 -0.0963 0.9759
vn -0.7169 -0.0874 0.6917
vn -0.4862 -0.0742 0.8707
vn -0.2052 -0.0795 0.9755
vn -0.7206 -0.0713 0.6897
vn -0.4888 0.0369 0.8716
vn -0.2080 0.0344 0.9775
vn -0.7247 0.0387 0.6880
vn -0.4813 0.2232 0.8477
vn -0.2013 0.2190 0.9547
vn -0.7038 0.2261 0.6735
vn -0.4771 0.3307 0.8142
vn -0.1911 0.3203 0.9278
vn -0.6752 0.3399 0.6546
vn -0.4812 0.3481 0.8045
vn -0.6691 0.3605 0.6499
vn -0.1805 0.3359 0.9244
vn 0.1323 0.3366 0.9323
vn 0.3522 0.3451 0.8700
vn 0.1097 0.3225 0.9402
vn 0.0890 0.2231 0.9707
vn 0.3372 0.3305 0.8815
vn 0.3288 0.2268 0.9168
vn 0.5108 0.3346 0.7919
vn 0.5190 0.2257 0.8244
vn 0.5153 0.3506 0.7820
vn 0.6539 0.3355 0.6782
vn 0.6496 0.3520 0.6738
vn 0.6764 0.2244 0.7015
vn 0.7727 0.3346 0.5394
vn 0.7627 0.3506 0.5435
vn 0.8686 0.3305 0.3691
vn 0.8049 0.2257 0.5488
vn 0.9041 0.2268 0.3620
vn 0.8272 0.0224 0.5615
vn 0.6939 0.0191 0.7198
vn 0.9303 0.0292 0.3657
vn 0.8167 -0.1029 0.5678
vn 0.9223 -0.0949 0.3745
vn 0.6901 -0.1066 0.7158
vn 0.8016 -0.1210 0.5856
vn 0.6887 -0.1246 0.7143
vn 0.9111 -0.1135 0.3963
vn 0.8979 -0.1212 0.4231
vn 0.9845 -0.1052 0.1405
vn 0.9886 -0.0868 0.1232
vn 0.9824 -0.0963 -0.1599
vn 0.9803 -0.1121 0.1624
vn 0.9839 -0.1024 -0.1466
vn 0.9756 -0.1250 0.1803
vn 0.9838 -0.1155 -0.1372
vn 0.9827 -0.1291 -0.1329
vn 0.8844 -0.1111 -0.4533
vn 0.8862 -0.0946 -0.4535
vn 0.8868 -0.0895 -0.4533
vn 0.8879 -0.0742 -0.4541
vn 0.9823 -0.0795 -0.1694
vn 0.8889 0.0369 -0.4567
vn 0.8647 0.2232 -0.4500
vn 0.9845 0.0344 -0.1721
vn 0.9615 0.2190 -0.1663
vn 0.9924 0.0333 0.1181
vn 0.9668 0.2231 0.1244
vn 0.9356 0.3225 0.1440
vn 0.9269 0.3366 0.1662
vn 0.9342 0.3203 -0.1570
vn 0.9304 0.3359 -0.1466
vn 0.8311 0.3307 -0.4471
vn 0.8216 0.3481 -0.4515
vn 0.8565 0.3451 0.3837
vn 0.5559 -0.1210 0.8224
vn 0.3628 -0.1135 0.9249
vn 0.5376 -0.1029 0.8369
vn 0.3406 -0.0949 0.9354
vn 0.5309 0.0224 0.8471
vn 0.3315 0.0292 0.9430
vn 0.0817 0.0333 0.9961
vn 0.0870 -0.0868 0.9924
vn 0.1044 -0.1052 0.9889
vn 0.1265 -0.1121 0.9856
vn -0.8143 0.3586 0.4563
vn -0.9192 0.3617 0.1556
vn -0.8280 0.3325 0.4515
vn -0.8703 0.2156 0.4429
vn -0.9314 0.3261 0.1617
vn -0.9671 0.2036 0.1522
vn -0.9309 0.3380 -0.1384
vn -0.9095 0.3875 -0.1503
vn -0.9694 0.2004 -0.1419
vn -0.9888 0.0321 -0.1459
vn -0.9884 0.0343 0.1479
vn -0.9883 -0.0707 -0.1348
vn -0.9847 -0.0687 0.1601
vn -0.9850 -0.1050 -0.1370
vn -0.9818 -0.0959 0.1641
vn -0.8857 -0.0892 0.4557
vn -0.8913 -0.0691 0.4480
vn -0.8966 0.0365 0.4413
vn -0.8292 0.4250 -0.3629
vn -0.1687 -0.1291 0.9772
vn -0.4798 -0.1613 0.8624
vn -0.4776 -0.1765 0.8607
vn -0.4782 -0.1952 0.8563
vn -0.4791 -0.2051 0.8535
vn -0.1515 -0.2225 0.9631
vn -0.4699 -0.2110 0.8571
vn -0.1359 -0.2322 0.9631
vn -0.4458 -0.2344 0.8639
vn -0.0989 -0.2560 0.9616
vn -0.4191 -0.3540 0.8361
vn -0.0526 -0.3673 0.9286
vn -0.0256 -0.6169 0.7866
vn 0.3406 -0.3984 0.8516
vn 0.2907 -0.2804 0.9148
vn 0.6372 -0.4229 0.6443
vn 0.6350 -0.2998 0.7119
vn 0.8378 -0.4181 0.3511
vn 0.8690 -0.3098 0.3858
vn 0.8638 -0.2909 0.4113
vn 0.6139 -0.2772 0.7391
vn 0.2563 -0.2567 0.9319
vt 0.090839 0.973152
vt 0.090649 0.971352
vt 0.086123 0.971295
vt 0.086119 0.972749
vt 0.095309 0.972801
vt 0.095148 0.971346
vt 0.089094 0.974229
vt 0.090604 0.974686
vt 0.091246 0.974150
vt 0.092814 0.974250
vt 0.091934 0.974693
vt 0.095715 0.974074
vt 0.085854 0.974019
vt 0.082020 0.972665
vt 0.082081 0.973975
vt 0.081919 0.971224
vt 0.085352 0.976942
vt 0.082164 0.976941
vt 0.088030 0.977045
vt 0.078869 0.973898
vt 0.079389 0.976886
vt 0.078634 0.972568
vt 0.076607 0.973789
vt 0.077416 0.976789
vt 0.076251 0.972450
vt 0.078374 0.971108
vt 0.075852 0.970974
vt 0.078092 0.969512
vt 0.075443 0.969363
vt 0.081777 0.969643
vt 0.086037 0.969715
vt 0.085890 0.967710
vt 0.081556 0.967630
vt 0.077789 0.967489
vt 0.085520 0.962076
vt 0.081001 0.961983
vt 0.077128 0.961830
vt 0.090559 0.969748
vt 0.090489 0.967747
vt 0.090366 0.962121
vt 0.095118 0.967762
vt 0.095260 0.962131
vt 0.095093 0.969766
vt 0.099613 0.967732
vt 0.099976 0.962089
vt 0.099481 0.969743
vt 0.099424 0.971322
vt 0.099403 0.972762
vt 0.103030 0.972705
vt 0.103262 0.971248
vt 0.103510 0.969655
vt 0.106256 0.971145
vt 0.106664 0.969538
vt 0.105854 0.972616
vt 0.099431 0.974072
vt 0.102850 0.974032
vt 0.105526 0.973952
vt 0.099594 0.977039
vt 0.102538 0.977016
vt 0.104867 0.976943
vt 0.101955 0.982852
vt 0.103579 0.982792
vt 0.099941 0.982859
vt 0.100295 0.988589
vt 0.101363 0.988591
vt 0.102259 0.988549
vt 0.101045 0.991242
vt 0.101535 0.991211
vt 0.100484 0.991239
vt 0.100562 0.991791
vt 0.100966 0.991782
vt 0.101284 0.991724
vt 0.101414 0.991750
vt 0.101021 0.991871
vt 0.100622 0.991896
vt 0.101088 0.991875
vt 0.100671 0.991908
vt 0.101512 0.991735
vt 0.101876 0.991171
vt 0.102036 0.991128
vt 0.103133 0.988407
vt 0.102861 0.988480
vt 0.104620 0.982710
vt 0.105081 0.982601
vt 0.106983 0.976713
vt 0.106335 0.976854
vt 0.107215 0.973859
vt 0.107963 0.973703
vt 0.108394 0.972359
vt 0.107622 0.972518
vt 0.108066 0.971039
vt 0.108825 0.970879
vt 0.108511 0.969423
vt 0.109253 0.969262
vt 0.108689 0.970638
vt 0.108253 0.972102
vt 0.109127 0.969028
vt 0.107453 0.970456
vt 0.107054 0.971856
vt 0.107867 0.968857
vt 0.108246 0.966717
vt 0.109534 0.966977
vt 0.109663 0.967220
vt 0.108978 0.961060
vt 0.110371 0.961318
vt 0.110540 0.961526
vt 0.110319 0.928893
vt 0.111941 0.928942
vt 0.112197 0.929102
vt 0.111553 0.893564
vt 0.113427 0.893455
vt 0.113780 0.893602
vt 0.111908 0.883230
vt 0.113931 0.883653
vt 0.114340 0.884151
vt 0.111364 0.877990
vt 0.113351 0.879005
vt 0.113730 0.879851
vt 0.110119 0.873366
vt 0.111851 0.874352
vt 0.112088 0.875153
vt 0.108506 0.868588
vt 0.109858 0.869123
vt 0.109889 0.869619
vt 0.106804 0.872326
vt 0.105469 0.868119
vt 0.102521 0.871535
vt 0.101454 0.867829
vt 0.107893 0.876923
vt 0.103437 0.876093
vt 0.098516 0.875728
vt 0.097935 0.871227
vt 0.097270 0.867776
vt 0.093352 0.875639
vt 0.093220 0.871172
vt 0.093050 0.867785
vt 0.088421 0.871141
vt 0.088758 0.867700
vt 0.088094 0.875634
vt 0.083579 0.871365
vt 0.084348 0.867676
vt 0.082889 0.875909
vt 0.087810 0.882509
vt 0.082387 0.882545
vt 0.093409 0.882533
vt 0.093350 0.894252
vt 0.087690 0.894206
vt 0.082292 0.894037
vt 0.087818 0.928824
vt 0.082723 0.928773
vt 0.093166 0.928858
vt 0.092952 0.960363
vt 0.088029 0.960349
vt 0.083301 0.960416
vt 0.088141 0.966287
vt 0.083633 0.966286
vt 0.092804 0.966319
vt 0.092710 0.969046
vt 0.088159 0.968991
vt 0.083771 0.968876
vt 0.088121 0.970594
vt 0.083850 0.970461
vt 0.092627 0.970685
vt 0.092459 0.972204
vt 0.087983 0.971727
vt 0.083890 0.971610
vt 0.090489 0.973314
vt 0.087588 0.972890
vt 0.083871 0.972806
vt 0.089196 0.976269
vt 0.086829 0.975959
vt 0.083710 0.975912
vt 0.085458 0.982073
vt 0.083364 0.982065
vt 0.087061 0.982228
vt 0.084930 0.988141
vt 0.084087 0.988115
vt 0.083009 0.988133
vt 0.083364 0.990942
vt 0.082820 0.990963
vt 0.083797 0.990920
vt 0.083428 0.991493
vt 0.083131 0.991562
vt 0.082742 0.991587
vt 0.083072 0.991706
vt 0.082682 0.991744
vt 0.083473 0.991557
vt 0.083047 0.991759
vt 0.082634 0.991807
vt 0.083482 0.991590
vt 0.084032 0.990927
vt 0.084076 0.990952
vt 0.085339 0.988234
vt 0.085374 0.988332
vt 0.087715 0.982573
vt 0.087687 0.982857
vt 0.090073 0.976899
vt 0.089965 0.977388
vt 0.091370 0.974178
vt 0.091165 0.974805
vt 0.092058 0.973618
vt 0.091652 0.974323
vt 0.094210 0.973335
vt 0.092700 0.974185
vt 0.092139 0.974811
vt 0.095274 0.976303
vt 0.093872 0.976921
vt 0.093340 0.977407
vt 0.097019 0.982284
vt 0.096014 0.982620
vt 0.095617 0.982901
vt 0.098763 0.988218
vt 0.098178 0.988306
vt 0.097930 0.988402
vt 0.099696 0.991009
vt 0.099374 0.991013
vt 0.099228 0.991037
vt 0.100002 0.991586
vt 0.099902 0.991649
vt 0.099822 0.991681
vt 0.100316 0.991659
vt 0.100303 0.991803
vt 0.100257 0.991856
vt 0.100717 0.991688
vt 0.100698 0.991846
vt 0.101095 0.991822
vt 0.101114 0.991683
vt 0.101489 0.991700
vt 0.101417 0.991636
vt 0.101289 0.991079
vt 0.101724 0.991085
vt 0.100747 0.991063
vt 0.101847 0.988269
vt 0.102623 0.988306
vt 0.100830 0.988233
vt 0.100183 0.991036
vt 0.099718 0.988203
vt 0.098836 0.982149
vt 0.100985 0.982164
vt 0.097952 0.976022
vt 0.101140 0.976010
vt 0.097450 0.972945
vt 0.101223 0.972904
vt 0.097179 0.971778
vt 0.101283 0.971707
vt 0.097166 0.970645
vt 0.101383 0.970560
vt 0.097260 0.969042
vt 0.101540 0.968976
vt 0.097443 0.966339
vt 0.101797 0.966388
vt 0.097825 0.960404
vt 0.102352 0.960523
vt 0.098436 0.928919
vt 0.103279 0.928958
vt 0.098913 0.894307
vt 0.104021 0.894232
vt 0.098906 0.882609
vt 0.104030 0.882738
vt 0.108488 0.882933
vt 0.108331 0.893908
vt 0.107347 0.928926
vt 0.106203 0.960766
vt 0.105551 0.966513
vt 0.105226 0.968872
vt 0.104932 0.970459
vt 0.104670 0.971730
vt 0.104435 0.972992
vt 0.106697 0.973177
vt 0.103915 0.976100
vt 0.105888 0.976264
vt 0.107836 0.973446
vt 0.106877 0.976494
vt 0.104991 0.982463
vt 0.104277 0.982328
vt 0.103057 0.988350
vt 0.101979 0.991102
vt 0.102891 0.982228
vt 0.100232 0.991850
vt 0.099831 0.991696
vt 0.100174 0.991753
vt 0.099876 0.991670
vt 0.099940 0.991198
vt 0.099508 0.991134
vt 0.099217 0.988536
vt 0.098374 0.988478
vt 0.097846 0.982808
vt 0.096243 0.982801
vt 0.096475 0.977005
vt 0.094108 0.977079
vt 0.093231 0.977348
vt 0.095589 0.982902
vt 0.097965 0.988447
vt 0.099272 0.991081
vt 0.089432 0.977326
vt 0.086285 0.982745
vt 0.087290 0.982856
vt 0.084541 0.988400
vt 0.085127 0.988375
vt 0.083609 0.991045
vt 0.083930 0.990995
vt 0.083302 0.991577
vt 0.083403 0.991604
vt 0.082988 0.991657
vt 0.083001 0.991753
vt 0.082587 0.991690
vt 0.082606 0.991795
vt 0.082209 0.991766
vt 0.082191 0.991676
vt 0.082216 0.991769
vt 0.081815 0.991640
vt 0.081887 0.991615
vt 0.081792 0.991625
vt 0.082283 0.991716
vt 0.081891 0.991590
vt 0.082338 0.991578
vt 0.082020 0.991527
vt 0.081428 0.990987
vt 0.081769 0.990973
vt 0.081268 0.991012
vt 0.080171 0.988279
vt 0.080443 0.988223
vt 0.081046 0.988185
vt 0.078684 0.982315
vt 0.079725 0.982190
vt 0.078223 0.982450
vt 0.076321 0.976541
vt 0.076969 0.976326
vt 0.078437 0.976110
vt 0.076089 0.973268
vt 0.077778 0.973014
vt 0.075341 0.973520
vt 0.074910 0.972171
vt 0.075682 0.971920
vt 0.077448 0.971690
vt 0.077042 0.970285
vt 0.075237 0.970450
vt 0.074479 0.970686
vt 0.074792 0.968835
vt 0.074051 0.969064
vt 0.076629 0.968682
vt 0.080268 0.971593
vt 0.080023 0.970319
vt 0.079761 0.968729
vt 0.080453 0.972857
vt 0.080766 0.975970
vt 0.081349 0.982108
vt 0.081941 0.988157
vt 0.082259 0.990972
vt 0.076293 0.966537
vt 0.079512 0.966367
vt 0.079041 0.960614
vt 0.075697 0.960873
vt 0.074404 0.966780
vt 0.073641 0.961112
vt 0.073641 0.967018
vt 0.072765 0.961314
vt 0.073771 0.967188
vt 0.074178 0.969230
vt 0.072927 0.961487
vt 0.075070 0.967330
vt 0.074327 0.961654
vt 0.072940 0.929368
vt 0.071338 0.929018
vt 0.071110 0.928734
vt 0.071615 0.894001
vt 0.069815 0.893561
vt 0.069528 0.893205
vt 0.071142 0.884760
vt 0.069262 0.884266
vt 0.068968 0.883745
vt 0.071639 0.880576
vt 0.069823 0.880092
vt 0.069577 0.879455
vt 0.072988 0.875753
vt 0.071368 0.875355
vt 0.071217 0.874787
vt 0.074797 0.869942
vt 0.073446 0.869673
vt 0.073415 0.869292
vt 0.076162 0.876054
vt 0.077835 0.870131
vt 0.080388 0.876316
vt 0.081849 0.870331
vt 0.074898 0.880959
vt 0.079267 0.881265
vt 0.084377 0.881498
vt 0.085098 0.876561
vt 0.086034 0.870594
vt 0.089905 0.881619
vt 0.090054 0.876699
vt 0.090254 0.870756
vt 0.095101 0.876651
vt 0.094546 0.870670
vt 0.095539 0.881598
vt 0.100085 0.876492
vt 0.098956 0.870484
vt 0.100961 0.881459
vt 0.095761 0.885823
vt 0.101365 0.885694
vt 0.089854 0.885833
vt 0.089935 0.895020
vt 0.095746 0.895015
vt 0.101238 0.894898
vt 0.095523 0.930257
vt 0.100642 0.930164
vt 0.090145 0.930253
vt 0.104250 0.961982
vt 0.105167 0.929966
vt 0.106022 0.894672
vt 0.108759 0.929689
vt 0.109856 0.894344
vt 0.107613 0.961840
vt 0.103753 0.967635
vt 0.106999 0.967509
vt 0.108900 0.967385
vt 0.109672 0.961693
vt 0.111128 0.929374
vt 0.112526 0.893944
vt 0.110247 0.885110
vt 0.113034 0.884658
vt 0.112501 0.880475
vt 0.109802 0.880918
vt 0.106278 0.885458
vt 0.105839 0.881236
vt 0.108590 0.876072
vt 0.104771 0.876311
vt 0.103360 0.870360
vt 0.106961 0.870231
vt 0.111026 0.875711
vt 0.109040 0.869992
vt 0.084226 0.894912
vt 0.084843 0.930162
vt 0.079978 0.929979
vt 0.079040 0.894699
vt 0.084059 0.885718
vt 0.078781 0.885492
vt 0.074390 0.885172
vt 0.074756 0.894392
vt 0.075903 0.929704
vt 0.074264 0.868804
vt 0.072366 0.873998
vt 0.076343 0.868300
vt 0.074910 0.873051
vt 0.070940 0.878625
vt 0.073805 0.877653
vt 0.077957 0.876655
vt 0.078856 0.872075
vt 0.079944 0.867890
vt 0.077437 0.882655
vt 0.073318 0.882884
vt 0.077499 0.893632
vt 0.073597 0.893224
vt 0.078205 0.928665
vt 0.074604 0.928573
vt 0.072210 0.928586
vt 0.070853 0.893074
vt 0.070391 0.883263
vt 0.074616 0.970851
vt 0.075051 0.972335
vt 0.075469 0.973680
vt 0.076428 0.976686
vt 0.078313 0.982562
vt 0.079027 0.982655
vt 0.080247 0.988353
vt 0.080681 0.988428
vt 0.081325 0.991055
vt 0.081580 0.991099
vt 0.082015 0.991135
vt 0.081457 0.988479
vt 0.082557 0.991138
vt 0.082475 0.988489
vt 0.083121 0.991103
vt 0.083586 0.988449
vt 0.084468 0.982732
vt 0.082319 0.982760
vt 0.080413 0.982731
s 1
usemtl Material.002
f 2683/2476/2683 2684/2477/2684 2691/2478/2691 2689/2479/2689
f 2683/2476/2683 2687/2480/2687 2720/2481/2720 2684/2477/2684
f 2688/2482/2688 2968/2483/2968 2685/2484/2685 2683/2476/2683
f 2686/2485/2686 2683/2476/2683 2685/2484/2685 2964/2486/2964
f 2686/2485/2686 2962/2487/2962 2687/2480/2687 2683/2476/2683
f 2688/2482/2688 2683/2476/2683 2689/2479/2689 2692/2488/2692
f 2692/2488/2692 2689/2479/2689 2690/2489/2690 2694/2490/2694
f 2689/2479/2689 2691/2478/2691 2704/2491/2704 2690/2489/2690
f 2693/2492/2693 2692/2488/2692 2694/2490/2694 2695/2493/2695
f 2970/2494/2970 2688/2482/2688 2692/2488/2692 2693/2492/2693
f 2695/2493/2695 2694/2490/2694 2696/2495/2696 2697/2496/2697
f 2694/2490/2694 2690/2489/2690 2699/2497/2699 2696/2495/2696
f 2697/2496/2697 2696/2495/2696 2698/2498/2698 3143/2499/3143
f 2696/2495/2696 2699/2497/2699 2700/2500/2700 2698/2498/2698
f 2690/2489/2690 2704/2491/2704 2701/2501/2701 2699/2497/2699
f 2699/2497/2699 2701/2501/2701 2702/2502/2702 2700/2500/2700
f 2701/2501/2701 2703/2503/2703 3138/2504/3138 2702/2502/2702
f 2704/2491/2704 2705/2505/2705 2703/2503/2703 2701/2501/2701
f 2691/2478/2691 2706/2506/2706 2705/2505/2705 2704/2491/2704
f 2706/2506/2706 2710/2507/2710 2707/2508/2707 2705/2505/2705
f 2705/2505/2705 2707/2508/2707 2709/2509/2709 2703/2503/2703
f 2710/2507/2710 2711/2510/2711 2708/2511/2708 2707/2508/2707
f 2707/2508/2707 2708/2511/2708 3118/2512/3118 2709/2509/2709
f 2714/2513/2714 2712/2514/2712 2710/2507/2710 2706/2506/2706
f 2712/2514/2712 2713/2515/2713 2711/2510/2711 2710/2507/2710
f 2712/2514/2712 2715/2516/2715 2716/2517/2716 2713/2515/2713
f 2714/2513/2714 2718/2518/2718 2715/2516/2715 2712/2514/2712
f 2715/2516/2715 2717/2519/2717 3082/2520/3082 2716/2517/2716
f 2718/2518/2718 2719/2521/2719 2717/2519/2717 2715/2516/2715
f 2720/2481/2720 2721/2522/2721 2719/2521/2719 2718/2518/2718
f 2684/2477/2684 2720/2481/2720 2718/2518/2718 2714/2513/2714
f 2687/2480/2687 2722/2523/2722 2721/2522/2721 2720/2481/2720
f 2722/2523/2722 2726/2524/2726 2723/2525/2723 2721/2522/2721
f 2721/2522/2721 2723/2525/2723 2724/2526/2724 2719/2521/2719
f 2723/2525/2723 2725/2527/2725 3090/2528/3090 2724/2526/2724
f 2726/2524/2726 2727/2529/2727 2725/2527/2725 2723/2525/2723
f 2729/2530/2729 2728/2531/2728 2726/2524/2726 2722/2523/2722
f 2728/2531/2728 2730/2532/2730 2727/2529/2727 2726/2524/2726
f 2733/2533/2733 2731/2534/2731 2728/2531/2728 2729/2530/2729
f 2731/2534/2731 2732/2535/2732 2730/2532/2730 2728/2531/2728
f 2734/2536/2734 2736/2537/2736 2732/2535/2732 2731/2534/2731
f 2735/2538/2735 2734/2536/2734 2731/2534/2731 2733/2533/2733
f 2739/2539/2739 2737/2540/2737 2734/2536/2734 2735/2538/2735
f 2737/2540/2737 2738/2541/2738 2736/2537/2736 2734/2536/2734
f 2740/2542/2740 2742/2543/2742 2738/2541/2738 2737/2540/2737
f 2741/2544/2741 2740/2542/2740 2737/2540/2737 2739/2539/2739
f 2745/2545/2745 2743/2546/2743 2740/2542/2740 2741/2544/2741
f 2743/2546/2743 2744/2547/2744 2742/2543/2742 2740/2542/2740
f 2749/2548/2749 2744/2547/2744 2743/2546/2743 2746/2549/2746
f 2746/2549/2746 2743/2546/2743 2745/2545/2745 2748/2550/2748
f 2747/2551/2747 2746/2549/2746 2748/2550/2748 2895/2552/2895
f 2750/2553/2750 2749/2548/2749 2746/2549/2746 2747/2551/2747
f 2751/2554/2751 2742/2543/2742 2744/2547/2744 2749/2548/2749
f 2752/2555/2752 2751/2554/2751 2749/2548/2749 2750/2553/2750
f 2754/2556/2754 2753/2557/2753 2751/2554/2751 2752/2555/2752
f 2753/2557/2753 2738/2541/2738 2742/2543/2742 2751/2554/2751
f 2755/2558/2755 2736/2537/2736 2738/2541/2738 2753/2557/2753
f 2756/2559/2756 2755/2558/2755 2753/2557/2753 2754/2556/2754
f 2758/2560/2758 2757/2561/2757 2755/2558/2755 2756/2559/2756
f 2757/2561/2757 2732/2535/2732 2736/2537/2736 2755/2558/2755
f 2759/2562/2759 2730/2532/2730 2732/2535/2732 2757/2561/2757
f 2760/2563/2760 2759/2562/2759 2757/2561/2757 2758/2560/2758
f 2762/2564/2762 2761/2565/2761 2759/2562/2759 2760/2563/2760
f 2761/2565/2761 2727/2529/2727 2730/2532/2730 2759/2562/2759
f 2725/2527/2725 2727/2529/2727 2761/2565/2761 2763/2566/2763
f 2763/2566/2763 2761/2565/2761 2762/2564/2762 2765/2567/2765
f 2764/2568/2764 2763/2566/2763 2765/2567/2765 2766/2569/2766
f 3090/2528/3090 2725/2527/2725 2763/2566/2763 2764/2568/2764
f 2767/2570/2767 2765/2567/2765 2762/2564/2762 2769/2571/2769
f 2770/2572/2770 2766/2569/2766 2765/2567/2765 2767/2570/2767
f 2768/2573/2768 2767/2570/2767 2769/2571/2769 2937/2574/2937
f 2771/2575/2771 2770/2572/2770 2767/2570/2767 2768/2573/2768
f 2773/2576/2773 2772/2577/2772 2770/2572/2770 2771/2575/2771
f 2772/2577/2772 2774/2578/2774 2766/2569/2766 2770/2572/2770
f 2776/2579/2776 2775/2580/2775 2772/2577/2772 2773/2576/2773
f 2775/2580/2775 2777/2581/2777 2774/2578/2774 2772/2577/2772
f 2779/2582/2779 2778/2583/2778 2775/2580/2775 2776/2579/2776
f 2778/2583/2778 2780/2584/2780 2777/2581/2777 2775/2580/2775
f 2782/2585/2782 2781/2586/2781 2778/2583/2778 2779/2582/2779
f 2781/2586/2781 2783/2587/2783 2780/2584/2780 2778/2583/2778
f 2785/2588/2785 2784/2589/2784 2781/2586/2781 2782/2585/2782
f 2784/2589/2784 2786/2590/2786 2783/2587/2783 2781/2586/2781
f 2788/2591/2788 2787/2592/2787 2784/2589/2784 2785/2588/2785
f 2787/2592/2787 2789/2593/2789 2786/2590/2786 2784/2589/2784
f 2791/2594/2791 2790/2595/2790 2787/2592/2787 2788/2591/2788
f 2790/2595/2790 2792/2596/2792 2789/2593/2789 2787/2592/2787
f 2795/2597/2795 2793/2598/2793 2790/2595/2790 2791/2594/2791
f 2793/2598/2793 2794/2599/2794 2792/2596/2792 2790/2595/2790
f 2798/2600/2798 2796/2601/2796 2795/2597/2795 2791/2594/2791
f 2800/2602/2800 2797/2603/2797 2796/2601/2796 2798/2600/2798
f 2799/2604/2799 2798/2600/2798 2791/2594/2791 2788/2591/2788
f 2801/2605/2801 2800/2602/2800 2798/2600/2798 2799/2604/2799
f 2803/2606/2803 2802/2607/2802 2800/2602/2800 2801/2605/2801
f 2802/2607/2802 2804/2608/2804 2797/2603/2797 2800/2602/2800
f 2807/2609/2807 2805/2610/2805 2802/2607/2802 2803/2606/2803
f 2805/2610/2805 2806/2611/2806 2804/2608/2804 2802/2607/2802
f 2805/2610/2805 2808/2612/2808 2809/2613/2809 2806/2611/2806
f 2807/2609/2807 2811/2614/2811 2808/2612/2808 2805/2610/2805
f 2808/2612/2808 2810/2615/2810 3137/2616/3137 2809/2613/2809
f 2811/2614/2811 2812/2617/2812 2810/2615/2810 2808/2612/2808
f 2813/2618/2813 2815/2619/2815 2812/2617/2812 2811/2614/2811
f 2814/2620/2814 2813/2618/2813 2811/2614/2811 2807/2609/2807
f 2818/2621/2818 2816/2622/2816 2813/2618/2813 2814/2620/2814
f 2816/2622/2816 2817/2623/2817 2815/2619/2815 2813/2618/2813
f 2819/2624/2819 2821/2625/2821 2817/2623/2817 2816/2622/2816
f 2820/2626/2820 2819/2624/2819 2816/2622/2816 2818/2621/2818
f 2824/2627/2824 2822/2628/2822 2819/2624/2819 2820/2626/2820
f 2822/2628/2822 2823/2629/2823 2821/2625/2821 2819/2624/2819
f 2825/2630/2825 2827/2631/2827 2823/2629/2823 2822/2628/2822
f 2826/2632/2826 2825/2630/2825 2822/2628/2822 2824/2627/2824
f 2830/2633/2830 2828/2634/2828 2825/2630/2825 2826/2632/2826
f 2828/2634/2828 2829/2635/2829 2827/2631/2827 2825/2630/2825
f 2831/2636/2831 2833/2637/2833 2829/2635/2829 2828/2634/2828
f 2832/2638/2832 2831/2636/2831 2828/2634/2828 2830/2633/2830
f 2835/2639/2835 2834/2640/2834 2831/2636/2831 2832/2638/2832
f 2834/2640/2834 2836/2641/2836 2833/2637/2833 2831/2636/2831
f 2838/2642/2838 2837/2643/2837 2834/2640/2834 2835/2639/2835
f 2837/2643/2837 2839/2644/2839 2836/2641/2836 2834/2640/2834
f 2842/2645/2842 2840/2646/2840 2837/2643/2837 2838/2642/2838
f 2840/2646/2840 2841/2647/2841 2839/2644/2839 2837/2643/2837
f 2843/2648/2843 2845/2649/2845 2841/2647/2841 2840/2646/2840
f 2844/2650/2844 2843/2648/2843 2840/2646/2840 2842/2645/2842
f 2848/2651/2848 2846/2652/2846 2843/2648/2843 2844/2650/2844
f 2846/2652/2846 2847/2653/2847 2845/2649/2845 2843/2648/2843
f 2849/2654/2849 2851/2655/2851 2847/2653/2847 2846/2652/2846
f 2850/2656/2850 2849/2654/2849 2846/2652/2846 2848/2651/2848
f 2854/2657/2854 2852/2658/2852 2849/2654/2849 2850/2656/2850
f 2852/2658/2852 2853/2659/2853 2851/2655/2851 2849/2654/2849
f 2853/2659/2853 2852/2658/2852 2855/2660/2855 2856/2661/2856
f 2852/2658/2852 2854/2657/2854 2858/2662/2858 2855/2660/2855
f 2856/2661/2856 2855/2660/2855 2857/2663/2857 2983/2664/2983
f 2855/2660/2855 2858/2662/2858 2859/2665/2859 2857/2663/2857
f 2854/2657/2854 2850/2656/2850 2860/2666/2860 2858/2662/2858
f 2858/2662/2858 2860/2666/2860 2861/2667/2861 2859/2665/2859
f 2860/2666/2860 2862/2668/2862 2863/2669/2863 2861/2667/2861
f 2850/2656/2850 2848/2651/2848 2862/2668/2862 2860/2666/2860
f 2848/2651/2848 2844/2650/2844 2864/2670/2864 2862/2668/2862
f 2862/2668/2862 2864/2670/2864 2865/2671/2865 2863/2669/2863
f 2864/2670/2864 2866/2672/2866 2867/2673/2867 2865/2671/2865
f 2844/2650/2844 2842/2645/2842 2866/2672/2866 2864/2670/2864
f 2842/2645/2842 2838/2642/2838 2868/2674/2868 2866/2672/2866
f 2866/2672/2866 2868/2674/2868 2869/2675/2869 2867/2673/2867
f 2868/2674/2868 2870/2676/2870 2871/2677/2871 2869/2675/2869
f 2838/2642/2838 2835/2639/2835 2870/2676/2870 2868/2674/2868
f 2873/2678/2873 2872/2679/2872 2870/2676/2870 2835/2639/2835
f 2872/2679/2872 2874/2680/2874 2871/2677/2871 2870/2676/2870
f 2876/2681/2876 2875/2682/2875 2872/2679/2872 2873/2678/2873
f 2875/2682/2875 2877/2683/2877 2874/2680/2874 2872/2679/2872
f 2879/2684/2879 2878/2685/2878 2875/2682/2875 2876/2681/2876
f 2878/2685/2878 2880/2686/2880 2877/2683/2877 2875/2682/2875
f 2882/2687/2882 2881/2688/2881 2878/2685/2878 2879/2684/2879
f 2881/2688/2881 2883/2689/2883 2880/2686/2880 2878/2685/2878
f 2885/2690/2885 2884/2691/2884 2881/2688/2881 2882/2687/2882
f 2884/2691/2884 2886/2692/2886 2883/2689/2883 2881/2688/2881
f 2888/2693/2888 2887/2694/2887 2884/2691/2884 2885/2690/2885
f 2887/2694/2887 2889/2695/2889 2886/2692/2886 2884/2691/2884
f 2891/2696/2891 2890/2697/2890 2887/2694/2887 2888/2693/2888
f 2890/2697/2890 2892/2698/2892 2889/2695/2889 2887/2694/2887
f 2894/2699/2894 2893/2700/2893 2890/2697/2890 2891/2696/2891
f 2893/2700/2893 2895/2552/2895 2892/2698/2892 2890/2697/2890
f 2896/2701/2896 2893/2700/2893 2894/2699/2894 2898/2702/2898
f 2747/2551/2747 2895/2552/2895 2893/2700/2893 2896/2701/2896
f 2897/2703/2897 2896/2701/2896 2898/2702/2898 2899/2704/2899
f 2750/2553/2750 2747/2551/2747 2896/2701/2896 2897/2703/2897
f 2898/2702/2898 2900/2705/2900 2901/2706/2901 2899/2704/2899
f 2894/2699/2894 2903/2707/2903 2900/2705/2900 2898/2702/2898
f 2900/2705/2900 2902/2708/2902 2947/2709/2947 2901/2706/2901
f 2903/2707/2903 2904/2710/2904 2902/2708/2902 2900/2705/2900
f 2891/2696/2891 2905/2711/2905 2903/2707/2903 2894/2699/2894
f 2905/2711/2905 2906/2712/2906 2904/2710/2904 2903/2707/2903
f 2888/2693/2888 2885/2690/2885 2905/2711/2905 2891/2696/2891
f 2885/2690/2885 2882/2687/2882 2906/2712/2906 2905/2711/2905
f 2906/2712/2906 2907/2713/2907 2908/2714/2908 2904/2710/2904
f 2882/2687/2882 2879/2684/2879 2907/2713/2907 2906/2712/2906
f 2907/2713/2907 2909/2715/2909 2910/2716/2910 2908/2714/2908
f 2879/2684/2879 2876/2681/2876 2909/2715/2909 2907/2713/2907
f 2909/2715/2909 2911/2717/2911 2912/2718/2912 2910/2716/2910
f 2876/2681/2876 2873/2678/2873 2911/2717/2911 2909/2715/2909
f 2911/2717/2911 2913/2719/2913 2914/2720/2914 2912/2718/2912
f 2873/2678/2873 2835/2639/2835 2913/2719/2913 2911/2717/2911
f 2835/2639/2835 2832/2638/2832 2915/2721/2915 2913/2719/2913
f 2913/2719/2913 2915/2721/2915 2916/2722/2916 2914/2720/2914
f 2915/2721/2915 2917/2723/2917 2918/2724/2918 2916/2722/2916
f 2832/2638/2832 2830/2633/2830 2917/2723/2917 2915/2721/2915
f 2917/2723/2917 2919/2725/2919 2920/2726/2920 2918/2724/2918
f 2830/2633/2830 2826/2632/2826 2919/2725/2919 2917/2723/2917
f 2919/2725/2919 2921/2727/2921 2922/2728/2922 2920/2726/2920
f 2826/2632/2826 2824/2627/2824 2921/2727/2921 2919/2725/2919
f 2921/2727/2921 2923/2729/2923 2924/2730/2924 2922/2728/2922
f 2824/2627/2824 2820/2626/2820 2923/2729/2923 2921/2727/2921
f 2923/2729/2923 2925/2731/2925 2926/2732/2926 2924/2730/2924
f 2820/2626/2820 2818/2621/2818 2925/2731/2925 2923/2729/2923
f 2925/2731/2925 2927/2733/2927 2928/2734/2928 2926/2732/2926
f 2818/2621/2818 2814/2620/2814 2927/2733/2927 2925/2731/2925
f 2927/2733/2927 2803/2606/2803 2801/2605/2801 2928/2734/2928
f 2814/2620/2814 2807/2609/2807 2803/2606/2803 2927/2733/2927
f 2926/2732/2926 2928/2734/2928 2929/2735/2929 2930/2736/2930
f 2928/2734/2928 2801/2605/2801 2799/2604/2799 2929/2735/2929
f 2930/2736/2930 2929/2735/2929 2785/2588/2785 2782/2585/2782
f 2929/2735/2929 2799/2604/2799 2788/2591/2788 2785/2588/2785
f 2931/2737/2931 2930/2736/2930 2782/2585/2782 2779/2582/2779
f 2924/2730/2924 2926/2732/2926 2930/2736/2930 2931/2737/2931
f 2932/2738/2932 2931/2737/2931 2779/2582/2779 2776/2579/2776
f 2922/2728/2922 2924/2730/2924 2931/2737/2931 2932/2738/2932
f 2933/2739/2933 2932/2738/2932 2776/2579/2776 2773/2576/2773
f 2920/2726/2920 2922/2728/2922 2932/2738/2932 2933/2739/2933
f 2934/2740/2934 2933/2739/2933 2773/2576/2773 2771/2575/2771
f 2918/2724/2918 2920/2726/2920 2933/2739/2933 2934/2740/2934
f 2935/2741/2935 2934/2740/2934 2771/2575/2771 2768/2573/2768
f 2916/2722/2916 2918/2724/2918 2934/2740/2934 2935/2741/2935
f 2936/2742/2936 2935/2741/2935 2768/2573/2768 2937/2574/2937
f 2914/2720/2914 2916/2722/2916 2935/2741/2935 2936/2742/2936
f 2912/2718/2912 2914/2720/2914 2936/2742/2936 2938/2743/2938
f 2938/2743/2938 2936/2742/2936 2937/2574/2937 2940/2744/2940
f 2939/2745/2939 2938/2743/2938 2940/2744/2940 2941/2746/2941
f 2910/2716/2910 2912/2718/2912 2938/2743/2938 2939/2745/2939
f 2769/2571/2769 2942/2747/2942 2940/2744/2940 2937/2574/2937
f 2942/2747/2942 2943/2748/2943 2941/2746/2941 2940/2744/2940
f 2762/2564/2762 2760/2563/2760 2942/2747/2942 2769/2571/2769
f 2760/2563/2760 2758/2560/2758 2943/2748/2943 2942/2747/2942
f 2943/2748/2943 2944/2749/2944 2945/2750/2945 2941/2746/2941
f 2758/2560/2758 2756/2559/2756 2944/2749/2944 2943/2748/2943
f 2944/2749/2944 2946/2751/2946 2947/2709/2947 2945/2750/2945
f 2756/2559/2756 2754/2556/2754 2946/2751/2946 2944/2749/2944
f 2946/2751/2946 2948/2752/2948 2901/2706/2901 2947/2709/2947
f 2754/2556/2754 2752/2555/2752 2948/2752/2948 2946/2751/2946
f 2948/2752/2948 2897/2703/2897 2899/2704/2899 2901/2706/2901
f 2752/2555/2752 2750/2553/2750 2897/2703/2897 2948/2752/2948
f 2902/2708/2902 2949/2753/2949 2945/2750/2945 2947/2709/2947
f 2949/2753/2949 2939/2745/2939 2941/2746/2941 2945/2750/2945
f 2904/2710/2904 2908/2714/2908 2949/2753/2949 2902/2708/2902
f 2908/2714/2908 2910/2716/2910 2939/2745/2939 2949/2753/2949
f 2748/2550/2748 2950/2754/2950 2892/2698/2892 2895/2552/2895
f 2950/2754/2950 2951/2755/2951 2889/2695/2889 2892/2698/2892
f 2745/2545/2745 2952/2756/2952 2950/2754/2950 2748/2550/2748
f 2952/2756/2952 2953/2757/2953 2951/2755/2951 2950/2754/2950
f 2952/2756/2952 2745/2545/2745 2741/2544/2741 2954/2758/2954
f 2953/2757/2953 2952/2756/2952 2954/2758/2954 2955/2759/2955
f 2955/2759/2955 2954/2758/2954 2956/2760/2956 2957/2761/2957
f 2954/2758/2954 2741/2544/2741 2739/2539/2739 2956/2760/2956
f 2956/2760/2956 2739/2539/2739 2735/2538/2735 2958/2762/2958
f 2957/2761/2957 2956/2760/2956 2958/2762/2958 2959/2763/2959
f 2959/2763/2959 2958/2762/2958 2960/2764/2960 2961/2765/2961
f 2958/2762/2958 2735/2538/2735 2733/2533/2733 2960/2764/2960
f 2960/2764/2960 2733/2533/2733 2729/2530/2729 2962/2487/2962
f 2961/2765/2961 2960/2764/2960 2962/2487/2962 2686/2485/2686
f 2962/2487/2962 2729/2530/2729 2722/2523/2722 2687/2480/2687
f 2961/2765/2961 2686/2485/2686 2964/2486/2964 2963/2766/2963
f 2959/2763/2959 2961/2765/2961 2963/2766/2963 2965/2767/2965
f 2965/2767/2965 2963/2766/2963 2877/2683/2877 2880/2686/2880
f 2963/2766/2963 2964/2486/2964 2874/2680/2874 2877/2683/2877
f 2966/2768/2966 2965/2767/2965 2880/2686/2880 2883/2689/2883
f 2957/2761/2957 2959/2763/2959 2965/2767/2965 2966/2768/2966
f 2955/2759/2955 2957/2761/2957 2966/2768/2966 2967/2769/2967
f 2967/2769/2967 2966/2768/2966 2883/2689/2883 2886/2692/2886
f 2951/2755/2951 2967/2769/2967 2886/2692/2886 2889/2695/2889
f 2953/2757/2953 2955/2759/2955 2967/2769/2967 2951/2755/2951
f 2964/2486/2964 2685/2484/2685 2871/2677/2871 2874/2680/2874
f 2968/2483/2968 2869/2675/2869 2871/2677/2871 2685/2484/2685
f 2969/2770/2969 2867/2673/2867 2869/2675/2869 2968/2483/2968
f 2970/2494/2970 2969/2770/2969 2968/2483/2968 2688/2482/2688
f 2972/2771/2972 2971/2772/2971 2969/2770/2969 2970/2494/2970
f 2971/2772/2971 2865/2671/2865 2867/2673/2867 2969/2770/2969
f 2974/2773/2974 2973/2774/2973 2971/2772/2971 2972/2771/2972
f 2973/2774/2973 2863/2669/2863 2865/2671/2865 2971/2772/2971
f 2976/2775/2976 2975/2776/2975 2973/2774/2973 2974/2773/2974
f 2975/2776/2975 2861/2667/2861 2863/2669/2863 2973/2774/2973
f 2978/2777/2978 2977/2778/2977 2975/2776/2975 2976/2775/2976
f 2977/2778/2977 2859/2665/2859 2861/2667/2861 2975/2776/2975
f 2980/2779/2980 2979/2780/2979 2977/2778/2977 2978/2777/2978
f 2979/2780/2979 2857/2663/2857 2859/2665/2859 2977/2778/2977
f 2982/2781/2982 2981/2782/2981 2979/2780/2979 2980/2779/2980
f 2981/2782/2981 2983/2664/2983 2857/2663/2857 2979/2780/2979
f 2984/2783/2984 2981/2782/2981 2982/2781/2982 2986/2784/2986
f 2987/2785/2987 2983/2664/2983 2981/2782/2981 2984/2783/2984
f 2985/2786/2985 2984/2783/2984 2986/2784/2986 3150/2787/3150
f 2988/2788/2988 2987/2785/2987 2984/2783/2984 2985/2786/2985
f 2987/2785/2987 2989/2789/2989 2856/2661/2856 2983/2664/2983
f 2988/2788/2988 2991/2790/2991 2989/2789/2989 2987/2785/2987
f 2989/2789/2989 2990/2791/2990 2853/2659/2853 2856/2661/2856
f 2991/2790/2991 2992/2792/2992 2990/2791/2990 2989/2789/2989
f 2993/2793/2993 2995/2794/2995 2992/2792/2992 2991/2790/2991
f 2994/2795/2994 2993/2793/2993 2991/2790/2991 2988/2788/2988
f 2998/2796/2998 2996/2797/2996 2993/2793/2993 2994/2795/2994
f 2996/2797/2996 2997/2798/2997 2995/2794/2995 2993/2793/2993
f 2999/2799/2999 3001/2800/3001 2997/2798/2997 2996/2797/2996
f 3000/2801/3000 2999/2799/2999 2996/2797/2996 2998/2796/2998
f 3004/2802/3004 3002/2803/3002 2999/2799/2999 3000/2801/3000
f 3002/2803/3002 3003/2804/3003 3001/2800/3001 2999/2799/2999
f 3005/2805/3005 3007/2806/3007 3003/2804/3003 3002/2803/3002
f 3006/2807/3006 3005/2805/3005 3002/2803/3002 3004/2802/3004
f 3010/2808/3010 3008/2809/3008 3005/2805/3005 3006/2807/3006
f 3008/2809/3008 3009/2810/3009 3007/2806/3007 3005/2805/3005
f 3014/2811/3014 3009/2810/3009 3008/2809/3008 3011/2812/3011
f 3011/2812/3011 3008/2809/3008 3010/2808/3010 3013/2813/3013
f 3012/2814/3012 3011/2812/3011 3013/2813/3013 3031/2815/3031
f 3015/2816/3015 3014/2811/3014 3011/2812/3011 3012/2814/3012
f 3018/2817/3018 3009/2810/3009 3014/2811/3014 3016/2818/3016
f 3016/2818/3016 3014/2811/3014 3015/2816/3015 3017/2819/3017
f 2833/2637/2833 3016/2818/3016 3017/2819/3017 2829/2635/2829
f 2836/2641/2836 3018/2817/3018 3016/2818/3016 2833/2637/2833
f 2839/2644/2839 3019/2820/3019 3018/2817/3018 2836/2641/2836
f 3019/2820/3019 3007/2806/3007 3009/2810/3009 3018/2817/3018
f 2841/2647/2841 3020/2821/3020 3019/2820/3019 2839/2644/2839
f 3020/2821/3020 3003/2804/3003 3007/2806/3007 3019/2820/3019
f 3021/2822/3021 3001/2800/3001 3003/2804/3003 3020/2821/3020
f 2845/2649/2845 3021/2822/3021 3020/2821/3020 2841/2647/2841
f 2847/2653/2847 3022/2823/3022 3021/2822/3021 2845/2649/2845
f 3022/2823/3022 2997/2798/2997 3001/2800/3001 3021/2822/3021
f 3023/2824/3023 2995/2794/2995 2997/2798/2997 3022/2823/3022
f 2851/2655/2851 3023/2824/3023 3022/2823/3022 2847/2653/2847
f 2853/2659/2853 2990/2791/2990 3023/2824/3023 2851/2655/2851
f 2990/2791/2990 2992/2792/2992 2995/2794/2995 3023/2824/3023
f 3017/2819/3017 3015/2816/3015 3026/2825/3026 3024/2826/3024
f 2829/2635/2829 3017/2819/3017 3024/2826/3024 2827/2631/2827
f 2827/2631/2827 3024/2826/3024 3025/2827/3025 2823/2629/2823
f 3024/2826/3024 3026/2825/3026 3027/2828/3027 3025/2827/3025
f 3026/2825/3026 3015/2816/3015 3012/2814/3012 3028/2829/3028
f 3027/2828/3027 3026/2825/3026 3028/2829/3028 3029/2830/3029
f 3029/2830/3029 3028/2829/3028 3030/2831/3030 3032/2832/3032
f 3028/2829/3028 3012/2814/3012 3031/2815/3031 3030/2831/3030
f 3033/2833/3033 3030/2831/3030 3031/2815/3031 3035/2834/3035
f 3036/2835/3036 3032/2832/3032 3030/2831/3030 3033/2833/3033
f 3034/2836/3034 3033/2833/3033 3035/2834/3035 3138/2504/3138
f 3037/2837/3037 3036/2835/3036 3033/2833/3033 3034/2836/3034
f 3039/2838/3039 3038/2839/3038 3036/2835/3036 3037/2837/3037
f 3038/2839/3038 3040/2840/3040 3032/2832/3032 3036/2835/3036
f 3042/2841/3042 3041/2842/3041 3038/2839/3038 3039/2838/3039
f 3041/2842/3041 3043/2843/3043 3040/2840/3040 3038/2839/3038
f 3045/2844/3045 3044/2845/3044 3041/2842/3041 3042/2841/3042
f 3044/2845/3044 3046/2846/3046 3043/2843/3043 3041/2842/3041
f 3048/2847/3048 3047/2848/3047 3044/2845/3044 3045/2844/3045
f 3047/2848/3047 3049/2849/3049 3046/2846/3046 3044/2845/3044
f 3051/2850/3051 3050/2851/3050 3047/2848/3047 3048/2847/3048
f 3050/2851/3050 3052/2852/3052 3049/2849/3049 3047/2848/3047
f 3055/2853/3055 3053/2854/3053 3050/2851/3050 3051/2850/3051
f 3053/2854/3053 3054/2855/3054 3052/2852/3052 3050/2851/3050
f 3058/2856/3058 3056/2857/3056 3055/2853/3055 3051/2850/3051
f 3060/2858/3060 3057/2859/3057 3056/2857/3056 3058/2856/3058
f 3059/2860/3059 3058/2856/3058 3051/2850/3051 3048/2847/3048
f 3061/2861/3061 3060/2858/3060 3058/2856/3058 3059/2860/3059
f 3063/2862/3063 3062/2863/3062 3060/2858/3060 3061/2861/3061
f 3062/2863/3062 3064/2864/3064 3057/2859/3057 3060/2858/3060
f 3067/2865/3067 3065/2866/3065 3062/2863/3062 3063/2862/3063
f 3065/2866/3065 3066/2867/3066 3064/2864/3064 3062/2863/3062
f 3065/2866/3065 3068/2868/3068 3069/2869/3069 3066/2867/3066
f 3067/2865/3067 3071/2870/3071 3068/2868/3068 3065/2866/3065
f 3068/2868/3068 3070/2871/3070 3108/2872/3108 3069/2869/3069
f 3071/2870/3071 3072/2873/3072 3070/2871/3070 3068/2868/3068
f 3073/2874/3073 3075/2875/3075 3072/2873/3072 3071/2870/3071
f 3074/2876/3074 3073/2874/3073 3071/2870/3071 3067/2865/3067
f 3078/2877/3078 3076/2878/3076 3073/2874/3073 3074/2876/3074
f 3076/2878/3076 3077/2879/3077 3075/2875/3075 3073/2874/3073
f 3079/2880/3079 3081/2881/3081 3077/2879/3077 3076/2878/3076
f 3080/2882/3080 3079/2880/3079 3076/2878/3076 3078/2877/3078
f 2713/2515/2713 2716/2517/2716 3079/2880/3079 3080/2882/3080
f 2716/2517/2716 3082/2520/3082 3081/2881/3081 3079/2880/3079
f 3082/2520/3082 3086/2883/3086 3083/2884/3083 3081/2881/3081
f 3081/2881/3081 3083/2884/3083 3084/2885/3084 3077/2879/3077
f 3083/2884/3083 3085/2886/3085 3095/2887/3095 3084/2885/3084
f 3086/2883/3086 3087/2888/3087 3085/2886/3085 3083/2884/3083
f 3088/2889/3088 3089/2890/3089 3087/2888/3087 3086/2883/3086
f 2717/2519/2717 3088/2889/3088 3086/2883/3086 3082/2520/3082
f 2719/2521/2719 2724/2526/2724 3088/2889/3088 2717/2519/2717
f 2724/2526/2724 3090/2528/3090 3089/2890/3089 3088/2889/3088
f 3089/2890/3089 3090/2528/3090 2764/2568/2764 3091/2891/3091
f 3087/2888/3087 3089/2890/3089 3091/2891/3091 3092/2892/3092
f 3092/2892/3092 3091/2891/3091 2774/2578/2774 2777/2581/2777
f 3091/2891/3091 2764/2568/2764 2766/2569/2766 2774/2578/2774
f 3085/2886/3085 3087/2888/3087 3092/2892/3092 3093/2893/3093
f 3093/2893/3093 3092/2892/3092 2777/2581/2777 2780/2584/2780
f 3094/2894/3094 3093/2893/3093 2780/2584/2780 2783/2587/2783
f 3095/2887/3095 3085/2886/3085 3093/2893/3093 3094/2894/3094
f 3098/2895/3098 3095/2887/3095 3094/2894/3094 3096/2896/3096
f 3096/2896/3096 3094/2894/3094 2783/2587/2783 2786/2590/2786
f 3097/2897/3097 3096/2896/3096 2786/2590/2786 2789/2593/2789
f 3099/2898/3099 3098/2895/3098 3096/2896/3096 3097/2897/3097
f 3084/2885/3084 3095/2887/3095 3098/2895/3098 3100/2899/3100
f 3100/2899/3100 3098/2895/3098 3099/2898/3099 3101/2900/3101
f 3075/2875/3075 3100/2899/3100 3101/2900/3101 3072/2873/3072
f 3077/2879/3077 3084/2885/3084 3100/2899/3100 3075/2875/3075
f 3101/2900/3101 3099/2898/3099 3104/2901/3104 3102/2902/3102
f 3072/2873/3072 3101/2900/3101 3102/2902/3102 3070/2871/3070
f 3070/2871/3070 3102/2902/3102 3103/2903/3103 3108/2872/3108
f 3102/2902/3102 3104/2901/3104 3105/2904/3105 3103/2903/3103
f 3104/2901/3104 3099/2898/3099 3097/2897/3097 3106/2905/3106
f 3105/2904/3105 3104/2901/3104 3106/2905/3106 3107/2906/3107
f 3107/2906/3107 3106/2905/3106 2792/2596/2792 2794/2599/2794
f 3106/2905/3106 3097/2897/3097 2789/2593/2789 2792/2596/2792
f 3080/2882/3080 3078/2877/3078 3111/2907/3111 3109/2908/3109
f 2713/2515/2713 3080/2882/3080 3109/2908/3109 2711/2510/2711
f 2711/2510/2711 3109/2908/3109 3110/2909/3110 2708/2511/2708
f 3109/2908/3109 3111/2907/3111 3112/2910/3112 3110/2909/3110
f 3111/2907/3111 3113/2911/3113 3114/2912/3114 3112/2910/3112
f 3078/2877/3078 3074/2876/3074 3113/2911/3113 3111/2907/3111
f 3113/2911/3113 3063/2862/3063 3061/2861/3061 3114/2912/3114
f 3074/2876/3074 3067/2865/3067 3063/2862/3063 3113/2911/3113
f 3112/2910/3112 3114/2912/3114 3115/2913/3115 3116/2914/3116
f 3114/2912/3114 3061/2861/3061 3059/2860/3059 3115/2913/3115
f 3116/2914/3116 3115/2913/3115 3045/2844/3045 3042/2841/3042
f 3115/2913/3115 3059/2860/3059 3048/2847/3048 3045/2844/3045
f 3117/2915/3117 3116/2914/3116 3042/2841/3042 3039/2838/3039
f 3110/2909/3110 3112/2910/3112 3116/2914/3116 3117/2915/3117
f 3118/2512/3118 3117/2915/3117 3039/2838/3039 3037/2837/3037
f 2708/2511/2708 3110/2909/3110 3117/2915/3117 3118/2512/3118
f 2709/2509/2709 3118/2512/3118 3037/2837/3037 3034/2836/3034
f 3119/2916/3119 3121/2917/3121 3052/2852/3052 3054/2855/3054
f 3120/2918/3120 3123/2919/3123 3121/2917/3121 3119/2916/3119
f 3121/2917/3121 3122/2920/3122 3049/2849/3049 3052/2852/3052
f 3123/2919/3123 3124/2921/3124 3122/2920/3122 3121/2917/3121
f 3127/2922/3127 3124/2921/3124 3123/2919/3123 3125/2923/3125
f 3125/2923/3125 3123/2919/3123 3120/2918/3120 3126/2924/3126
f 2810/2615/2810 3125/2923/3125 3126/2924/3126 3137/2616/3137
f 2812/2617/2812 3127/2922/3127 3125/2923/3125 2810/2615/2810
f 3128/2925/3128 3129/2926/3129 3124/2921/3124 3127/2922/3127
f 2815/2619/2815 3128/2925/3128 3127/2922/3127 2812/2617/2812
f 2817/2623/2817 3130/2927/3130 3128/2925/3128 2815/2619/2815
f 3130/2927/3130 3131/2928/3131 3129/2926/3129 3128/2925/3128
f 3132/2929/3132 3133/2930/3133 3131/2928/3131 3130/2927/3130
f 2821/2625/2821 3132/2929/3132 3130/2927/3130 2817/2623/2817
f 2823/2629/2823 3025/2827/3025 3132/2929/3132 2821/2625/2821
f 3025/2827/3025 3027/2828/3027 3133/2930/3133 3132/2929/3132
f 3133/2930/3133 3027/2828/3027 3029/2830/3029 3134/2931/3134
f 3131/2928/3131 3133/2930/3133 3134/2931/3134 3135/2932/3135
f 3135/2932/3135 3134/2931/3134 3040/2840/3040 3043/2843/3043
f 3134/2931/3134 3029/2830/3029 3032/2832/3032 3040/2840/3040
f 3129/2926/3129 3131/2928/3131 3135/2932/3135 3136/2933/3136
f 3136/2933/3136 3135/2932/3135 3043/2843/3043 3046/2846/3046
f 3122/2920/3122 3136/2933/3136 3046/2846/3046 3049/2849/3049
f 3124/2921/3124 3129/2926/3129 3136/2933/3136 3122/2920/3122
f 3138/2504/3138 3035/2834/3035 3139/2934/3139 2702/2502/2702
f 3035/2834/3035 3031/2815/3031 3013/2813/3013 3139/2934/3139
f 2702/2502/2702 3139/2934/3139 3140/2935/3140 2700/2500/2700
f 3139/2934/3139 3013/2813/3013 3010/2808/3010 3140/2935/3140
f 3140/2935/3140 3141/2936/3141 2698/2498/2698 2700/2500/2700
f 3010/2808/3010 3006/2807/3006 3141/2936/3141 3140/2935/3140
f 3141/2936/3141 3142/2937/3142 3143/2499/3143 2698/2498/2698
f 3006/2807/3006 3004/2802/3004 3142/2937/3142 3141/2936/3141
f 3142/2937/3142 3144/2938/3144 3145/2939/3145 3143/2499/3143
f 3004/2802/3004 3000/2801/3000 3144/2938/3144 3142/2937/3142
f 3144/2938/3144 3146/2940/3146 3147/2941/3147 3145/2939/3145
f 3000/2801/3000 2998/2796/2998 3146/2940/3146 3144/2938/3144
f 3146/2940/3146 3148/2942/3148 3149/2943/3149 3147/2941/3147
f 2998/2796/2998 2994/2795/2994 3148/2942/3148 3146/2940/3146
f 3148/2942/3148 2985/2786/2985 3150/2787/3150 3149/2943/3149
f 2994/2795/2994 2988/2788/2988 2985/2786/2985 3148/2942/3148
f 3151/2944/3151 3152/2945/3152 3147/2941/3147 3149/2943/3149
f 2986/2784/2986 3151/2944/3151 3149/2943/3149 3150/2787/3150
f 2982/2781/2982 3153/2946/3153 3151/2944/3151 2986/2784/2986
f 3153/2946/3153 3154/2947/3154 3152/2945/3152 3151/2944/3151
f 2980/2779/2980 3155/2948/3155 3153/2946/3153 2982/2781/2982
f 3155/2948/3155 3156/2949/3156 3154/2947/3154 3153/2946/3153
f 2978/2777/2978 2976/2775/2976 3155/2948/3155 2980/2779/2980
f 2976/2775/2976 2974/2773/2974 3156/2949/3156 3155/2948/3155
f 3156/2949/3156 3157/2950/3157 3158/2951/3158 3154/2947/3154
f 2974/2773/2974 2972/2771/2972 3157/2950/3157 3156/2949/3156
f 3157/2950/3157 2693/2492/2693 2695/2493/2695 3158/2951/3158
f 2972/2771/2972 2970/2494/2970 2693/2492/2693 3157/2950/3157
f 3154/2947/3154 3158/2951/3158 3159/2952/3159 3152/2945/3152
f 3158/2951/3158 2695/2493/2695 2697/2496/2697 3159/2952/3159
f 3152/2945/3152 3159/2952/3159 3145/2939/3145 3147/2941/3147
f 3159/2952/3159 2697/2496/2697 3143/2499/3143 3145/2939/3145
f 2703/2503/2703 2709/2509/2709 3034/2836/3034 3138/2504/3138
f 2684/2477/2684 2714/2513/2714 2706/2506/2706 2691/2478/2691
o RetopoModel.009
v 0.240393 0.561903 0.923900
v 0.239717 0.549303 0.908274
v 0.234516 0.557493 0.938694
v 0.242800 0.577655 0.921171
v 0.246468 0.596772 0.912672
v 0.236542 0.580976 0.943237
v 0.234416 0.567983 0.894963
v 0.225230 0.588616 0.881444
v 0.228988 0.552039 0.868225
v 0.240847 0.533441 0.886355
v 0.213174 0.570911 0.848593
v 0.242283 0.535755 0.847180
v 0.255960 0.519449 0.834650
v 0.247030 0.520518 0.864527
v 0.233625 0.549972 0.826558
v 0.259064 0.531413 0.817844
v 0.227412 0.564894 0.806570
v 0.259689 0.546926 0.800925
v 0.205052 0.590215 0.830039
v 0.226401 0.582738 0.787809
v 0.258978 0.566385 0.782095
v 0.203865 0.609122 0.811914
v 0.230344 0.605062 0.769209
v 0.260192 0.591254 0.762353
v 0.206995 0.629511 0.791246
v 0.240224 0.632695 0.750919
v 0.264269 0.622077 0.743993
v 0.216420 0.653375 0.766727
v 0.255548 0.663650 0.733747
v 0.269596 0.656072 0.728145
v 0.240083 0.677871 0.742448
v 0.270140 0.690036 0.718807
v 0.266803 0.698234 0.723176
v 0.273590 0.680286 0.717837
v 0.277879 0.706153 0.705527
v 0.277890 0.714825 0.694353
v 0.278759 0.688007 0.708526
v 0.277223 0.714090 0.708237
v 0.277061 0.724388 0.698146
v 0.276637 0.717250 0.716897
v 0.275194 0.728590 0.708853
v 0.268522 0.703001 0.732558
v 0.275629 0.715209 0.737504
v 0.270813 0.704422 0.744460
v 0.271787 0.727010 0.732342
v 0.273738 0.705755 0.775135
v 0.266534 0.718753 0.773813
v 0.264952 0.693542 0.771510
v 0.270817 0.690637 0.821116
v 0.257242 0.676745 0.810600
v 0.259046 0.704927 0.823505
v 0.265702 0.672728 0.863859
v 0.249331 0.686705 0.869458
v 0.252344 0.657401 0.846708
v 0.257841 0.651855 0.898620
v 0.250906 0.636608 0.875995
v 0.239323 0.664147 0.907201
v 0.249071 0.628311 0.923227
v 0.231062 0.637837 0.934704
v 0.249339 0.616160 0.897804
v 0.241627 0.604281 0.937949
v 0.224596 0.609823 0.951380
v 0.220020 0.581744 0.957397
v 0.202259 0.613280 0.954262
v 0.172777 0.616467 0.945330
v 0.209156 0.642254 0.936141
v 0.197396 0.582937 0.960480
v 0.195248 0.551321 0.953236
v 0.168099 0.584865 0.951526
v 0.167450 0.552474 0.943257
v 0.140428 0.586428 0.921725
v 0.141296 0.557708 0.917018
v 0.131420 0.581561 0.882125
v 0.144131 0.614760 0.914295
v 0.134103 0.602975 0.872692
v 0.152151 0.641320 0.897361
v 0.140661 0.624903 0.857830
v 0.163606 0.665231 0.872131
v 0.181090 0.645429 0.926814
v 0.191998 0.671393 0.898072
v 0.218243 0.668920 0.907217
v 0.204890 0.693933 0.860253
v 0.219302 0.712199 0.815626
v 0.229616 0.692056 0.868256
v 0.177490 0.685583 0.839806
v 0.163433 0.664287 0.812865
v 0.193580 0.702135 0.802400
v 0.179206 0.680683 0.784777
v 0.211089 0.714809 0.763388
v 0.197557 0.695306 0.755654
v 0.226337 0.721035 0.730597
v 0.233990 0.725828 0.768484
v 0.246191 0.732899 0.728643
v 0.253316 0.724631 0.771241
v 0.241895 0.710754 0.821414
v 0.262210 0.732696 0.729186
v 0.267765 0.734941 0.704269
v 0.253095 0.733288 0.704141
v 0.271321 0.731068 0.690621
v 0.256462 0.727753 0.690431
v 0.272687 0.719092 0.685915
v 0.272181 0.695823 0.688127
v 0.258259 0.715810 0.683642
v 0.257303 0.692512 0.683596
v 0.238827 0.704037 0.692300
v 0.238610 0.714243 0.699144
v 0.218676 0.685377 0.706708
v 0.235528 0.684112 0.689322
v 0.219757 0.675268 0.701346
v 0.227484 0.650478 0.693767
v 0.207414 0.652837 0.708876
v 0.217166 0.611987 0.704453
v 0.252656 0.653081 0.690489
v 0.245786 0.607909 0.703588
v 0.269769 0.655089 0.696261
v 0.279498 0.654910 0.705159
v 0.265413 0.607923 0.710068
v 0.278319 0.609661 0.719139
v 0.259910 0.567527 0.727263
v 0.238065 0.568747 0.719584
v 0.253341 0.535072 0.747020
v 0.275162 0.570450 0.736873
v 0.269692 0.539160 0.757135
v 0.278943 0.580054 0.752628
v 0.275377 0.551141 0.771868
v 0.280349 0.615177 0.734252
v 0.279887 0.654721 0.718634
v 0.269730 0.528304 0.790545
v 0.261980 0.515308 0.778882
v 0.262956 0.512039 0.808938
v 0.254084 0.498476 0.800984
v 0.256456 0.502536 0.827961
v 0.246923 0.488527 0.823393
v 0.250354 0.499417 0.849286
v 0.252455 0.512562 0.849022
v 0.240018 0.484393 0.848257
v 0.244355 0.503335 0.874229
v 0.239118 0.514762 0.900297
v 0.231744 0.487421 0.877030
v 0.223822 0.500412 0.906659
v 0.210833 0.479689 0.873122
v 0.220759 0.475472 0.843405
v 0.184498 0.481093 0.863778
v 0.201970 0.494944 0.903748
v 0.176053 0.496960 0.893548
v 0.196631 0.520132 0.932524
v 0.170104 0.521741 0.922022
v 0.219286 0.523575 0.933355
v 0.218097 0.552630 0.951593
v 0.235765 0.534095 0.923162
v 0.143837 0.531518 0.898940
v 0.149040 0.510281 0.874529
v 0.132176 0.550313 0.871300
v 0.132100 0.563573 0.889419
v 0.135893 0.534073 0.851230
v 0.131597 0.569267 0.854388
v 0.134380 0.587509 0.842396
v 0.134742 0.554273 0.834097
v 0.137855 0.571277 0.820150
v 0.141055 0.539411 0.816095
v 0.144245 0.554160 0.800718
v 0.142437 0.520688 0.831823
v 0.151498 0.519524 0.802473
v 0.150479 0.509733 0.818006
v 0.155920 0.531931 0.784284
v 0.173395 0.493944 0.800013
v 0.180471 0.505423 0.777243
v 0.165761 0.489639 0.823962
v 0.203883 0.479686 0.808319
v 0.194468 0.475715 0.834739
v 0.212555 0.491430 0.783770
v 0.229377 0.479981 0.817115
v 0.237394 0.491201 0.792983
v 0.245551 0.509642 0.769400
v 0.221193 0.510663 0.760109
v 0.229790 0.536563 0.738184
v 0.188628 0.524004 0.755602
v 0.197512 0.548256 0.735482
v 0.162644 0.548865 0.765915
v 0.171197 0.570135 0.748450
v 0.150078 0.571176 0.784375
v 0.158385 0.590816 0.767956
v 0.143666 0.589449 0.804810
v 0.152199 0.608760 0.788164
v 0.140297 0.606871 0.827769
v 0.149224 0.626359 0.810111
v 0.150726 0.645740 0.837531
v 0.160888 0.644869 0.790259
v 0.176154 0.663105 0.768165
v 0.163323 0.628483 0.770921
v 0.178046 0.649429 0.752476
v 0.169078 0.612334 0.752441
v 0.182714 0.635988 0.737269
v 0.181470 0.594861 0.733241
v 0.193495 0.622848 0.720005
v 0.207099 0.577530 0.718513
v 0.199607 0.661527 0.721827
v 0.196796 0.672224 0.732486
v 0.217876 0.694704 0.713749
v 0.194985 0.682057 0.744420
v 0.215303 0.701112 0.723776
v 0.212791 0.705872 0.735002
v 0.234919 0.719846 0.710368
v 0.156760 0.495844 0.849048
v 0.278811 0.693648 0.696681
v 0.219154 0.609836 0.866630
v 0.219672 0.630222 0.848039
v 0.224929 0.649587 0.823775
v 0.235844 0.668589 0.793624
v 0.252588 0.686962 0.760212
vn 0.9889 -0.1031 0.1066
vn 0.9997 0.0036 -0.0228
vn 0.8131 -0.2376 0.5315
vn 0.9951 -0.0993 -0.0015
vn 0.9753 -0.1789 -0.1298
vn 0.8132 -0.0938 0.5743
vn 0.9405 0.0828 -0.3296
vn 0.8875 -0.0593 -0.4569
vn 0.8981 0.4162 -0.1419
vn 0.9835 0.1754 0.0448
vn 0.9185 0.3732 -0.1307
vn 0.8160 0.5512 0.1743
vn 0.9299 0.2360 0.2822
vn 0.9532 0.2231 0.2042
vn 0.7188 0.6386 0.2748
vn 0.8479 0.3788 0.3710
vn 0.6842 0.5895 0.4295
vn 0.7187 0.4810 0.5022
vn 0.9815 0.1908 -0.0142
vn 0.6600 0.4912 0.5684
vn 0.5934 0.4988 0.6317
vn 0.9942 0.0095 0.1075
vn 0.6165 0.3901 0.6839
vn 0.5202 0.4373 0.7336
vn 0.9656 -0.1358 0.2217
vn 0.5566 0.2836 0.7809
vn 0.5127 0.3412 0.7879
vn 0.8890 -0.2852 0.3584
vn 0.5455 0.1805 0.8185
vn 0.5720 0.2551 0.7796
vn 0.7926 -0.3916 0.4674
vn 0.7133 0.0998 0.6937
vn 0.8546 -0.3099 0.4167
vn 0.6616 0.2015 0.7223
vn 0.9629 0.0440 0.2662
vn 0.9539 0.0720 -0.2914
vn 0.9408 0.1054 0.3222
vn 0.9859 -0.0191 0.1660
vn 0.9279 0.3474 -0.1350
vn 0.9929 -0.0636 0.1008
vn 0.8305 0.5511 0.0808
vn 0.7938 -0.6082 0.0027
vn 0.9970 -0.0398 0.0669
vn 0.7786 -0.6216 -0.0857
vn 0.7300 0.6573 0.1870
vn 0.9965 -0.0215 0.0812
vn 0.6274 0.7346 0.2582
vn 0.7068 -0.6930 -0.1418
vn 0.9941 0.0068 0.1086
vn 0.6736 -0.7059 -0.2192
vn 0.5336 0.7702 0.3495
vn 0.9773 0.0919 0.1910
vn 0.4561 0.7528 0.4745
vn 0.7172 -0.6348 -0.2877
vn 0.9340 0.1542 0.3224
vn 0.8147 -0.4955 -0.3012
vn 0.4141 0.6644 0.6221
vn 0.8842 0.1314 0.4483
vn 0.4071 0.4989 0.7651
vn 0.9136 -0.3257 -0.2435
vn 0.8436 0.0397 0.5355
vn 0.4041 0.2620 0.8764
vn 0.3825 -0.0439 0.9229
vn -0.0394 0.3710 0.9278
vn -0.4687 0.4107 0.7821
vn -0.0001 0.6326 0.7745
vn -0.0913 -0.0045 0.9958
vn -0.1249 -0.3883 0.9130
vn -0.5245 0.0319 0.8508
vn -0.5249 -0.3534 0.7743
vn -0.8696 0.0754 0.4879
vn -0.8455 -0.2416 0.4762
vn -0.9925 0.0718 0.0986
vn -0.8383 0.3573 0.4119
vn -0.9735 0.2253 0.0387
vn -0.7722 0.5528 0.3132
vn -0.9383 0.3452 -0.0205
vn -0.7058 0.6749 0.2154
vn -0.3914 0.6635 0.6377
vn -0.3219 0.8105 0.4894
vn 0.0309 0.7936 0.6076
vn -0.2668 0.8950 0.3576
vn -0.2305 0.9409 0.2482
vn 0.0719 0.8857 0.4586
vn -0.6552 0.7459 0.1196
vn -0.8613 0.4897 -0.1354
vn -0.6267 0.7788 0.0265
vn -0.8279 0.5235 -0.2012
vn -0.6211 0.7806 -0.0702
vn -0.8014 0.5358 -0.2658
vn -0.6428 0.7378 -0.2059
vn -0.2266 0.9634 0.1432
vn -0.2811 0.9597 -0.0043
vn 0.1833 0.9495 0.2545
vn 0.1258 0.9310 0.3426
vn 0.2277 0.9611 0.1566
vn 0.2812 0.9556 -0.0882
vn -0.3649 0.8946 -0.2581
vn 0.4015 0.7204 -0.5655
vn -0.3529 0.6565 -0.6667
vn 0.5206 0.2063 -0.8285
vn 0.5479 -0.1121 -0.8290
vn -0.1805 0.2337 -0.9554
vn 0.0035 -0.0639 -0.9979
vn -0.5905 0.2677 -0.7613
vn -0.6811 0.4658 -0.5648
vn -0.7499 0.2877 -0.5957
vn -0.4552 0.0631 -0.8882
vn -0.6892 0.1599 -0.7067
vn -0.3645 -0.1059 -0.9252
vn -0.6966 0.0889 -0.7120
vn -0.3395 -0.2167 -0.9153
vn 0.1023 -0.2247 -0.9690
vn 0.1146 -0.3394 -0.9336
vn 0.5041 -0.2323 -0.8318
vn 0.8996 -0.1205 -0.4198
vn 0.4471 -0.3440 -0.8257
vn 0.8538 -0.2238 -0.4701
vn 0.4125 -0.4709 -0.7798
vn 0.0950 -0.4560 -0.8849
vn 0.3913 -0.6092 -0.6898
vn 0.8174 -0.3470 -0.4599
vn 0.7809 -0.4802 -0.3994
vn 0.9464 0.1088 0.3042
vn 0.9725 0.0269 0.2312
vn 0.9289 0.1293 0.3470
vn 0.9304 0.1187 0.3468
vn 0.9811 -0.1166 0.1546
vn 0.7356 -0.6019 -0.3108
vn 0.9580 -0.2579 0.1250
vn 0.6919 -0.6965 -0.1901
vn 0.9254 -0.3452 0.1564
vn 0.6526 -0.7570 -0.0312
vn 0.9024 -0.3589 0.2385
vn 0.9600 0.0978 0.2624
vn 0.6038 -0.7812 0.1586
vn 0.8946 -0.3176 0.3143
vn 0.8804 -0.3097 0.3592
vn 0.5195 -0.7735 0.3632
vn 0.4257 -0.7141 0.5557
vn 0.0561 -0.9478 0.3139
vn 0.1860 -0.9812 0.0509
vn -0.3369 -0.9168 0.2142
vn -0.0601 -0.8358 0.5457
vn -0.4313 -0.7900 0.4357
vn -0.1188 -0.6609 0.7410
vn -0.4887 -0.6186 0.6153
vn 0.3742 -0.5818 0.7221
vn 0.3644 -0.3566 0.8602
vn 0.8509 -0.3079 0.4257
vn -0.8080 -0.4645 0.3625
vn -0.7693 -0.5983 0.2243
vn -0.9771 -0.2015 0.0685
vn -0.9771 -0.1149 0.1790
vn -0.9531 -0.3017 -0.0246
vn -0.9967 0.0022 -0.0816
vn -0.9819 0.1202 -0.1465
vn -0.9803 -0.0868 -0.1777
vn -0.9671 0.0289 -0.2527
vn -0.9423 -0.1899 -0.2757
vn -0.9289 -0.0933 -0.3583
vn -0.9098 -0.3937 -0.1316
vn -0.8220 -0.4127 -0.3925
vn -0.8197 -0.5150 -0.2509
vn -0.7976 -0.3323 -0.5035
vn -0.5062 -0.7503 -0.4252
vn -0.4580 -0.6568 -0.5991
vn -0.5887 -0.7883 -0.1790
vn -0.1038 -0.9391 -0.3277
vn -0.2131 -0.9752 -0.0606
vn -0.0281 -0.8405 -0.5411
vn 0.2799 -0.9397 -0.1963
vn 0.3363 -0.8510 -0.4034
vn 0.3689 -0.7383 -0.5646
vn 0.0232 -0.7186 -0.6950
vn 0.0621 -0.5882 -0.8064
vn -0.4134 -0.5493 -0.7262
vn -0.3761 -0.4370 -0.8170
vn -0.7693 -0.2504 -0.5878
vn -0.7411 -0.1661 -0.6505
vn -0.9097 -0.0208 -0.4147
vn -0.8854 0.0462 -0.4625
vn -0.9482 0.1033 -0.3003
vn -0.9246 0.1658 -0.3430
vn -0.9593 0.2038 -0.1955
vn -0.9328 0.2703 -0.2384
vn -0.8993 0.4308 -0.0757
vn -0.9009 0.3267 -0.2859
vn -0.8659 0.3711 -0.3354
vn -0.8944 0.2248 -0.3868
vn -0.8605 0.2775 -0.4271
vn -0.8572 0.1124 -0.5025
vn -0.8292 0.1752 -0.5307
vn -0.7162 -0.0789 -0.6934
vn -0.7018 0.0047 -0.7124
vn -0.3464 -0.3226 -0.8809
vn -0.8009 0.2360 -0.5503
vn -0.8238 0.3254 -0.4641
vn -0.7744 0.3812 -0.5049
vn -0.8311 0.4040 -0.3823
vn -0.7834 0.4609 -0.4169
vn -0.7774 0.5430 -0.3175
vn -0.6834 0.6264 -0.3748
vn -0.6971 -0.7143 0.0613
vn 0.9372 -0.0426 -0.3463
vn 0.8443 -0.2937 -0.4483
vn 0.7844 -0.4943 -0.3748
vn 0.7192 -0.6319 -0.2888
vn 0.6489 -0.7347 -0.1978
vn 0.6299 -0.7702 -0.1005
vt 0.093187 0.931780
vt 0.093187 0.943436
vt 0.093187 0.937841
vt 0.093187 0.930846
vt 0.093187 0.924858
vt 0.093187 0.923023
vt 0.093187 0.930697
vt 0.093187 0.954703
vt 0.093187 0.948526
vt 0.093187 0.941730
vt 0.093187 0.933953
vt 0.093187 0.946985
vt 0.093187 0.958118
vt 0.093187 0.949411
vt 0.093187 0.937582
vt 0.093187 0.959308
vt 0.093187 0.948874
vt 0.093187 0.940769
vt 0.093187 0.958033
vt 0.093187 0.963823
vt 0.093187 0.964471
vt 0.093187 0.964200
vt 0.093187 0.967654
vt 0.093187 0.967931
vt 0.093187 0.967774
vt 0.093187 0.971418
vt 0.093187 0.971393
vt 0.093187 0.971176
vt 0.093187 0.976060
vt 0.093187 0.975797
vt 0.093187 0.975704
vt 0.093187 0.981387
vt 0.093187 0.981161
vt 0.093187 0.981301
vt 0.093187 0.985502
vt 0.093187 0.986453
vt 0.093187 0.986826
vt 0.093187 0.991180
vt 0.093187 0.990490
vt 0.093187 0.987778
vt 0.093187 0.993039
vt 0.093187 0.989969
vt 0.093187 0.993805
vt 0.093187 0.990496
vt 0.093187 0.986394
vt 0.093187 0.992943
vt 0.093187 0.989649
vt 0.093187 0.987649
vt 0.093187 0.985286
vt 0.093187 0.982141
vt 0.093187 0.980844
vt 0.093187 0.983532
vt 0.093187 0.976652
vt 0.093187 0.975776
vt 0.093187 0.975022
vt 0.093187 0.970158
vt 0.093187 0.969969
vt 0.093187 0.970561
vt 0.093187 0.964891
vt 0.093187 0.964927
vt 0.093187 0.965521
vt 0.093187 0.955747
vt 0.093187 0.959239
vt 0.093187 0.954162
vt 0.093187 0.937703
vt 0.093187 0.925879
vt 0.093187 0.936594
vt 0.093187 0.924606
vt 0.093187 0.953823
vt 0.093187 0.939323
vt 0.093187 0.926328
vt 0.093187 0.955951
vt 0.093187 0.919901
vt 0.093187 0.921121
vt 0.093187 0.920836
vt 0.093187 0.948022
vt 0.093187 0.934952
vt 0.093187 0.927147
vt 0.093187 0.946645
vt 0.093187 0.937628
vt 0.093187 0.956449
vt 0.093187 0.960671
vt 0.093187 0.963580
vt 0.093187 0.966796
vt 0.093187 0.967761
vt 0.093187 0.965512
vt 0.093187 0.964902
vt 0.093187 0.970703
vt 0.093187 0.970996
vt 0.093187 0.971368
vt 0.093187 0.976999
vt 0.093187 0.976524
vt 0.093187 0.976949
vt 0.093187 0.971445
vt 0.093187 0.975687
vt 0.093187 0.983732
vt 0.093187 0.982207
vt 0.093187 0.980436
vt 0.093187 0.987115
vt 0.093187 0.984281
vt 0.093187 0.989715
vt 0.093187 0.984012
vt 0.093187 0.990354
vt 0.093187 0.994003
vt 0.093187 0.993095
vt 0.093187 0.995354
vt 0.093187 0.994212
vt 0.093187 0.994406
vt 0.093187 0.993555
vt 0.093187 0.991013
vt 0.093187 0.990447
vt 0.093187 0.987716
vt 0.093187 0.990050
vt 0.093187 0.990536
vt 0.093187 0.985214
vt 0.093187 0.985504
vt 0.093187 0.984662
vt 0.093187 0.984504
vt 0.093187 0.982922
vt 0.093187 0.980935
vt 0.093187 0.977455
vt 0.093187 0.976417
vt 0.093187 0.977960
vt 0.093187 0.984756
vt 0.093187 0.977916
vt 0.093187 0.984110
vt 0.093187 0.977593
vt 0.093187 0.972290
vt 0.093187 0.972551
vt 0.093187 0.972079
vt 0.093187 0.967744
vt 0.093187 0.968114
vt 0.093187 0.967589
vt 0.093187 0.971673
vt 0.093187 0.967504
vt 0.093187 0.976750
vt 0.093187 0.982616
vt 0.093187 0.963072
vt 0.093187 0.962656
vt 0.093187 0.955225
vt 0.093187 0.952879
vt 0.093187 0.945121
vt 0.093187 0.940874
vt 0.093187 0.935478
vt 0.093187 0.929855
vt 0.093187 0.927901
vt 0.093187 0.922647
vt 0.093187 0.923817
vt 0.093187 0.919663
vt 0.093187 0.918925
vt 0.093187 0.921414
vt 0.093187 0.927635
vt 0.093187 0.922747
vt 0.093187 0.929190
vt 0.093187 0.920215
vt 0.093187 0.918448
vt 0.093187 0.919616
vt 0.093187 0.919132
vt 0.093187 0.925035
vt 0.093187 0.925934
vt 0.093187 0.939296
vt 0.093187 0.940830
vt 0.093187 0.951544
vt 0.093187 0.953310
vt 0.093187 0.959853
vt 0.093187 0.961095
vt 0.093187 0.961683
vt 0.093187 0.954511
vt 0.093187 0.943292
vt 0.093187 0.961007
vt 0.093187 0.953153
vt 0.093187 0.944746
vt 0.093187 0.946806
vt 0.093187 0.936199
vt 0.093187 0.957701
vt 0.093187 0.953576
vt 0.093187 0.940466
vt 0.093187 0.938863
vt 0.093187 0.952059
vt 0.093187 0.962680
vt 0.093187 0.963296
vt 0.093187 0.964526
vt 0.093187 0.968661
vt 0.093187 0.965485
vt 0.093187 0.968920
vt 0.093187 0.965646
vt 0.093187 0.968836
vt 0.093187 0.965338
vt 0.093187 0.968606
vt 0.093187 0.964760
vt 0.093187 0.968278
vt 0.093187 0.971806
vt 0.093187 0.971576
vt 0.093187 0.975439
vt 0.093187 0.975603
vt 0.093187 0.975820
vt 0.093187 0.972061
vt 0.093187 0.972411
vt 0.093187 0.972707
vt 0.093187 0.980308
vt 0.093187 0.980285
vt 0.093187 0.980076
vt 0.093187 0.985050
vt 0.093187 0.989733
vt 0.093187 0.929360
vt 0.093187 0.962679
vt 0.093187 0.966898
vt 0.093187 0.970609
vt 0.093187 0.975226
vt 0.093187 0.980878
s 1
usemtl Material.002
f 3161/2953/3161 3166/2954/3166 3163/2955/3163 3160/2956/3160
f 3160/2956/3160 3162/2957/3162 3309/2958/3309 3161/2953/3161
f 3162/2957/3162 3160/2956/3160 3163/2955/3163 3165/2959/3165
f 3166/2954/3166 3167/2960/3167 3164/2961/3164 3163/2955/3163
f 3165/2959/3165 3163/2955/3163 3164/2961/3164 3220/2962/3220
f 3169/2963/3169 3168/2964/3168 3166/2954/3166 3161/2953/3161
f 3168/2964/3168 3170/2965/3170 3167/2960/3167 3166/2954/3166
f 3171/2966/3171 3168/2964/3168 3169/2963/3169 3173/2967/3173
f 3174/2968/3174 3170/2965/3170 3168/2964/3168 3171/2966/3171
f 3172/2969/3172 3171/2966/3171 3173/2967/3173 3294/2970/3294
f 3175/2971/3175 3174/2968/3174 3171/2966/3171 3172/2969/3172
f 3177/2972/3177 3176/2973/3176 3174/2968/3174 3175/2971/3175
f 3176/2973/3176 3178/2974/3178 3170/2965/3170 3174/2968/3174
f 3180/2975/3180 3179/2976/3179 3176/2973/3176 3177/2972/3177
f 3179/2976/3179 3181/2977/3181 3178/2974/3178 3176/2973/3176
f 3183/2978/3183 3182/2979/3182 3179/2976/3179 3180/2975/3180
f 3182/2979/3182 3184/2980/3184 3181/2977/3181 3179/2976/3179
f 3186/2981/3186 3185/2982/3185 3182/2979/3182 3183/2978/3183
f 3185/2982/3185 3187/2983/3187 3184/2980/3184 3182/2979/3182
f 3189/2984/3189 3188/2985/3188 3185/2982/3185 3186/2981/3186
f 3188/2985/3188 3190/2986/3190 3187/2983/3187 3185/2982/3185
f 3193/2987/3193 3191/2988/3191 3188/2985/3188 3189/2984/3189
f 3191/2988/3191 3192/2989/3192 3190/2986/3190 3188/2985/3188
f 3197/2990/3197 3192/2989/3192 3191/2988/3191 3194/2991/3194
f 3194/2991/3194 3191/2988/3191 3193/2987/3193 3196/2992/3196
f 3195/2993/3195 3194/2991/3194 3196/2992/3196 3364/2994/3364
f 3198/2995/3198 3197/2990/3197 3194/2991/3194 3195/2993/3195
f 3199/2996/3199 3201/2997/3201 3192/2989/3192 3197/2990/3197
f 3200/2998/3200 3199/2996/3199 3197/2990/3197 3198/2995/3198
f 3204/2999/3204 3202/3000/3202 3199/2996/3199 3200/2998/3200
f 3202/3000/3202 3203/3001/3203 3201/2997/3201 3199/2996/3199
f 3205/3002/3205 3207/3003/3207 3203/3001/3203 3202/3000/3202
f 3206/3004/3206 3205/3002/3205 3202/3000/3202 3204/2999/3204
f 3210/3005/3210 3208/3006/3208 3205/3002/3205 3206/3004/3206
f 3208/3006/3208 3209/3007/3209 3207/3003/3207 3205/3002/3205
f 3211/3008/3211 3213/3009/3213 3209/3007/3209 3208/3006/3208
f 3212/3010/3212 3211/3008/3211 3208/3006/3208 3210/3005/3210
f 3216/3011/3216 3214/3012/3214 3211/3008/3211 3212/3010/3212
f 3214/3012/3214 3215/3013/3215 3213/3009/3213 3211/3008/3211
f 3217/3014/3217 3219/3015/3219 3215/3013/3215 3214/3012/3214
f 3218/3016/3218 3217/3014/3217 3214/3012/3214 3216/3011/3216
f 3221/3017/3221 3220/2962/3220 3217/3014/3217 3218/3016/3218
f 3220/2962/3220 3164/2961/3164 3219/3015/3219 3217/3014/3217
f 3222/3018/3222 3165/2959/3165 3220/2962/3220 3221/3017/3221
f 3222/3018/3222 3221/3017/3221 3223/3019/3223 3226/3020/3226
f 3221/3017/3221 3218/3016/3218 3225/3021/3225 3223/3019/3223
f 3226/3020/3226 3223/3019/3223 3224/3022/3224 3228/3023/3228
f 3223/3019/3223 3225/3021/3225 3238/3024/3238 3224/3022/3224
f 3227/3025/3227 3226/3020/3226 3228/3023/3228 3229/3026/3229
f 3308/3027/3308 3222/3018/3222 3226/3020/3226 3227/3025/3227
f 3228/3023/3228 3224/3022/3224 3233/3028/3233 3230/3029/3230
f 3229/3026/3229 3228/3023/3228 3230/3029/3230 3231/3030/3231
f 3231/3030/3231 3230/3029/3230 3232/3031/3232 3313/3032/3313
f 3230/3029/3230 3233/3028/3233 3234/3033/3234 3232/3031/3232
f 3224/3022/3224 3238/3024/3238 3235/3034/3235 3233/3028/3233
f 3233/3028/3233 3235/3034/3235 3236/3035/3236 3234/3033/3234
f 3235/3034/3235 3237/3036/3237 3346/3037/3346 3236/3035/3236
f 3238/3024/3238 3239/3038/3239 3237/3036/3237 3235/3034/3235
f 3225/3021/3225 3240/3039/3240 3239/3038/3239 3238/3024/3238
f 3240/3039/3240 3243/3040/3243 3241/3041/3241 3239/3038/3239
f 3239/3038/3239 3241/3041/3241 3244/3042/3244 3237/3036/3237
f 3241/3041/3241 3242/3043/3242 3246/3044/3246 3244/3042/3244
f 3243/3040/3243 3254/3045/3254 3242/3043/3242 3241/3041/3241
f 3237/3036/3237 3244/3042/3244 3245/3046/3245 3346/3037/3346
f 3244/3042/3244 3246/3044/3246 3247/3047/3247 3245/3046/3245
f 3242/3043/3242 3251/3048/3251 3248/3049/3248 3246/3044/3246
f 3246/3044/3246 3248/3049/3248 3249/3050/3249 3247/3047/3247
f 3248/3049/3248 3250/3051/3250 3361/3052/3361 3249/3050/3249
f 3251/3048/3251 3252/3053/3252 3250/3051/3250 3248/3049/3248
f 3253/3054/3253 3255/3055/3255 3252/3053/3252 3251/3048/3251
f 3254/3045/3254 3253/3054/3253 3251/3048/3251 3242/3043/3242
f 3210/3005/3210 3206/3004/3206 3253/3054/3253 3254/3045/3254
f 3206/3004/3206 3204/2999/3204 3255/3055/3255 3253/3054/3253
f 3255/3055/3255 3256/3056/3256 3257/3057/3257 3252/3053/3252
f 3204/2999/3204 3200/2998/3200 3256/3056/3256 3255/3055/3255
f 3256/3056/3256 3258/3058/3258 3259/3059/3259 3257/3057/3257
f 3200/2998/3200 3198/2995/3198 3258/3058/3258 3256/3056/3256
f 3260/3060/3260 3258/3058/3258 3198/2995/3198 3195/2993/3195
f 3262/3061/3262 3259/3059/3259 3258/3058/3258 3260/3060/3260
f 3261/3062/3261 3260/3060/3260 3195/2993/3195 3364/2994/3364
f 3263/3063/3263 3262/3061/3262 3260/3060/3260 3261/3062/3261
f 3262/3061/3262 3263/3063/3263 3267/3064/3267 3264/3065/3264
f 3259/3059/3259 3262/3061/3262 3264/3065/3264 3265/3066/3265
f 3265/3066/3265 3264/3065/3264 3266/3067/3266 3358/3068/3358
f 3264/3065/3264 3267/3064/3267 3268/3069/3268 3266/3067/3266
f 3263/3063/3263 3272/3070/3272 3269/3071/3269 3267/3064/3267
f 3267/3064/3267 3269/3071/3269 3270/3072/3270 3268/3069/3268
f 3269/3071/3269 3271/3073/3271 3354/3074/3354 3270/3072/3270
f 3272/3070/3272 3273/3075/3273 3271/3073/3271 3269/3071/3269
f 3274/3076/3274 3272/3070/3272 3263/3063/3263 3261/3062/3261
f 3276/3077/3276 3273/3075/3273 3272/3070/3272 3274/3076/3274
f 3275/3078/3275 3274/3076/3274 3261/3062/3261 3364/2994/3364
f 3277/3079/3277 3276/3077/3276 3274/3076/3274 3275/3078/3275
f 3276/3077/3276 3278/3080/3278 3279/3081/3279 3273/3075/3273
f 3277/3079/3277 3281/3082/3281 3278/3080/3278 3276/3077/3276
f 3278/3080/3278 3280/3083/3280 3335/3084/3335 3279/3081/3279
f 3281/3082/3281 3282/3085/3282 3280/3083/3280 3278/3080/3278
f 3281/3082/3281 3283/3086/3283 3284/3087/3284 3282/3085/3282
f 3277/3079/3277 3285/3088/3285 3283/3086/3283 3281/3082/3281
f 3283/3086/3283 3183/2978/3183 3180/2975/3180 3284/3087/3284
f 3285/3088/3285 3186/2981/3186 3183/2978/3183 3283/3086/3283
f 3286/3089/3286 3189/2984/3189 3186/2981/3186 3285/3088/3285
f 3275/3078/3275 3286/3089/3286 3285/3088/3285 3277/3079/3277
f 3364/2994/3364 3196/2992/3196 3286/3089/3286 3275/3078/3275
f 3196/2992/3196 3193/2987/3193 3189/2984/3189 3286/3089/3286
f 3284/3087/3284 3180/2975/3180 3177/2972/3177 3287/3090/3287
f 3282/3085/3282 3284/3087/3284 3287/3090/3287 3288/3091/3288
f 3288/3091/3288 3287/3090/3287 3289/3092/3289 3290/3093/3290
f 3287/3090/3287 3177/2972/3177 3175/2971/3175 3289/3092/3289
f 3289/3092/3289 3175/2971/3175 3172/2969/3172 3291/3094/3291
f 3290/3093/3290 3289/3092/3289 3291/3094/3291 3292/3095/3292
f 3292/3095/3292 3291/3094/3291 3293/3096/3293 3295/3097/3295
f 3291/3094/3291 3172/2969/3172 3294/2970/3294 3293/3096/3293
f 3296/3098/3296 3293/3096/3293 3294/2970/3294 3173/2967/3173
f 3298/3099/3298 3295/3097/3295 3293/3096/3293 3296/3098/3296
f 3297/3100/3297 3296/3098/3296 3173/2967/3173 3169/2963/3169
f 3299/3101/3299 3298/3099/3298 3296/3098/3296 3297/3100/3297
f 3298/3099/3298 3299/3101/3299 3303/3102/3303 3300/3103/3300
f 3295/3097/3295 3298/3099/3298 3300/3103/3300 3301/3104/3301
f 3301/3104/3301 3300/3103/3300 3302/3105/3302 3329/3106/3329
f 3300/3103/3300 3303/3102/3303 3304/3107/3304 3302/3105/3302
f 3303/3102/3303 3305/3108/3305 3306/3109/3306 3304/3107/3304
f 3299/3101/3299 3307/3110/3307 3305/3108/3305 3303/3102/3303
f 3305/3108/3305 3227/3025/3227 3229/3026/3229 3306/3109/3306
f 3307/3110/3307 3308/3027/3308 3227/3025/3227 3305/3108/3305
f 3162/2957/3162 3308/3027/3308 3307/3110/3307 3309/2958/3309
f 3309/2958/3309 3307/3110/3307 3299/3101/3299 3297/3100/3297
f 3161/2953/3161 3309/2958/3309 3297/3100/3297 3169/2963/3169
f 3308/3027/3308 3162/2957/3162 3165/2959/3165 3222/3018/3222
f 3306/3109/3306 3229/3026/3229 3231/3030/3231 3310/3111/3310
f 3304/3107/3304 3306/3109/3306 3310/3111/3310 3311/3112/3311
f 3311/3112/3311 3310/3111/3310 3312/3113/3312 3314/3114/3314
f 3310/3111/3310 3231/3030/3231 3313/3032/3313 3312/3113/3312
f 3315/3115/3315 3312/3113/3312 3313/3032/3313 3232/3031/3232
f 3317/3116/3317 3314/3114/3314 3312/3113/3312 3315/3115/3315
f 3316/3117/3316 3315/3115/3315 3232/3031/3232 3234/3033/3234
f 3318/3118/3318 3317/3116/3317 3315/3115/3315 3316/3117/3316
f 3320/3119/3320 3319/3120/3319 3317/3116/3317 3318/3118/3318
f 3319/3120/3319 3321/3121/3321 3314/3114/3314 3317/3116/3317
f 3324/3122/3324 3322/3123/3322 3319/3120/3319 3320/3119/3320
f 3322/3123/3322 3323/3124/3323 3321/3121/3321 3319/3120/3319
f 3325/3125/3325 3327/3126/3327 3323/3124/3323 3322/3123/3322
f 3326/3127/3326 3325/3125/3325 3322/3123/3322 3324/3122/3324
f 3330/3128/3330 3328/3129/3328 3325/3125/3325 3326/3127/3326
f 3328/3129/3328 3329/3106/3329 3327/3126/3327 3325/3125/3325
f 3331/3130/3331 3301/3104/3301 3329/3106/3329 3328/3129/3328
f 3332/3131/3332 3331/3130/3331 3328/3129/3328 3330/3128/3330
f 3290/3093/3290 3292/3095/3292 3331/3130/3331 3332/3131/3332
f 3292/3095/3292 3295/3097/3295 3301/3104/3301 3331/3130/3331
f 3333/3132/3333 3332/3131/3332 3330/3128/3330 3334/3133/3334
f 3288/3091/3288 3290/3093/3290 3332/3131/3332 3333/3132/3333
f 3280/3083/3280 3333/3132/3333 3334/3133/3334 3335/3084/3335
f 3282/3085/3282 3288/3091/3288 3333/3132/3333 3280/3083/3280
f 3334/3133/3334 3330/3128/3330 3326/3127/3326 3336/3134/3336
f 3335/3084/3335 3334/3133/3334 3336/3134/3336 3337/3135/3337
f 3337/3135/3337 3336/3134/3336 3338/3136/3338 3339/3137/3339
f 3336/3134/3336 3326/3127/3326 3324/3122/3324 3338/3136/3338
f 3338/3136/3338 3324/3122/3324 3320/3119/3320 3340/3138/3340
f 3339/3137/3339 3338/3136/3338 3340/3138/3340 3341/3139/3341
f 3341/3139/3341 3340/3138/3340 3342/3140/3342 3343/3141/3343
f 3340/3138/3340 3320/3119/3320 3318/3118/3318 3342/3140/3342
f 3343/3141/3343 3342/3140/3342 3344/3142/3344 3345/3143/3345
f 3342/3140/3342 3318/3118/3318 3316/3117/3316 3344/3142/3344
f 3345/3143/3345 3344/3142/3344 3236/3035/3236 3346/3037/3346
f 3344/3142/3344 3316/3117/3316 3234/3033/3234 3236/3035/3236
f 3349/3144/3349 3343/3141/3343 3345/3143/3345 3347/3145/3347
f 3347/3145/3347 3345/3143/3345 3346/3037/3346 3245/3046/3245
f 3348/3146/3348 3347/3145/3347 3245/3046/3245 3247/3047/3247
f 3350/3147/3350 3349/3144/3349 3347/3145/3347 3348/3146/3348
f 3352/3148/3352 3351/3149/3351 3349/3144/3349 3350/3147/3350
f 3351/3149/3351 3341/3139/3341 3343/3141/3343 3349/3144/3349
f 3354/3074/3354 3353/3150/3353 3351/3149/3351 3352/3148/3352
f 3353/3150/3353 3339/3137/3339 3341/3139/3341 3351/3149/3351
f 3355/3151/3355 3337/3135/3337 3339/3137/3339 3353/3150/3353
f 3271/3073/3271 3355/3151/3355 3353/3150/3353 3354/3074/3354
f 3273/3075/3273 3279/3081/3279 3355/3151/3355 3271/3073/3271
f 3279/3081/3279 3335/3084/3335 3337/3135/3337 3355/3151/3355
f 3270/3072/3270 3354/3074/3354 3352/3148/3352 3356/3152/3356
f 3356/3152/3356 3352/3148/3352 3350/3147/3350 3357/3153/3357
f 3266/3067/3266 3356/3152/3356 3357/3153/3357 3358/3068/3358
f 3268/3069/3268 3270/3072/3270 3356/3152/3356 3266/3067/3266
f 3358/3068/3358 3357/3153/3357 3359/3154/3359 3360/3155/3360
f 3357/3153/3357 3350/3147/3350 3348/3146/3348 3359/3154/3359
f 3360/3155/3360 3359/3154/3359 3249/3050/3249 3361/3052/3361
f 3359/3154/3359 3348/3146/3348 3247/3047/3247 3249/3050/3249
f 3362/3156/3362 3265/3066/3265 3358/3068/3358 3360/3155/3360
f 3250/3051/3250 3362/3156/3362 3360/3155/3360 3361/3052/3361
f 3252/3053/3252 3257/3057/3257 3362/3156/3362 3250/3051/3250
f 3257/3057/3257 3259/3059/3259 3265/3066/3265 3362/3156/3362
f 3329/3106/3329 3302/3105/3302 3363/3157/3363 3327/3126/3327
f 3327/3126/3327 3363/3157/3363 3321/3121/3321 3323/3124/3323
f 3363/3157/3363 3311/3112/3311 3314/3114/3314 3321/3121/3321
f 3302/3105/3302 3304/3107/3304 3311/3112/3311 3363/3157/3363
f 3212/3010/3212 3210/3005/3210 3254/3045/3254 3243/3040/3243
f 3216/3011/3216 3212/3010/3212 3243/3040/3243 3240/3039/3240
f 3218/3016/3218 3216/3011/3216 3240/3039/3240 3225/3021/3225
f 3167/2960/3167 3365/3158/3365 3219/3015/3219 3164/2961/3164
f 3365/3158/3365 3366/3159/3366 3215/3013/3215 3219/3015/3219
f 3170/2965/3170 3178/2974/3178 3365/3158/3365 3167/2960/3167
f 3178/2974/3178 3181/2977/3181 3366/3159/3366 3365/3158/3365
f 3181/2977/3181 3184/2980/3184 3367/3160/3367 3366/3159/3366
f 3366/3159/3366 3367/3160/3367 3213/3009/3213 3215/3013/3215
f 3367/3160/3367 3368/3161/3368 3209/3007/3209 3213/3009/3213
f 3184/2980/3184 3187/2983/3187 3368/3161/3368 3367/3160/3367
f 3187/2983/3187 3190/2986/3190 3369/3162/3369 3368/3161/3368
f 3368/3161/3368 3369/3162/3369 3207/3003/3207 3209/3007/3209
f 3369/3162/3369 3201/2997/3201 3203/3001/3203 3207/3003/3207
f 3190/2986/3190 3192/2989/3192 3201/2997/3201 3369/3162/3369
